"order_id","order_date","status_raw","is_cancelled","amount","qty","state","city","category","sku","fulfilment","channel"
"402-3547933-1598701",2022-03-31,"Shipped - Delivered to Buyer",false,490,1,"Rajasthan","UDAIPUR","kurta","JNE3822-KR-L","Merchant","Amazon.in"
"404-1415044-3213110",2022-03-31,"Shipped",false,698,1,"Rajasthan","SIKAR","Set","SET268-KR-NP-XXXL","Amazon","Amazon.in"
"408-9377454-4728330",2022-03-31,"Shipped",false,324,1,"Rajasthan","PILANI TOWN","kurta","J0167-KR-L","Amazon","Amazon.in"
"171-2048357-4401959",2022-04-01,"Shipped",false,499,1,"Rajasthan","JAIPUR","Top","JNE3675-TU-M","Amazon","Amazon.in"
"171-2515774-7151503",2022-04-01,"Shipped - Returned to Seller",false,269,1,"Rajasthan","jaipur","kurta","JNE3481-KR-XL","Merchant","Amazon.in"
"171-2810334-7789939",2022-04-01,"Shipped",false,999,1,"Rajasthan","SRI GANGANAGAR","Set","J0230-SKD-M","Amazon","Amazon.in"
"171-7192607-2045927",2022-04-01,"Shipped",false,1130,1,"Rajasthan","SUJANGARH","Set","SET366-KR-NP-S","Amazon","Amazon.in"
"171-7874771-2267550",2022-04-01,"Shipped",false,561,1,"Rajasthan","JODHPUR","kurta","JNE3609-KR-XS","Amazon","Amazon.in"
"171-9100727-8871566",2022-04-01,"Shipped",false,519,1,"Rajasthan","JAIPUR","Set","J0348-SET-S","Amazon","Amazon.in"
"402-2089191-1036338",2022-04-01,"Shipped",false,537,1,"Rajasthan","JAIPUR","kurta","JNE3634-KR-XXL","Amazon","Amazon.in"
"402-4677815-2860300",2022-04-01,"Shipped - Delivered to Buyer",false,495,1,"Rajasthan","Jaipur","kurta","MEN5002-KR-XXL","Merchant","Amazon.in"
"402-6971823-8919545",2022-04-01,"Cancelled",true,537,1,"Rajasthan","JAIPUR","kurta","JNE3634-KR-XXL","Amazon","Amazon.in"
"402-7103495-1476327",2022-04-01,"Shipped - Delivered to Buyer",false,715,1,"Rajasthan","UDAIPUR","Western Dress","JNE3797-KR-S","Merchant","Amazon.in"
"403-0666543-3413955",2022-04-01,"Shipped",false,493,1,"Rajasthan","JAIPUR","Top","JNE3659-TP-N-XXL","Amazon","Amazon.in"
"403-2343722-3422767",2022-04-01,"Shipped",false,1354,1,"Rajasthan","KAPRAIN","Set","SET277-KR-NP-XXL","Amazon","Amazon.in"
"403-6555932-9597907",2022-04-01,"Shipped",false,448,1,"Rajasthan","JAIPUR","kurta","JNE3391-KR-M","Amazon","Amazon.in"
"403-7336687-4393938",2022-04-01,"Shipped",false,330,1,"Rajasthan","JAIPUR","kurta","JNE3542-KR-M","Amazon","Amazon.in"
"403-9009966-4967530",2022-04-01,"Shipped - Delivered to Buyer",false,646,1,"Rajasthan","udaipur","Set","J0003-SET-M","Merchant","Amazon.in"
"404-0044153-5125953",2022-04-01,"Shipped",false,495,1,"Rajasthan","JAIPUR","kurta","MEN5011-KR-XL","Amazon","Amazon.in"
"404-0044153-5125953",2022-04-01,"Shipped",false,495,1,"Rajasthan","JAIPUR","kurta","MEN5004-KR-L","Amazon","Amazon.in"
"404-1272803-1130764",2022-04-01,"Shipped - Delivered to Buyer",false,495,1,"Rajasthan","JAIPUR","kurta","MEN5009-KR-L","Merchant","Amazon.in"
"404-2122085-6943506",2022-04-01,"Cancelled",true,,0,"Rajasthan","RUPBAS","Set","SET268-KR-NP-S","Amazon","Amazon.in"
"404-2968944-2729919",2022-04-01,"Shipped",false,317,1,"Rajasthan","KOTA","kurta","JNE3528-KR-XXL","Amazon","Amazon.in"
"405-7171356-7245944",2022-04-01,"Shipped - Delivered to Buyer",false,791,1,"Rajasthan","BIKANER","Set","SET347-KR-NP-L","Merchant","Amazon.in"
"405-8570690-2409915",2022-04-01,"Shipped",false,899,1,"Rajasthan","SALASAR","Set","SET172-KR-PP-B-M","Amazon","Amazon.in"
"405-8570690-2409915",2022-04-01,"Shipped",false,360,1,"Rajasthan","SALASAR","Bottom","BTM047-PP-L","Amazon","Amazon.in"
"406-0276623-8853969",2022-04-01,"Shipped - Delivered to Buyer",false,730,1,"Rajasthan","JAIPUR","Set","SET183-KR-DH-M","Merchant","Amazon.in"
"406-0549725-4725903",2022-04-01,"Cancelled",true,615.24,0,"Rajasthan","JAIPUR","Set","J0003-SET-XS","Merchant","Amazon.in"
"406-0657001-9460352",2022-04-01,"Shipped",false,499,1,"Rajasthan","AJMER","Top","J0337-TP-L","Amazon","Amazon.in"
"406-1237851-5821126",2022-04-01,"Shipped - Delivered to Buyer",false,426,1,"Rajasthan","JAIPUR","kurta","PJNE2199-KR-N-6XL","Merchant","Amazon.in"
"406-1486911-9990720",2022-04-01,"Shipped",false,1298,1,"Rajasthan","BANSWARA","Set","SET394-KR-NP-L","Amazon","Amazon.in"
"406-2076284-2496324",2022-04-01,"Shipped",false,1298,1,"Rajasthan","JAIPUR","Set","SET394-KR-NP-L","Amazon","Amazon.in"
"406-2459703-5389913",2022-04-01,"Cancelled",true,1298,1,"Rajasthan","JAIPUR","Set","SET394-KR-NP-L","Amazon","Amazon.in"
"406-3115571-2298710",2022-04-01,"Shipped",false,330,1,"Rajasthan","JAIPUR","kurta","JNE2205-KR-467-A-S","Amazon","Amazon.in"
"407-3664570-1675525",2022-04-01,"Shipped",false,647,1,"Rajasthan","AJMER","Set","J0095-SET-M","Amazon","Amazon.in"
"407-3673673-5733903",2022-04-01,"Shipped",false,379,1,"Rajasthan","JAIPUR","kurta","JNE3423-KR-S","Amazon","Amazon.in"
"407-3759583-4273900",2022-04-01,"Shipped",false,672,1,"Rajasthan","KOTA","Set","SET098-KR-PP-XL","Amazon","Amazon.in"
"407-7544946-4450729",2022-04-01,"Shipped",false,449,1,"Rajasthan","NOHAR","kurta","JNE3405-KR-L","Amazon","Amazon.in"
"408-5190815-3153918",2022-04-01,"Shipped - Delivered to Buyer",false,0,1,"Rajasthan","JAIPUR","Set","SET366-KR-NP-L","Merchant","Amazon.in"
"408-8684234-7125913",2022-04-01,"Shipped",false,0,1,"Rajasthan","jodhpur","Set","SET269-KR-NP-XXXL","Amazon","Amazon.in"
"408-8861257-3669112",2022-04-01,"Shipped",false,698,1,"Rajasthan","JAIPUR","Set","SET268-KR-NP-S","Amazon","Amazon.in"
"408-9391856-1708349",2022-04-01,"Shipped",false,0,1,"Rajasthan","jodhpur","Set","SET268-KR-NP-XXXL","Amazon","Amazon.in"
"171-0896378-2367531",2022-04-02,"Cancelled",true,,0,"Rajasthan","Mundara","kurta","JNE3803-KR-M","Merchant","Amazon.in"
"171-0999004-2485122",2022-04-02,"Cancelled",true,431.43,0,"Rajasthan","Mundara","kurta","JNE3803-KR-M","Merchant","Amazon.in"
"171-1589177-3211512",2022-04-02,"Shipped",false,698,1,"Rajasthan","JAIPUR","Set","SET268-KR-NP-XL","Amazon","Amazon.in"
"171-4515790-3170744",2022-04-02,"Shipped - Delivered to Buyer",false,698,1,"Rajasthan","UDAIPUR","Set","SET268-KR-NP-M","Merchant","Amazon.in"
"402-3889248-2831566",2022-04-02,"Shipped",false,449,1,"Rajasthan","JODHPUR","kurta","JNE3405-KR-XXXL","Amazon","Amazon.in"
"402-4252581-4047561",2022-04-02,"Shipped",false,449,1,"Rajasthan","JODHPUR","kurta","JNE3405-KR-XXXL","Amazon","Amazon.in"
"402-4882087-9363551",2022-04-02,"Shipped - Delivered to Buyer",false,730,1,"Rajasthan","BANSWARA","Set","SET183-KR-DH-XS","Merchant","Amazon.in"
"402-9060960-6478708",2022-04-02,"Shipped",false,646,1,"Rajasthan","RIICO INDUSTRIAL AREA KHUSHKHERA","Set","SET339-KR-NP-XXL","Amazon","Amazon.in"
"403-0214241-7264332",2022-04-02,"Shipped",false,589,1,"Rajasthan","JODHPUR","Set","SET374-KR-NP-XS","Amazon","Amazon.in"
"403-0985348-6797142",2022-04-02,"Cancelled",true,,0,"Rajasthan","JODHPUR","Set","SET374-KR-NP-XS","Amazon","Amazon.in"
"403-1980928-5350741",2022-04-02,"Shipped",false,1481,1,"Rajasthan","KAMAN","Set","J0277-SKD-L","Amazon","Amazon.in"
"403-5545220-7726713",2022-04-02,"Cancelled",true,650.48,0,"Rajasthan","HANUMANGARH","Set","SET293-KR-NP-L","Merchant","Amazon.in"
"404-3181725-8915510",2022-04-02,"Shipped",false,542,1,"Rajasthan","FATEHPUR","Set","SET044-KR-NP-M","Amazon","Amazon.in"
"404-7913348-3381134",2022-04-02,"Shipped",false,869,1,"Rajasthan","JAIPUR","Western Dress","J0081-DR-XL","Amazon","Amazon.in"
"405-0035736-4520378",2022-04-02,"Shipped",false,698,1,"Rajasthan","UDAIPUR","Set","SET268-KR-NP-L","Amazon","Amazon.in"
"406-1125975-5139503",2022-04-02,"Shipped",false,542,1,"Rajasthan","JAIPUR","kurta","JNE3856-KR-XXXL","Amazon","Amazon.in"
"406-1391363-1396327",2022-04-02,"Shipped",false,869,1,"Rajasthan","PILANI TOWN","Western Dress","J0157-DR-XXXL","Amazon","Amazon.in"
"406-4294288-1374736",2022-04-02,"Shipped",false,481,1,"Rajasthan","DUNGARPUR","kurta","JNE3764-KR-M","Amazon","Amazon.in"
"406-4469647-2291567",2022-04-02,"Shipped - Delivered to Buyer",false,715,1,"Rajasthan","UDAIPUR","Western Dress","JNE3797-KR-S","Merchant","Amazon.in"
"406-4945904-5973122",2022-04-02,"Cancelled",true,694.29,0,"Rajasthan","JAIPUR","Set","SET110-KR-PP-S","Merchant","Amazon.in"
"406-6658643-4988327",2022-04-02,"Shipped",false,958,1,"Rajasthan","JAIPUR","Set","SET344-KR-NP-XL","Amazon","Amazon.in"
"406-7075037-5385107",2022-04-02,"Shipped - Delivered to Buyer",false,657,1,"Rajasthan","JODHPUR,osian","kurta","JNE3799-KR-M","Merchant","Amazon.in"
"407-4657852-8937108",2022-04-02,"Shipped",false,650,1,"Rajasthan","JODHPUR","Set","J0351-SET-L","Amazon","Amazon.in"
"407-5610829-0793151",2022-04-02,"Shipped",false,343,1,"Rajasthan","JAIPUR","Top","JNE3713-TP-N-XL","Amazon","Amazon.in"
"408-2098982-1147508",2022-04-02,"Shipped",false,1245,1,"Rajasthan","ABU ROAD","Set","SET378-KR-NP-XXXL","Amazon","Amazon.in"
"408-2996290-3455519",2022-04-02,"Shipped",false,698,1,"Rajasthan","RIICO INDUSTRIAL AREA NEEMRANA","Set","SET268-KR-NP-L","Amazon","Amazon.in"
"408-5460613-3137938",2022-04-02,"Shipped",false,791,1,"Rajasthan","NATHDWARA","Set","J0349-SET-L","Amazon","Amazon.in"
"408-6176681-7273942",2022-04-02,"Shipped",false,795,1,"Rajasthan","JAIPUR","Set","SET340-KR-NP-XL","Amazon","Amazon.in"
"408-7951483-1514754",2022-04-02,"Shipped",false,698,1,"Rajasthan","PUSHKAR","Set","SET268-KR-NP-XS","Amazon","Amazon.in"
"408-7951483-1514754",2022-04-02,"Shipped",false,845,1,"Rajasthan","PUSHKAR","Set","SET327-KR-DPT-S","Amazon","Amazon.in"
"408-8269281-7205921",2022-04-02,"Shipped",false,646,1,"Rajasthan","BEAWAR","Set","SET339-KR-NP-XXL","Amazon","Amazon.in"
"171-0223743-0669104",2022-04-03,"Shipped",false,1112,1,"Rajasthan","BANSWARA","Set","SET356-KR-NP-XXXL","Amazon","Amazon.in"
"171-2811949-2229160",2022-04-03,"Shipped",false,379,1,"Rajasthan","Sikar","Blouse","BL015-63PINK","Amazon","Amazon.in"
"171-4162305-0421935",2022-04-03,"Cancelled",true,,0,"Rajasthan","BANSWARA","Set","SET356-KR-NP-XXXL","Amazon","Amazon.in"
"171-8649851-6835546",2022-04-03,"Cancelled",true,431.43,0,"Rajasthan","Mundara","kurta","JNE3803-KR-M","Merchant","Amazon.in"
"402-0190178-2497164",2022-04-03,"Shipped",false,1120,1,"Rajasthan","Udaipur","Set","SET322-KR-SHA-S","Amazon","Amazon.in"
"402-1465225-2007529",2022-04-03,"Shipped",false,1576,1,"Rajasthan","RAJSAMAND","Set","J0277-SKD-M","Amazon","Amazon.in"
"402-3292667-1928362",2022-04-03,"Shipped",false,449,1,"Rajasthan","JODHPUR","kurta","JNE3405-KR-L","Amazon","Amazon.in"
"402-4045839-9078715",2022-04-03,"Shipped",false,699,1,"Rajasthan","KOTA","Set","SET383-KR-NP-M","Amazon","Amazon.in"
"402-4045839-9078715",2022-04-03,"Shipped",false,841,1,"Rajasthan","KOTA","Set","SET347-KR-NP-S","Amazon","Amazon.in"
"402-9835198-6865946",2022-04-03,"Shipped",false,469,1,"Rajasthan","KOTA","Top","J0344-TP-L","Amazon","Amazon.in"
"403-4445283-9605131",2022-04-03,"Shipped",false,790,1,"Rajasthan","UDAIPUR","Saree","SAR026","Amazon","Amazon.in"
"403-6376282-6569900",2022-04-03,"Shipped",false,563,1,"Rajasthan","JAIPUR","Set","SET291-KR-PP-M","Amazon","Amazon.in"
"404-2139717-7361110",2022-04-03,"Shipped",false,750,1,"Rajasthan","CHIRAWA","Top","J0119-TP-XXL","Amazon","Amazon.in"
"404-2706718-9344307",2022-04-03,"Shipped - Delivered to Buyer",false,452,1,"Rajasthan","JODHPUR","kurta","PJNE3364-KR-6XL","Merchant","Amazon.in"
"404-5933163-0211516",2022-04-03,"Shipped",false,499,1,"Rajasthan","AJMER","kurta","JNE2270-KR-487-A-S","Amazon","Amazon.in"
"404-8783085-5517124",2022-04-03,"Shipped - Delivered to Buyer",false,449,1,"Rajasthan","Ajmer","kurta","JNE3567-KR-L","Merchant","Amazon.in"
"404-9464226-0682731",2022-04-03,"Shipped",false,495,1,"Rajasthan","LADNUN","kurta","MEN5024-KR-M","Amazon","Amazon.in"
"405-0944381-2632341",2022-04-03,"Shipped",false,473,1,"Rajasthan","BEAWAR","Set","J0199-SET-XS","Amazon","Amazon.in"
"405-1933700-8569120",2022-04-03,"Cancelled",true,457.14,0,"Rajasthan","UDAIPUR","kurta","MEN5004-KR-XXXL","Merchant","Amazon.in"
"405-6206176-3726727",2022-04-03,"Shipped",false,473,1,"Rajasthan","JAIPUR","Set","J0350-SET-L","Amazon","Amazon.in"
"407-0198927-6646706",2022-04-03,"Shipped",false,484,1,"Rajasthan","KOTA","Top","JNE3690-TU-XS","Amazon","Amazon.in"
"407-0400994-1009133",2022-04-03,"Shipped",false,547,1,"Rajasthan","JAIPUR","kurta","MEN5025-KR-S","Amazon","Amazon.in"
"407-0754805-6558712",2022-04-03,"Shipped",false,437,1,"Rajasthan","JAIPUR","kurta","JNE3510-KR-M","Amazon","Amazon.in"
"407-5696911-9081925",2022-04-03,"Cancelled",true,750,1,"Rajasthan","CHIRAWA","Top","J0119-TP-XXL","Amazon","Amazon.in"
"407-5698764-3657913",2022-04-03,"Cancelled",true,,0,"Rajasthan","UDAIPUR","kurta","JNE3446-KR-S","Amazon","Amazon.in"
"407-6262686-9925930",2022-04-03,"Cancelled",true,,0,"Rajasthan","HANUMANGARH","Western Dress","JNE3870-DR-S","Amazon","Amazon.in"
"408-3634158-9965955",2022-04-03,"Shipped",false,678,1,"Rajasthan","Baran","Set","SET236-KR-PP-XS","Amazon","Amazon.in"
"408-4779955-1180325",2022-04-03,"Shipped",false,1249,1,"Rajasthan","AJMER","Western Dress","J0005-DR-S","Amazon","Amazon.in"
"408-5172268-7244305",2022-04-03,"Shipped",false,449,1,"Rajasthan","JAIPUR","kurta","JNE3405-KR-S","Amazon","Amazon.in"
"408-5726226-5345910",2022-04-03,"Cancelled",true,699,1,"Rajasthan","AJMER","Set","SET386-KR-NP-XXL","Amazon","Amazon.in"
"171-3881827-8889136",2022-04-04,"Shipped",false,1170,1,"Rajasthan","UDAIPUR","Set","J0077-SKD-XS","Amazon","Amazon.in"
"171-4649501-8557965",2022-04-04,"Cancelled",true,1044.64,0,"Rajasthan","UDAIPUR","Set","J0077-SKD-M","Merchant","Amazon.in"
"171-8037949-0765134",2022-04-04,"Shipped - Delivered to Buyer",false,688,1,"Rajasthan","CHURU","Set","SET375-KR-NP-XL","Merchant","Amazon.in"
"403-0199530-9696305",2022-04-04,"Shipped",false,493,1,"Rajasthan","JAIPUR","Top","JNE3659-TP-N-XXL","Amazon","Amazon.in"
"403-6134599-0389121",2022-04-04,"Shipped",false,1127,1,"Rajasthan","JALOR","Set","J0004-SKD-XXL","Amazon","Amazon.in"
"403-7454186-2001911",2022-04-04,"Shipped",false,698,1,"Rajasthan","JODHPUR","Set","SET288-KR-NP-S","Amazon","Amazon.in"
"403-7509653-9165127",2022-04-04,"Shipped",false,376,1,"Rajasthan","JAIPUR","kurta","JNE3516-KR-E-S","Amazon","Amazon.in"
"403-7509653-9165127",2022-04-04,"Shipped",false,499,1,"Rajasthan","JAIPUR","Top","J0172-TP-XS","Amazon","Amazon.in"
"404-3862776-9082766",2022-04-04,"Shipped",false,1130,1,"Rajasthan","BHIWADI","Set","SET366-KR-NP-XXXL","Amazon","Amazon.in"
"404-4272104-2222758",2022-04-04,"Shipped",false,625,1,"Rajasthan","UDAIPURudipur","Set","J0347-SET-XS","Amazon","Amazon.in"
"404-6148997-1660301",2022-04-04,"Shipped",false,657,1,"Rajasthan","UDAIPUR","Set","SET326-KR-PP-XXL","Amazon","Amazon.in"
"404-9791524-7399566",2022-04-04,"Shipped",false,1174,1,"Rajasthan","UDAIPURudipur","Ethnic Dress","J0006-SET-S","Amazon","Amazon.in"
"404-9978121-8661955",2022-04-04,"Shipped",false,1085,1,"Rajasthan","Kota","Set","SET359-KR-NP-L","Amazon","Amazon.in"
"405-3586607-4063515",2022-04-04,"Shipped",false,549,1,"Rajasthan","UDAIPUR","kurta","JNE3806-KR-L","Amazon","Amazon.in"
"405-5071266-7245927",2022-04-04,"Shipped",false,1033,1,"Rajasthan","Ajmer","Western Dress","J0341-DR-L","Amazon","Amazon.in"
"405-7137385-6130737",2022-04-04,"Shipped",false,542,1,"Rajasthan","Kota","kurta","JNE3821-KR-XXL","Amazon","Amazon.in"
"405-8454235-1876304",2022-04-04,"Shipped - Returned to Seller",false,313,1,"Rajasthan","CHIRAWA","kurta","JNE3457-KR-XL","Merchant","Amazon.in"
"406-4848479-4406755",2022-04-04,"Shipped - Delivered to Buyer",false,450,1,"Rajasthan","AJMER","Set","NW037-TP-SR-XXXL","Merchant","Amazon.in"
"406-5263231-0166757",2022-04-04,"Shipped",false,1426,1,"Rajasthan","JAIPUR","Set","SET355-KR-PP-S","Amazon","Amazon.in"
"407-0820409-0989928",2022-04-04,"Shipped",false,547,1,"Rajasthan","BAGGAR","kurta","MEN5023-KR-S","Amazon","Amazon.in"
"407-2276544-7378764",2022-04-04,"Shipped - Delivered to Buyer",false,453,1,"Rajasthan","JAIPUR","kurta","JNE3803-KR-M","Merchant","Amazon.in"
"407-3662274-6739536",2022-04-04,"Shipped",false,469,1,"Rajasthan","JAIPUR","Top","JNE3640-TP-N-L","Amazon","Amazon.in"
"408-7782600-1445111",2022-04-04,"Shipped",false,499,1,"Rajasthan","ABU ROAD","Set","NW004-TP-PJ-XXXL","Amazon","Amazon.in"
"171-1717594-7294759",2022-04-05,"Shipped",false,353,1,"Rajasthan","JHALAWAR","kurta","JNE3758-KR-XL","Amazon","Amazon.in"
"171-4429931-3765944",2022-04-05,"Cancelled",true,,0,"Rajasthan","RIICO INDUSTRIAL AREA RUPANGARH","kurta","JNE3371-KR-M","Amazon","Amazon.in"
"171-4727437-8204330",2022-04-05,"Shipped",false,627,1,"Rajasthan","Jaipur","Set","SET331-KR-NP-XL","Amazon","Amazon.in"
"171-4727437-8204330",2022-04-05,"Shipped",false,481,1,"Rajasthan","Jaipur","kurta","JNE3504-KR-XL","Amazon","Amazon.in"
"171-7852990-8176313",2022-04-05,"Shipped",false,357,1,"Rajasthan","JAIPUR","kurta","JNE3758-KR-XXL","Amazon","Amazon.in"
"402-1773906-1297116",2022-04-05,"Shipped - Delivered to Buyer",false,761,1,"Rajasthan","JAIPUR","Western Dress","JNE3797-KR-A-XS","Merchant","Amazon.in"
"402-3659431-9292366",2022-04-05,"Shipped",false,599,1,"Rajasthan","TONK","kurta","J0373-KR-XL","Amazon","Amazon.in"
"402-7287799-6379544",2022-04-05,"Shipped",false,399,1,"Rajasthan","JAIPUR","kurta","JNE3440-KR-N-L","Amazon","Amazon.in"
"403-2833874-0316355",2022-04-05,"Cancelled",true,969,1,"Rajasthan","KHERLI","Set","J0230-SKD-M","Amazon","Amazon.in"
"403-3167730-4793956",2022-04-05,"Shipped",false,698,1,"Rajasthan","BEAWAR","Set","SET288-KR-NP-XS","Amazon","Amazon.in"
"403-3627069-1557123",2022-04-05,"Shipped - Delivered to Buyer",false,930,1,"Rajasthan","SIKAR","Set","SET349-KR-NP-XXL","Merchant","Amazon.in"
"403-5121358-0151540",2022-04-05,"Shipped - Delivered to Buyer",false,359,1,"Rajasthan","KISHANGARH AJMER DISTRICT","Top","JNE3641-TP-N-XS","Merchant","Amazon.in"
"404-3061778-2231507",2022-04-05,"Shipped - Delivered to Buyer",false,825,1,"Rajasthan","ABU ROAD","Set","SET319-KR-NP-L","Merchant","Amazon.in"
"404-5085368-9425931",2022-04-05,"Shipped",false,590,1,"Rajasthan","SIKAR","Set","SET201-KR-NP-A-XXXL","Amazon","Amazon.in"
"404-5974747-6256328",2022-04-05,"Shipped",false,591,1,"Rajasthan","Pilani town","Set","J0140-SET-L","Amazon","Amazon.in"
"404-7976013-2797919",2022-04-05,"Shipped",false,788,1,"Rajasthan","KOTA","Set","SET268-KR-NP-XXL","Amazon","Amazon.in"
"404-7976013-2797919",2022-04-05,"Shipped",false,399,1,"Rajasthan","KOTA","kurta","JNE3405-KR-XXL","Amazon","Amazon.in"
"404-9690979-3778738",2022-04-05,"Cancelled",true,981.25,0,"Rajasthan","NADBAI","Set","SET358-KR-NP-S","Merchant","Amazon.in"
"404-9690979-3778738",2022-04-05,"Cancelled",true,947.62,0,"Rajasthan","NADBAI","Set","SET380-KR-NP-M","Merchant","Amazon.in"
"405-0762138-7528308",2022-04-05,"Shipped",false,571,1,"Rajasthan","JAIPUR","Set","J0020-SET-XXL","Amazon","Amazon.in"
"405-2273051-4398717",2022-04-05,"Shipped - Returned to Seller",false,1099,1,"Rajasthan","JAIPUR","Set","SET358-KR-NP-M","Merchant","Amazon.in"
"405-3775799-8233119",2022-04-05,"Shipped - Delivered to Buyer",false,648,1,"Rajasthan","Niwai","Set","SET048-KR-NP-XXXL","Merchant","Amazon.in"
"406-9890445-5734767",2022-04-05,"Shipped - Delivered to Buyer",false,912,1,"Rajasthan","UDAIPUR","Set","J0236-SKD-XXXL","Merchant","Amazon.in"
"407-0080054-6965918",2022-04-05,"Shipped - Delivered to Buyer",false,1354,1,"Rajasthan","JAIPUR","Set","SET363-KR-NP-XL","Merchant","Amazon.in"
"407-1163850-1801161",2022-04-05,"Shipped",false,666,1,"Rajasthan","Jaipur","Set","SET345-KR-NP-L","Amazon","Amazon.in"
"407-4725440-9257128",2022-04-05,"Shipped - Delivered to Buyer",false,530,1,"Rajasthan","KOTA","kurta","MEN5022-KR-XXXL","Merchant","Amazon.in"
"407-6239156-0645104",2022-04-05,"Cancelled",true,,0,"Rajasthan","ALWAR","kurta","JNE3479-KR-L","Merchant","Amazon.in"
"407-6239156-0645104",2022-04-05,"Cancelled",true,,0,"Rajasthan","ALWAR","kurta","JNE3579-KR-M","Merchant","Amazon.in"
"407-9618496-2262734",2022-04-05,"Shipped",false,424,1,"Rajasthan","JAIPUR","kurta","JNE3510-KR-XL","Amazon","Amazon.in"
"408-1891148-8501104",2022-04-05,"Cancelled",true,,0,"Rajasthan","GANGANAGAR","Western Dress","JNE3706-DR-S","Merchant","Amazon.in"
"171-2191298-3753161",2022-04-06,"Shipped - Delivered to Buyer",false,517,1,"Rajasthan","ALWAR","kurta","JNE3794-KR-XL","Merchant","Amazon.in"
"171-5752334-5897964",2022-04-06,"Shipped",false,517,1,"Rajasthan","JAIPUR","kurta","JNE3795-KR-XS","Amazon","Amazon.in"
"171-5752334-5897964",2022-04-06,"Shipped",false,1154,1,"Rajasthan","JAIPUR","Set","J0012-SKD-XS","Amazon","Amazon.in"
"171-6367916-8499508",2022-04-06,"Shipped - Delivered to Buyer",false,475,1,"Rajasthan","JODHPUR","kurta","MEN5015-KR-L","Merchant","Amazon.in"
"171-7254727-6353131",2022-04-06,"Shipped - Delivered to Buyer",false,499,1,"Rajasthan","BAGRU","kurta","JNE3753-KR-XXXL","Merchant","Amazon.in"
"171-9370116-3346721",2022-04-06,"Shipped",false,473,1,"Rajasthan","BAGRU","Western Dress","J0161-DR-XXXL","Amazon","Amazon.in"
"402-1064069-7876302",2022-04-06,"Shipped",false,824,1,"Rajasthan","BANSWARA","Set","SET269-KR-NP-XL","Amazon","Amazon.in"
"402-1160670-5085116",2022-04-06,"Shipped",false,737,1,"Rajasthan","JAIPUR","kurta","J0329-KR-XL","Amazon","Amazon.in"
"402-3501020-0682737",2022-04-06,"Cancelled",true,,0,"Rajasthan","KOTPUTLI","kurta","JNE3405-KR-L","Amazon","Amazon.in"
"402-8669059-8941913",2022-04-06,"Cancelled",true,,0,"Rajasthan","JAIPUR","Set","SET220-KR-PP-XS","Amazon","Amazon.in"
"402-9485008-2364350",2022-04-06,"Shipped - Delivered to Buyer",false,791,1,"Rajasthan","Kishangarh","Set","J0349-SET-XL","Merchant","Amazon.in"
"403-8057811-9093158",2022-04-06,"Shipped",false,295,1,"Rajasthan","JAIPUR","kurta","JNE1234-MULTI-KR-032-XL","Amazon","Amazon.in"
"403-9797794-9908335",2022-04-06,"Shipped - Delivered to Buyer",false,1213,1,"Rajasthan","Udaipur","Set","J0234-SKD-XL","Merchant","Amazon.in"
"406-1476807-8417159",2022-04-06,"Shipped",false,1146,1,"Rajasthan","JAIPUR","Set","J0230-SKD-S","Amazon","Amazon.in"
"406-4839510-0061164",2022-04-06,"Shipped - Delivered to Buyer",false,683,1,"Rajasthan","HANUMANGARH","Set","SET293-KR-NP-M","Merchant","Amazon.in"
"406-6861863-6129956",2022-04-06,"Shipped",false,517,1,"Rajasthan","BHILWARA","kurta","JNE3795-KR-XS","Amazon","Amazon.in"
"406-7411308-8515532",2022-04-06,"Shipped",false,631,1,"Rajasthan","JAIPUR","Set","SET384-KR-NP-XXXL","Amazon","Amazon.in"
"406-7883577-6297960",2022-04-06,"Shipped",false,716,1,"Rajasthan","JAIPUR","Set","SET247-KR-SHA-XS","Amazon","Amazon.in"
"407-4333527-2484308",2022-04-06,"Cancelled",true,,0,"Rajasthan","JAIPUR","kurta","JNE3405-KR-XXXL","Amazon","Amazon.in"
"407-9181151-7432332",2022-04-06,"Shipped",false,563,1,"Rajasthan","JODHPUR","Set","SET291-KR-PP-M","Amazon","Amazon.in"
"407-9652359-6439506",2022-04-06,"Shipped",false,399,1,"Rajasthan","BHIWADI","kurta","JNE3567-KR-L","Amazon","Amazon.in"
"408-1586171-0410734",2022-04-06,"Shipped",false,574,1,"Rajasthan","JAIPUR","Top","JNE3863-TU-XL","Amazon","Amazon.in"
"408-2270424-6886718",2022-04-06,"Cancelled",true,,0,"Rajasthan","Udaipur","kurta","JNE3574-KR-S","Amazon","Amazon.in"
"408-5022395-1769158",2022-04-06,"Shipped - Delivered to Buyer",false,0,1,"Rajasthan","JHALAWAR","Western Dress","JNE3797-KR-S","Merchant","Amazon.in"
"408-5567334-4179514",2022-04-06,"Shipped",false,1146,1,"Rajasthan","BIKANER","Set","J0230-SKD-L","Amazon","Amazon.in"
"408-9017508-4845901",2022-04-06,"Cancelled",true,,0,"Rajasthan","Udaipur","kurta","JNE3423-KR-M","Merchant","Amazon.in"
"408-9292915-5479510",2022-04-06,"Shipped",false,299,1,"Rajasthan","ALWAR","kurta","JNE3420-KR-L","Amazon","Amazon.in"
"171-5695560-4499522",2022-04-07,"Shipped - Delivered to Buyer",false,458,1,"Rajasthan","KOTA","kurta","MEN5010-KR-XL","Merchant","Amazon.in"
"171-6441585-8859552",2022-04-07,"Shipped - Delivered to Buyer",false,499,1,"Rajasthan","Udaipur","kurta","MEN5002-KR-XXL","Merchant","Amazon.in"
"171-8584413-8043553",2022-04-07,"Shipped - Delivered to Buyer",false,696,1,"Rajasthan","JAIPUR","Set","J0003-SET-L","Merchant","Amazon.in"
"402-3998186-4459539",2022-04-07,"Shipped",false,399,1,"Rajasthan","RATANGARH","kurta","JNE3405-KR-S","Amazon","Amazon.in"
"402-5476923-6398710",2022-04-07,"Shipped - Delivered to Buyer",false,353,1,"Rajasthan","TODARAISINGH","kurta","JNE2199-KR-411-A-M","Merchant","Amazon.in"
"402-8049286-4608332",2022-04-07,"Shipped",false,599,1,"Rajasthan","BHILWARA","Set","SET187-KR-DH-XS","Amazon","Amazon.in"
"402-8094286-8525166",2022-04-07,"Cancelled",true,,0,"Rajasthan","RATANGARH","kurta","JNE3405-KR-S","Amazon","Amazon.in"
"403-5841696-3953920",2022-04-07,"Shipped - Delivered to Buyer",false,1186,1,"Rajasthan","Udaipur","Set","J0002-SKD-XL","Merchant","Amazon.in"
"404-3046395-9676318",2022-04-07,"Shipped - Returned to Seller",false,912,1,"Rajasthan","SRI GANGANAGAR","Set","J0236-SKD-XXL","Merchant","Amazon.in"
"404-9556804-2961963",2022-04-07,"Shipped - Delivered to Buyer",false,646,1,"Rajasthan","Chomu","Set","SET339-KR-NP-L","Merchant","Amazon.in"
"404-9956521-6968345",2022-04-07,"Shipped - Delivered to Buyer",false,995,1,"Rajasthan","NADBAI","Set","SET380-KR-NP-S","Merchant","Amazon.in"
"404-9956521-6968345",2022-04-07,"Shipped - Delivered to Buyer",false,1126,1,"Rajasthan","NADBAI","Set","SET361-KR-NP-S","Merchant","Amazon.in"
"405-2388907-7970757",2022-04-07,"Shipped",false,432,1,"Rajasthan","CHIRAWA","kurta","JNE3376-KR-XXL","Amazon","Amazon.in"
"405-5656959-5663545",2022-04-07,"Shipped",false,423,1,"Rajasthan","AJMER","Top","J0111-TP-XL","Amazon","Amazon.in"
"406-9287995-7612306",2022-04-07,"Shipped",false,399,1,"Rajasthan","UDAIPUR","kurta","JNE3405-KR-L","Amazon","Amazon.in"
"408-7065176-1090740",2022-04-07,"Shipped - Delivered to Buyer",false,771,1,"Rajasthan","UDAIPUR","Western Dress","JNE3800-KR-A-XXXL","Merchant","Amazon.in"
"408-7595163-5113135",2022-04-07,"Shipped",false,459,1,"Rajasthan","AJMER","kurta","JNE3614-KR-XS","Amazon","Amazon.in"
"408-7937051-8555518",2022-04-07,"Shipped",false,399,1,"Rajasthan","KOTA","kurta","JNE3567-KR-L","Amazon","Amazon.in"
"408-7937051-8555518",2022-04-07,"Shipped",false,399,1,"Rajasthan","KOTA","kurta","JNE3405-KR-L","Amazon","Amazon.in"
"408-8857698-6661146",2022-04-07,"Shipped - Delivered to Buyer",false,1299,1,"Rajasthan","JAIPUR","Set","SET388-KR-NP-XXXL","Merchant","Amazon.in"
"171-6463153-1749942",2022-04-08,"Cancelled",true,,0,"Rajasthan","JAIPUR","Set","J0077-SKD-L","Merchant","Amazon.in"
"171-8677000-3988341",2022-04-08,"Shipped - Returned to Seller",false,692,1,"Rajasthan","JAIPUR","Set","SET293-KR-NP-XS","Merchant","Amazon.in"
"402-3547090-0699503",2022-04-08,"Shipped",false,680,1,"Rajasthan","KOTA","Set","SET389-KR-NP-S","Amazon","Amazon.in"
"402-6707235-1556367",2022-04-08,"Shipped",false,1260,1,"Rajasthan","DUNGARPUR","Set","SET388-KR-NP-S","Amazon","Amazon.in"
"402-6968602-2237166",2022-04-08,"Shipped - Returned to Seller",false,666,1,"Rajasthan","UDAIPUR","kurta","JNE3807-KR-S","Merchant","Amazon.in"
"402-8151024-1162731",2022-04-08,"Shipped",false,1556,1,"Rajasthan","AJMER","Set","J0277-SKD-XXXL","Amazon","Amazon.in"
"402-8151024-1162731",2022-04-08,"Shipped",false,1463,1,"Rajasthan","AJMER","Set","J0280-SKD-XXXL","Amazon","Amazon.in"
"403-3182182-0741167",2022-04-08,"Shipped - Delivered to Buyer",false,654,1,"Rajasthan","UDAIPUR","Set","SET339-KR-NP-XXL","Merchant","Amazon.in"
"403-4404142-9991545",2022-04-08,"Shipped",false,399,1,"Rajasthan","JAIPUR","kurta","JNE3405-KR-S","Amazon","Amazon.in"
"403-5650266-5345941",2022-04-08,"Shipped",false,1112,1,"Rajasthan","KHERLI","Set","J0230-SKD-M","Amazon","Amazon.in"
"404-0144956-9857915",2022-04-08,"Shipped",false,458,1,"Rajasthan","JAIPUR","kurta","JNE3784-KR-XXXL","Amazon","Amazon.in"
"404-1797485-3025117",2022-04-08,"Shipped",false,801,1,"Rajasthan","JAIPUR","Set","J0349-SET-S","Amazon","Amazon.in"
"404-4045577-8710719",2022-04-08,"Shipped - Delivered to Buyer",false,399,1,"Rajasthan","JODHPUR","kurta","JNE3423-KR-XL","Merchant","Amazon.in"
"404-7394809-9829912",2022-04-08,"Shipped",false,399,1,"Rajasthan","DARIBA","kurta","JNE3405-KR-L","Amazon","Amazon.in"
"405-3531176-2420307",2022-04-08,"Shipped",false,599,1,"Rajasthan","PRATAPGARH","Set","SET187-KR-DH-XL","Amazon","Amazon.in"
"405-4884655-6867514",2022-04-08,"Shipped",false,599,1,"Rajasthan","SRI GANGANAGAR","Top","JNE3673-TU-M","Amazon","Amazon.in"
"405-7036705-5132303",2022-04-08,"Shipped - Delivered to Buyer",false,574,1,"Rajasthan","SRI GANGANAGAR","Top","J0297-TP-M","Merchant","Amazon.in"
"405-8841049-1316345",2022-04-08,"Shipped",false,499,1,"Rajasthan","JAIPUR","kurta","MEN5009-KR-XL","Amazon","Amazon.in"
"405-9239323-2492328",2022-04-08,"Shipped",false,549,1,"Rajasthan","RAJSAMAND","Set","SET332-KR-PP-XXXL","Amazon","Amazon.in"
"406-9163464-3661947",2022-04-08,"Shipped - Delivered to Buyer",false,381,1,"Rajasthan","AJMER","kurta","JNE3573-KR-S","Merchant","Amazon.in"
"407-5280992-7325144",2022-04-08,"Shipped",false,329,1,"Rajasthan","RIICO INDUSTRIAL AREA RUPANGARH","kurta","JNE3371-KR-M","Amazon","Amazon.in"
"407-6194466-5702738",2022-04-08,"Shipped - Delivered to Buyer",false,969,1,"Rajasthan","SOJAT","Set","SET393-KR-NP-S","Merchant","Amazon.in"
"408-1681304-3456330",2022-04-08,"Shipped",false,493,1,"Rajasthan","JAIPUR","Top","JNE3665-TP-S","Amazon","Amazon.in"
"408-2810924-0651548",2022-04-08,"Shipped - Delivered to Buyer",false,597,1,"Rajasthan","JAIPURj","Set","SET324-KR-NP-M","Merchant","Amazon.in"
"408-3519867-2933130",2022-04-08,"Shipped - Delivered to Buyer",false,493,1,"Rajasthan","JODHPUR","Blouse","BL104-XXL","Merchant","Amazon.in"
"408-4430555-9840321",2022-04-08,"Shipped - Delivered to Buyer",false,950,1,"Rajasthan","BHILWARA","Set","J0236-SKD-XL","Merchant","Amazon.in"
"408-6164614-0857115",2022-04-08,"Shipped",false,399,1,"Rajasthan","SANCHORE","kurta","JNE3405-KR-L","Amazon","Amazon.in"
"408-8802420-7489124",2022-04-08,"Shipped - Delivered to Buyer",false,1126,1,"Rajasthan","NADBAI","Set","SET360-KR-NP-S","Merchant","Amazon.in"
"171-7194989-5145120",2022-04-09,"Shipped",false,625,1,"Rajasthan","UDAIPUR","Top","J0197-TP-XL","Amazon","Amazon.in"
"171-9877351-3505127",2022-04-09,"Cancelled",true,1033.93,0,"Rajasthan","UDAIPUR","Set","J0077-SKD-L","Merchant","Amazon.in"
"402-7900228-3486767",2022-04-09,"Shipped",false,1388,1,"Rajasthan","JODHPUR","Set","J0281-SKD-M","Amazon","Amazon.in"
"402-8980339-6813911",2022-04-09,"Shipped",false,696,1,"Rajasthan","UDAIPUR","kurta","JNE3810-KR-L","Amazon","Amazon.in"
"402-9057089-2989132",2022-04-09,"Shipped - Delivered to Buyer",false,499,1,"Rajasthan","JODHPUR","kurta","MEN5002-KR-XL","Merchant","Amazon.in"
"403-4406654-2475561",2022-04-09,"Cancelled",true,533,1,"Rajasthan","GOTHRA","kurta","MEN5022-KR-L","Amazon","Amazon.in"
"403-7655363-2714746",2022-04-09,"Shipped",false,499,1,"Rajasthan","GOTHRA","kurta","MEN5012-KR-M","Amazon","Amazon.in"
"404-4240862-5659544",2022-04-09,"Shipped",false,540,1,"Rajasthan","CHIRAWA","Top","J0119-TP-XXXL","Amazon","Amazon.in"
"404-4741895-6756320",2022-04-09,"Shipped",false,759,1,"Rajasthan","JAIPUR","Set","SET197-KR-NP-L","Amazon","Amazon.in"
"404-4955919-2381111",2022-04-09,"Shipped",false,792,1,"Rajasthan","JODHPUR","Set","SET171-KR-NP-L","Amazon","Amazon.in"
"404-5656459-4810766",2022-04-09,"Shipped",false,1115,1,"Rajasthan","JAIPUR","Set","SET398-KR-PP-L","Amazon","Amazon.in"
"404-5863364-2980321",2022-04-09,"Shipped - Delivered to Buyer",false,899,1,"Rajasthan","JAIPUR","Western Dress","J0005-DR-L","Merchant","Amazon.in"
"404-6071742-4109147",2022-04-09,"Shipped",false,613,1,"Rajasthan","UDAIPURudipur","Set","NW034-TP-PJ-XS","Amazon","Amazon.in"
"405-1064371-1125112",2022-04-09,"Shipped - Delivered to Buyer",false,368,1,"Rajasthan","JAIPUR","kurta","JNE3543-KR-XXL","Merchant","Amazon.in"
"405-1064371-1125112",2022-04-09,"Shipped - Delivered to Buyer",false,291,1,"Rajasthan","JAIPUR","kurta","JNE3761-KR-XXL","Merchant","Amazon.in"
"405-2699353-0337107",2022-04-09,"Shipped",false,399,1,"Rajasthan","JAIPUR","kurta","JNE3440-KR-N-XXL","Amazon","Amazon.in"
"405-3010417-1098708",2022-04-09,"Shipped",false,635,1,"Rajasthan","JAIPUR","Set","SET331-KR-NP-XXL","Amazon","Amazon.in"
"405-3688351-4014704",2022-04-09,"Shipped",false,493,1,"Rajasthan","UDAIPUR","Top","J0301-TP-XL","Amazon","Amazon.in"
"405-9663203-9106737",2022-04-09,"Shipped",false,399,1,"Rajasthan","JAIPUR","Top","J0088-TP-XS","Amazon","Amazon.in"
"406-2381907-7625927",2022-04-09,"Shipped",false,999,1,"Rajasthan","RAWATBHATA","Western Dress","J0106-KR-XL","Amazon","Amazon.in"
"406-4355482-3597940",2022-04-09,"Shipped - Delivered to Buyer",false,1149,1,"Rajasthan","BHARATPUR","Set","J0245-SKD-L","Merchant","Amazon.in"
"406-9960531-4035525",2022-04-09,"Shipped",false,744,1,"Rajasthan","UDAIPUR","Western Dress","J0343-DR-XL","Amazon","Amazon.in"
"407-3021258-4117122",2022-04-09,"Shipped",false,599,1,"Rajasthan","JAIPUR","Top","J0336-TP-L","Amazon","Amazon.in"
"407-6093423-3787568",2022-04-09,"Shipped",false,666,1,"Rajasthan","ANUPGARH","kurta","JNE3856-KR-L","Amazon","Amazon.in"
"408-1200865-6047517",2022-04-09,"Shipped - Delivered to Buyer",false,690,1,"Rajasthan","BHILWARA","Western Dress","JNE3710-DR-M","Merchant","Amazon.in"
"408-1936910-2397919",2022-04-09,"Shipped",false,399,1,"Rajasthan","JAIPUR","kurta","JNE3405-KR-S","Amazon","Amazon.in"
"408-4876066-3269126",2022-04-09,"Shipped",false,517,1,"Rajasthan","PILANI TOWN","kurta","JNE3554-KR-M","Amazon","Amazon.in"
"171-0357420-4252319",2022-04-10,"Cancelled",true,,0,"Rajasthan","BHIWADI","Set","SET144-KR-NP-M","Amazon","Amazon.in"
"171-1454540-2049104",2022-04-10,"Shipped - Delivered to Buyer",false,788,1,"Rajasthan","JAIPUR","Set","SET144-KR-NP-L","Merchant","Amazon.in"
"171-3961106-2189146",2022-04-10,"Shipped",false,801,1,"Rajasthan","BIKANER","Set","J0349-SET-XS","Amazon","Amazon.in"
"171-4122508-5822731",2022-04-10,"Shipped - Delivered to Buyer",false,922,1,"Rajasthan","FATEHPUR","Set","J0236-SKD-L","Merchant","Amazon.in"
"171-8505964-7622708",2022-04-10,"Shipped - Delivered to Buyer",false,487,1,"Rajasthan","BHIWADI","kurta","JNE3546-KR-M","Merchant","Amazon.in"
"171-8505964-7622708",2022-04-10,"Shipped - Delivered to Buyer",false,399,1,"Rajasthan","BHIWADI","kurta","JNE3439-KR-M","Merchant","Amazon.in"
"402-1689516-5233140",2022-04-10,"Shipped",false,788,1,"Rajasthan","JAIPUR","Set","SET144-KR-NP-XXXL","Amazon","Amazon.in"
"402-1701638-6598747",2022-04-10,"Shipped - Delivered to Buyer",false,413,1,"Rajasthan","JAIPUR","Western Dress","JNE3706-DR-L","Merchant","Amazon.in"
"402-5716532-9473908",2022-04-10,"Shipped",false,744,1,"Rajasthan","JAIPUR","Western Dress","J0338-DR-L","Amazon","Amazon.in"
"403-0650776-9985103",2022-04-10,"Shipped - Delivered to Buyer",false,790,1,"Rajasthan","PALI","Set","SET280-KR-PP-XS","Merchant","Amazon.in"
"403-3169608-0930732",2022-04-10,"Shipped - Delivered to Buyer",false,295,1,"Rajasthan","JAIPUR","kurta","JNE1234-MULTI-KR-032-M","Merchant","Amazon.in"
"403-3169608-0930732",2022-04-10,"Shipped - Delivered to Buyer",false,518,1,"Rajasthan","JAIPUR","Top","JNE3648-TP-N-S","Merchant","Amazon.in"
"403-3237335-3155529",2022-04-10,"Shipped",false,1033,1,"Rajasthan","PALI","Set","SET282-KR-PP-XS","Amazon","Amazon.in"
"403-3660668-4620312",2022-04-10,"Shipped",false,359,1,"Rajasthan","JAIPUR","Top","JNE3658-TP-XS","Amazon","Amazon.in"
"403-4828968-5061962",2022-04-10,"Shipped",false,399,1,"Rajasthan","Siriyasar Kalan ka baas","kurta","JNE3405-KR-S","Amazon","Amazon.in"
"403-7495401-0764342",2022-04-10,"Shipped",false,560,1,"Rajasthan","JAIPUR","Set","NW016-ST-SR-S","Amazon","Amazon.in"
"403-8099234-4421106",2022-04-10,"Shipped",false,788,1,"Rajasthan","JAIPUR","Set","SET268-KR-NP-S","Amazon","Amazon.in"
"403-8099234-4421106",2022-04-10,"Shipped",false,788,1,"Rajasthan","JAIPUR","Set","SET268-KR-NP-XXXL","Amazon","Amazon.in"
"403-8099234-4421106",2022-04-10,"Shipped",false,1576,2,"Rajasthan","JAIPUR","Set","SET268-KR-NP-L","Amazon","Amazon.in"
"403-9340969-0135516",2022-04-10,"Shipped",false,387,1,"Rajasthan","JAIPUR","Top","JNE3654-TP-XS","Amazon","Amazon.in"
"404-1255975-1663559",2022-04-10,"Shipped - Delivered to Buyer",false,499,1,"Rajasthan","JAISALMER","kurta","MEN5009-KR-M","Merchant","Amazon.in"
"404-1855676-4624344",2022-04-10,"Shipped - Delivered to Buyer",false,1299,1,"Rajasthan","KOTA","Set","SET388-KR-NP-XS","Merchant","Amazon.in"
"404-3064772-1600342",2022-04-10,"Shipped - Delivered to Buyer",false,788,1,"Rajasthan","RAJGARH ALWAR DISTRICT","Set","SET144-KR-NP-XXL","Merchant","Amazon.in"
"404-3927520-5225166",2022-04-10,"Shipped",false,329,1,"Rajasthan","JAIPUR","kurta","JNE3530-KR-XS","Amazon","Amazon.in"
"404-4250217-3829133",2022-04-10,"Shipped - Delivered to Buyer",false,499,1,"Rajasthan","JAISALMER","kurta","MEN5011-KR-M","Merchant","Amazon.in"
"406-1279455-1551552",2022-04-10,"Shipped - Delivered to Buyer",false,1126,1,"Rajasthan","JAIPUR","Set","SET360-KR-NP-XL","Merchant","Amazon.in"
"406-3047871-8680364",2022-04-10,"Shipped",false,399,1,"Rajasthan","KOTA","kurta","JNE3405-KR-S","Amazon","Amazon.in"
"406-6248381-1026701",2022-04-10,"Cancelled",true,635,1,"Rajasthan","JAIPUR","Set","SET331-KR-NP-XL","Amazon","Amazon.in"
"407-0461909-5951511",2022-04-10,"Cancelled",true,690.48,0,"Rajasthan","JODHPUR","kurta","JNE3801-KR-XXXL","Merchant","Amazon.in"
"407-3492180-8641914",2022-04-10,"Shipped",false,696,1,"Rajasthan","JAIPUR","Set","J0003-SET-XL","Amazon","Amazon.in"
"407-4310740-1265952",2022-04-10,"Shipped",false,759,1,"Rajasthan","Udaipur","Set","SET183-KR-DH-XXXL","Amazon","Amazon.in"
"407-6254467-2927568",2022-04-10,"Shipped",false,362,1,"Rajasthan","UDAIPUR","kurta","JNE3785-KR-M","Amazon","Amazon.in"
"407-7033145-9301913",2022-04-10,"Shipped - Delivered to Buyer",false,725,1,"Rajasthan","JHUNJHUNUN","kurta","JNE3801-KR-XL","Merchant","Amazon.in"
"407-7756259-0283504",2022-04-10,"Shipped - Delivered to Buyer",false,950,1,"Rajasthan","PALI","Set","J0236-SKD-XL","Merchant","Amazon.in"
"408-1309868-6844319",2022-04-10,"Shipped - Delivered to Buyer",false,0,1,"Rajasthan","JAIPUR","Western Dress","JNE3797-KR-A-XS","Merchant","Amazon.in"
"408-2870914-2389167",2022-04-10,"Shipped - Delivered to Buyer",false,788,1,"Rajasthan","JAIPUR","Set","SET144-KR-NP-M","Merchant","Amazon.in"
"408-2870914-2389167",2022-04-10,"Shipped - Delivered to Buyer",false,487,1,"Rajasthan","JAIPUR","kurta","JNE3546-KR-M","Merchant","Amazon.in"
"408-2870914-2389167",2022-04-10,"Shipped - Delivered to Buyer",false,399,1,"Rajasthan","JAIPUR","kurta","JNE3439-KR-M","Merchant","Amazon.in"
"408-3003520-1998712",2022-04-10,"Shipped",false,474,1,"Rajasthan","JAIPUR","kurta","JNE3817-KR-M","Amazon","Amazon.in"
"408-4015560-0425936",2022-04-10,"Shipped - Returned to Seller",false,399,1,"Rajasthan","Sagwara","kurta","JNE3439-KR-M","Merchant","Amazon.in"
"408-4015560-0425936",2022-04-10,"Shipped - Returned to Seller",false,788,1,"Rajasthan","Sagwara","Set","SET144-KR-NP-L","Merchant","Amazon.in"
"408-4015560-0425936",2022-04-10,"Shipped - Returned to Seller",false,487,1,"Rajasthan","Sagwara","kurta","JNE3546-KR-M","Merchant","Amazon.in"
"408-5239329-1980303",2022-04-10,"Shipped - Delivered to Buyer",false,521,1,"Rajasthan","JAIPUR","kurta","JNE3834-KR-S","Merchant","Amazon.in"
"408-5239329-1980303",2022-04-10,"Shipped - Delivered to Buyer",false,521,1,"Rajasthan","JAIPUR","kurta","JNE3835-KR-M","Merchant","Amazon.in"
"408-5650408-5373914",2022-04-10,"Shipped - Returned to Seller",false,1112,1,"Rajasthan","RIICO INDUSTRIAL AREA NEEMRANA","Set","J0230-SKD-XS","Merchant","Amazon.in"
"408-6632453-0145925",2022-04-10,"Shipped",false,1671,1,"Rajasthan","JAIPUR","Set","J0238-LCD-XL","Amazon","Amazon.in"
"408-9927031-2905104",2022-04-10,"Shipped",false,375,1,"Rajasthan","Kota","kurta","JNE3618-KR-M","Amazon","Amazon.in"
"408-9927031-2905104",2022-04-10,"Shipped",false,562,1,"Rajasthan","Kota","kurta","MEN5032-KR-M","Amazon","Amazon.in"
"171-1882528-4000350",2022-04-11,"Cancelled",true,375,1,"Rajasthan","BHILWARA","kurta","JNE3618-KR-M","Amazon","Amazon.in"
"171-2245202-8545166",2022-04-11,"Shipped - Delivered to Buyer",false,474,1,"Rajasthan","JHUNJHUNU","kurta","JNE3822-KR-XL","Merchant","Amazon.in"
"171-5683002-3226742",2022-04-11,"Shipped - Returned to Seller",false,825,1,"Rajasthan","KOTA","Set","SET217-KR-PP-L","Merchant","Amazon.in"
"171-7827985-7484369",2022-04-11,"Shipped",false,1133,1,"Rajasthan","ALWAR","Set","SET395-KR-NP-XS","Amazon","Amazon.in"
"171-8704719-4257133",2022-04-11,"Shipped - Delivered to Buyer",false,613,1,"Rajasthan","LACHHMANGARH","Set","NW034-TP-PJ-M","Merchant","Amazon.in"
"171-9056520-8841955",2022-04-11,"Cancelled",true,,0,"Rajasthan","LACHHMANGARH","Set","NW034-TP-PJ-M","Merchant","Amazon.in"
"402-1353336-2743504",2022-04-11,"Shipped",false,399,1,"Rajasthan","JAIPUR","kurta","JNE3405-KR-L","Amazon","Amazon.in"
"402-6421517-3904338",2022-04-11,"Shipped",false,635,1,"Rajasthan","AJMER","Set","SET374-KR-NP-XL","Amazon","Amazon.in"
"403-1043603-6309956",2022-04-11,"Cancelled",true,,0,"Rajasthan","AJMER","Set","SET366-KR-NP-L","Amazon","Amazon.in"
"403-1130175-1592300",2022-04-11,"Shipped",false,1330,2,"Rajasthan","JAIPUR","Top","J0195-TP-XXXL","Amazon","Amazon.in"
"403-1130175-1592300",2022-04-11,"Shipped",false,721,1,"Rajasthan","JAIPUR","Ethnic Dress","J0209-DR-XXXL","Amazon","Amazon.in"
"403-3287506-3741938",2022-04-11,"Cancelled",true,,0,"Rajasthan","AJMER","Set","SET366-KR-NP-L","Amazon","Amazon.in"
"403-3538035-1024354",2022-04-11,"Shipped",false,599,1,"Rajasthan","JAIPUR","Top","J0336-TP-XXXL","Amazon","Amazon.in"
"403-7325471-6172309",2022-04-11,"Shipped",false,788,1,"Rajasthan","Arnod","Set","SET268-KR-NP-XL","Amazon","Amazon.in"
"403-9995247-2928350",2022-04-11,"Shipped",false,1163,1,"Rajasthan","AJMER","Set","SET366-KR-NP-L","Amazon","Amazon.in"
"404-2345765-1785110",2022-04-11,"Shipped",false,597,1,"Rajasthan","Jaipur","Set","SET331-KR-NP-S","Amazon","Amazon.in"
"404-3319282-3197160",2022-04-11,"Shipped",false,476,1,"Rajasthan","JAIPUR","kurta","MEN5019-KR-XL","Amazon","Amazon.in"
"404-3781773-5273155",2022-04-11,"Shipped",false,788,1,"Rajasthan","JAIPUR","Set","SET110-KR-PP-M","Amazon","Amazon.in"
"404-7198664-8598714",2022-04-11,"Cancelled",true,788,1,"Rajasthan","JODHPUR","Set","SET268-KR-NP-XS","Amazon","Amazon.in"
"404-7233035-6137141",2022-04-11,"Shipped",false,540,1,"Rajasthan","Kota","Top","J0119-TP-XXXL","Amazon","Amazon.in"
"405-0892155-9847536",2022-04-11,"Shipped - Delivered to Buyer",false,635,1,"Rajasthan","JAIPUR","kurta","JNE3836-KR-XL","Merchant","Amazon.in"
"405-1701120-8587529",2022-04-11,"Cancelled",true,,0,"Rajasthan","SAWAI MADHOPUR","kurta","JNE3546-KR-XL","Amazon","Amazon.in"
"405-2785878-7224331",2022-04-11,"Shipped",false,546,1,"Rajasthan","Kishangarh (Ajmer)","Ethnic Dress","J0038-DR-XS","Amazon","Amazon.in"
"405-7153584-4306735",2022-04-11,"Shipped",false,458,1,"Rajasthan","SAWAI MADHOPUR","kurta","JNE3546-KR-XL","Amazon","Amazon.in"
"405-8725169-8463507",2022-04-11,"Shipped",false,788,1,"Rajasthan","JAIPUR","Set","SET268-KR-NP-L","Amazon","Amazon.in"
"405-9785683-3839525",2022-04-11,"Cancelled",true,517,1,"Rajasthan","JODHPUR","kurta","JNE3465-KR-XL","Amazon","Amazon.in"
"406-3528677-3229155",2022-04-11,"Shipped",false,824,1,"Rajasthan","UDAIPUR","Set","SET269-KR-NP-L","Amazon","Amazon.in"
"406-8058307-4467559",2022-04-11,"Cancelled",true,,0,"Rajasthan","JAIPUR","Set","NW034-TP-PJ-XXL","Amazon","Amazon.in"
"406-8358105-5972367",2022-04-11,"Shipped",false,824,1,"Rajasthan","JAIPUR","Set","SET269-KR-NP-XL","Amazon","Amazon.in"
"406-8761336-2400326",2022-04-11,"Shipped - Delivered to Buyer",false,824,1,"Rajasthan","UDAIPUR","Set","SET264-KR-NP-XXXL","Merchant","Amazon.in"
"406-8936832-7080327",2022-04-11,"Shipped - Returned to Seller",false,995,1,"Rajasthan","NADBAI","Set","SET380-KR-NP-M","Merchant","Amazon.in"
"406-9184688-6906737",2022-04-11,"Shipped - Returned to Seller",false,613,1,"Rajasthan","JAIPUR","Set","NW034-TP-PJ-XXXL","Merchant","Amazon.in"
"407-1742599-9441940",2022-04-11,"Shipped",false,999,1,"Rajasthan","AJMER","Set","J0010-LCD-XL","Amazon","Amazon.in"
"407-3180449-6329142",2022-04-11,"Cancelled",true,647.62,0,"Rajasthan","AJMER","Set","SET389-KR-NP-M","Merchant","Amazon.in"
"407-5300804-9397959",2022-04-11,"Shipped - Delivered to Buyer",false,654,1,"Rajasthan","UDAIPUR","Set","SET339-KR-NP-XS","Merchant","Amazon.in"
"407-9785816-0422762",2022-04-11,"Shipped - Delivered to Buyer",false,680,1,"Rajasthan","AJMER","Set","SET389-KR-NP-M","Merchant","Amazon.in"
"408-3538830-4777941",2022-04-11,"Shipped",false,1126,1,"Rajasthan","JAIPUR","Set","SET364-KR-NP-S","Amazon","Amazon.in"
"408-3553116-4827563",2022-04-11,"Shipped",false,916,1,"Rajasthan","SANCHORE","Set","SET343-KR-NP-L","Amazon","Amazon.in"
"408-4573619-9451545",2022-04-11,"Shipped - Delivered to Buyer",false,0,1,"Rajasthan","JAIPUR","kurta","JNE3405-KR-L","Merchant","Amazon.in"
"408-6056033-7755524",2022-04-11,"Shipped - Delivered to Buyer",false,455,1,"Rajasthan","Baran","Set","SET246-KR-PP-S","Merchant","Amazon.in"
"408-7921257-0326734",2022-04-11,"Shipped",false,563,1,"Rajasthan","CHITTORGARH","Set","SET291-KR-PP-M","Amazon","Amazon.in"
"408-7997468-9610736",2022-04-11,"Shipped - Delivered to Buyer",false,788,1,"Rajasthan","JAIPUR","Set","SET144-KR-NP-S","Merchant","Amazon.in"
"171-3777978-3455546",2022-04-12,"Shipped",false,1281,1,"Rajasthan","JODHPUR","Set","SET394-KR-NP-XS","Amazon","Amazon.in"
"171-6091172-3431518",2022-04-12,"Cancelled",true,801,1,"Rajasthan","Alwar","Set","SET347-KR-NP-M","Amazon","Amazon.in"
"171-6844452-3288337",2022-04-12,"Shipped - Delivered to Buyer",false,999,1,"Rajasthan","BIKANER","Set","J0376-SKD-XL","Merchant","Amazon.in"
"402-1129835-9267558",2022-04-12,"Cancelled",true,,0,"Rajasthan","JAIPUR","Set","SET319-KR-NP-S","Amazon","Amazon.in"
"402-1129835-9267558",2022-04-12,"Cancelled",true,,0,"Rajasthan","JAIPUR","Set","J0236-SKD-XS","Amazon","Amazon.in"
"402-1495645-6248343",2022-04-12,"Shipped",false,486,1,"Rajasthan","JAIPUR","kurta","JNE3465-KR-XXL","Amazon","Amazon.in"
"402-1559586-4174756",2022-04-12,"Shipped - Delivered to Buyer",false,922,1,"Rajasthan","JAIPUR","Set","J0236-SKD-XS","Merchant","Amazon.in"
"402-7163849-6357160",2022-04-12,"Shipped - Returned to Seller",false,658,1,"Rajasthan","JODHPUR","Western Dress","J0081-DR-XXXL","Merchant","Amazon.in"
"402-9365972-2257941",2022-04-12,"Shipped",false,1115,1,"Rajasthan","JAIPUR","Set","J0004-SKD-XXXL","Amazon","Amazon.in"
"403-8079606-6799503",2022-04-12,"Shipped",false,1186,1,"Rajasthan","BANSWARA","Set","SET304-KR-DPT-M","Amazon","Amazon.in"
"404-2051832-9446748",2022-04-12,"Shipped",false,635,1,"Rajasthan","JAIPUR","Set","SET331-KR-NP-XL","Amazon","Amazon.in"
"404-2406097-0070722",2022-04-12,"Shipped",false,499,1,"Rajasthan","JAIPUR","kurta","JNE3820-KR-S","Amazon","Amazon.in"
"404-2406097-0070722",2022-04-12,"Shipped",false,631,1,"Rajasthan","JAIPUR","Set","SET384-KR-NP-S","Amazon","Amazon.in"
"404-8984146-3611569",2022-04-12,"Cancelled",true,,0,"Rajasthan","Bhiwadi, Alwar","Set","SET197-KR-NP-L","Amazon","Amazon.in"
"405-0418007-4920325",2022-04-12,"Shipped",false,399,1,"Rajasthan","Pali","kurta","JNE3405-KR-XXXL","Amazon","Amazon.in"
"405-4774074-9942741",2022-04-12,"Shipped",false,974,1,"Rajasthan","NIMBAHERA","Set","SET311-KR-NP-L","Amazon","Amazon.in"
"405-5497113-3123502",2022-04-12,"Shipped",false,399,1,"Rajasthan","BHILWARA","kurta","JNE3405-KR-L","Amazon","Amazon.in"
"406-2869546-7021146",2022-04-12,"Cancelled",true,,0,"Rajasthan","NADBAI","Set","SET358-KR-NP-S","Amazon","Amazon.in"
"406-4997330-6723506",2022-04-12,"Shipped - Delivered to Buyer",false,1238,1,"Rajasthan","JAIPUR","Set","SET377-KR-NP-L","Merchant","Amazon.in"
"406-5965264-5329931",2022-04-12,"Shipped",false,599,1,"Rajasthan","JAIPUR","Set","NW005-ST-PJ-XXL","Amazon","Amazon.in"
"406-8629346-2405935",2022-04-12,"Cancelled",true,,0,"Rajasthan","BHARATPUR","kurta","MEN5032-KR-XL","Merchant","Amazon.in"
"406-9622079-6413136",2022-04-12,"Shipped - Delivered to Buyer",false,549,1,"Rajasthan","BHARATPUR","kurta","MEN5023-KR-XL","Merchant","Amazon.in"
"407-1388772-0703516",2022-04-12,"Shipped - Delivered to Buyer",false,549,1,"Rajasthan","BAGGAR","kurta","MEN5023-KR-M","Merchant","Amazon.in"
"407-4166762-0677156",2022-04-12,"Shipped",false,574,1,"Rajasthan","JAIPUR","Top","J0342-TP-XL","Amazon","Amazon.in"
"407-5771983-6473156",2022-04-12,"Shipped",false,590,1,"Rajasthan","NAGAUR","Set","NW022-TP-PJ-M","Amazon","Amazon.in"
"407-8863009-7029160",2022-04-12,"Shipped - Returned to Seller",false,496,1,"Rajasthan","NAGAUR","Set","NW004-TP-PJ-M","Merchant","Amazon.in"
"407-8863009-7029160",2022-04-12,"Shipped - Returned to Seller",false,613,1,"Rajasthan","NAGAUR","Set","NW027-TP-PJ-M","Merchant","Amazon.in"
"407-8863009-7029160",2022-04-12,"Shipped - Returned to Seller",false,582,1,"Rajasthan","NAGAUR","Set","NW030-TP-PJ-M","Merchant","Amazon.in"
"408-1482595-9961958",2022-04-12,"Shipped - Delivered to Buyer",false,499,1,"Rajasthan","JAIPUR","kurta","MEN5002-KR-XL","Merchant","Amazon.in"
"408-9285338-0178748",2022-04-12,"Shipped - Delivered to Buyer",false,968,1,"Rajasthan","JAIPUR","Set","SET344-KR-NP-XL","Merchant","Amazon.in"
"171-0537481-9090710",2022-04-13,"Shipped - Delivered to Buyer",false,1149,1,"Rajasthan","Jaipur","Set","J0108-SKD-L","Merchant","Amazon.in"
"171-9327145-3828343",2022-04-13,"Shipped",false,548,1,"Rajasthan","JAIPUR","Set","SET209-KR-PP-XS","Amazon","Amazon.in"
"402-0117826-7064345",2022-04-13,"Shipped",false,518,1,"Rajasthan","JAIPUR","kurta","JNE2270-KR-487-A-XXL","Amazon","Amazon.in"
"402-3772304-2678766",2022-04-13,"Shipped",false,788,1,"Rajasthan","Bhiwadi","Set","SET268-KR-NP-XXXL","Amazon","Amazon.in"
"402-7849157-7939527",2022-04-13,"Shipped",false,715,1,"Rajasthan","JAIPUR","Set","SET145-KR-NP-M","Amazon","Amazon.in"
"403-2343619-5412349",2022-04-13,"Cancelled",true,600.95,0,"Rajasthan","UDAIPUR","Set","SET386-KR-NP-XL","Merchant","Amazon.in"
"403-3643837-1139519",2022-04-13,"Shipped - Delivered to Buyer",false,357,1,"Rajasthan","JAIPUR","kurta","JNE3758-KR-XXXL","Merchant","Amazon.in"
"403-3802705-1056306",2022-04-13,"Shipped",false,474,1,"Rajasthan","Jaipur","kurta","JNE3817-KR-S","Amazon","Amazon.in"
"403-4825959-7407553",2022-04-13,"Shipped",false,523,1,"Rajasthan","BIKANER","Top","J0124-TP-XXL","Amazon","Amazon.in"
"403-6947456-1979535",2022-04-13,"Shipped - Delivered to Buyer",false,631,1,"Rajasthan","JAIPUR","Set","SET384-KR-NP-M","Merchant","Amazon.in"
"403-8371476-9725129",2022-04-13,"Shipped",false,526,1,"Rajasthan","JAIPUR","kurta","JNE3821-KR-S","Amazon","Amazon.in"
"404-3422020-9730753",2022-04-13,"Cancelled",true,358.1,0,"Rajasthan","JAIPUR","kurta","JNE3365-KR-1052-A-L","Merchant","Amazon.in"
"404-3651465-8900301",2022-04-13,"Shipped",false,399,1,"Rajasthan","NEEM KA THANA","kurta","JNE3405-KR-L","Amazon","Amazon.in"
"404-5301442-7849910",2022-04-13,"Shipped - Delivered to Buyer",false,845,1,"Rajasthan","UDAIPURudipur","Ethnic Dress","J0006-SET-S","Merchant","Amazon.in"
"404-5523711-3565957",2022-04-13,"Shipped",false,399,1,"Rajasthan","JHALAWAR","kurta","JNE3405-KR-XS","Amazon","Amazon.in"
"404-5791494-6727552",2022-04-13,"Shipped",false,399,1,"Rajasthan","SIKAR","kurta","JNE3405-KR-XXL","Amazon","Amazon.in"
"404-6076495-1052322",2022-04-13,"Shipped",false,791,1,"Rajasthan","Jaipur","Ethnic Dress","J0212-DR-XL","Amazon","Amazon.in"
"404-6216569-5358738",2022-04-13,"Shipped",false,759,1,"Rajasthan","CHHABRA","Set","SET197-KR-NP-M","Amazon","Amazon.in"
"404-6348673-5644316",2022-04-13,"Shipped",false,725,1,"Rajasthan","JAIPUR","Western Dress","JNE3797-KR-L","Amazon","Amazon.in"
"404-8000681-5521951",2022-04-13,"Cancelled",true,,0,"Rajasthan","KOTA","Set","SET323-KR-NP-M","Merchant","Amazon.in"
"404-8601560-0575542",2022-04-13,"Shipped - Delivered to Buyer",false,376,1,"Rajasthan","JAIPUR","kurta","JNE3365-KR-1052-A-L","Merchant","Amazon.in"
"405-0687796-5129906",2022-04-13,"Shipped",false,744,1,"Rajasthan","ALWAR","Western Dress","J0339-DR-M","Amazon","Amazon.in"
"405-4335549-5652323",2022-04-13,"Cancelled",true,,0,"Rajasthan","JODHPUR","kurta","MEN5032-KR-XXL","Merchant","Amazon.in"
"405-8250164-6776335",2022-04-13,"Shipped",false,399,1,"Rajasthan","SIROHI","kurta","JNE3613-KR-S","Amazon","Amazon.in"
"405-8853520-8989947",2022-04-13,"Shipped",false,654,1,"Rajasthan","Surajgarh","Set","J0003-SET-S","Amazon","Amazon.in"
"405-8962735-3657107",2022-04-13,"Shipped",false,357,1,"Rajasthan","Neemkathana sikar","kurta","JNE1906-KR-031-M","Amazon","Amazon.in"
"405-9395672-4644350",2022-04-13,"Shipped",false,471,1,"Rajasthan","SURATGARH","kurta","JNE3368-KR-XXXL","Amazon","Amazon.in"
"405-9832878-3573955",2022-04-13,"Shipped",false,626,1,"Rajasthan","UDAIPUR","Set","SET345-KR-NP-XL","Amazon","Amazon.in"
"406-3597855-9826751",2022-04-13,"Shipped",false,635,1,"Rajasthan","JAIPUR","Set","SET324-KR-NP-XL","Amazon","Amazon.in"
"406-4818710-8165121",2022-04-13,"Shipped",false,1432,1,"Rajasthan","JAIPUR","Set","SET278-KR-NP-L","Amazon","Amazon.in"
"406-5944172-2758716",2022-04-13,"Shipped - Delivered to Buyer",false,368,1,"Rajasthan","JAIPUR","kurta","JNE3543-KR-L","Merchant","Amazon.in"
"406-6734099-0609144",2022-04-13,"Cancelled",true,380,0,"Rajasthan","BALOTRA","kurta","JNE3568-KR-M","Merchant","Amazon.in"
"406-8746997-2349934",2022-04-13,"Shipped",false,518,1,"Rajasthan","UDAIPUR","kurta","JNE2270-KR-487-A-XXL","Amazon","Amazon.in"
"407-2629395-2761131",2022-04-13,"Shipped",false,499,1,"Rajasthan","ALWAR","Set","SET232-KR-PP-L","Amazon","Amazon.in"
"407-4575294-3874703",2022-04-13,"Shipped",false,399,1,"Rajasthan","UDAIPUR","kurta","JNE3440-KR-N-L","Amazon","Amazon.in"
"407-8525204-2346732",2022-04-13,"Shipped",false,435,1,"Rajasthan","Jaipur","kurta","JNE3399-KR-M","Amazon","Amazon.in"
"407-8525204-2346732",2022-04-13,"Shipped",false,342,1,"Rajasthan","Jaipur","kurta","JNE3522-KR-M","Amazon","Amazon.in"
"407-9492126-1050730",2022-04-13,"Shipped",false,399,1,"Rajasthan","Jodhpur","kurta","JNE3405-KR-XXL","Amazon","Amazon.in"
"408-2550782-4324311",2022-04-13,"Shipped",false,471,1,"Rajasthan","Jaipur","kurta","JNE3368-KR-S","Amazon","Amazon.in"
"171-1179502-3121123",2022-04-14,"Shipped - Delivered to Buyer",false,692,1,"Rajasthan","UDAIPUR","Set","SET293-KR-NP-L","Merchant","Amazon.in"
"171-3829425-8062723",2022-04-14,"Shipped",false,995,1,"Rajasthan","Dungarpur","Set","SET380-KR-NP-M","Amazon","Amazon.in"
"402-2296496-4347513",2022-04-14,"Shipped",false,788,1,"Rajasthan","JAIPUR","Set","SET144-KR-NP-XS","Amazon","Amazon.in"
"402-4096152-2413152",2022-04-14,"Shipped",false,612,1,"Rajasthan","Pushkar","Set","SET273-KR-NP-S","Amazon","Amazon.in"
"402-4156011-6469958",2022-04-14,"Shipped - Delivered to Buyer",false,1432,1,"Rajasthan","JAIPUR","Set","SET278-KR-NP-S","Merchant","Amazon.in"
"402-4201868-3425166",2022-04-14,"Shipped - Delivered to Buyer",false,1115,1,"Rajasthan","JAIPUR","Set","SET397-KR-NP-XS","Merchant","Amazon.in"
"402-6387794-1931566",2022-04-14,"Cancelled",true,612,1,"Rajasthan","AJMER","Set","SET273-KR-NP-M","Amazon","Amazon.in"
"402-7732060-3961138",2022-04-14,"Shipped",false,1432,1,"Rajasthan","NAGAUR","Set","SET278-KR-NP-M","Amazon","Amazon.in"
"403-0191774-8885973",2022-04-14,"Shipped - Delivered to Buyer",false,478,1,"Rajasthan","JAIPUR","Set","J0346-SET-XL","Merchant","Amazon.in"
"403-0980631-0991529",2022-04-14,"Shipped - Delivered to Buyer",false,295,1,"Rajasthan","JAIPUR","kurta","JNE1234-MULTI-KR-032-S","Merchant","Amazon.in"
"403-2864385-2839541",2022-04-14,"Shipped - Delivered to Buyer",false,899,1,"Rajasthan","JODHPUR","Western Dress","J0005-DR-XXL","Merchant","Amazon.in"
"403-3784470-7502747",2022-04-14,"Shipped",false,399,1,"Rajasthan","JAIPUR","kurta","JNE3405-KR-XXXL","Amazon","Amazon.in"
"403-3784470-7502747",2022-04-14,"Shipped",false,788,1,"Rajasthan","JAIPUR","Set","SET268-KR-NP-S","Amazon","Amazon.in"
"403-3784470-7502747",2022-04-14,"Shipped",false,788,1,"Rajasthan","JAIPUR","Set","SET268-KR-NP-L","Amazon","Amazon.in"
"403-3784470-7502747",2022-04-14,"Shipped",false,487,1,"Rajasthan","JAIPUR","kurta","JNE3435-KR-L","Amazon","Amazon.in"
"403-4512289-0221125",2022-04-14,"Shipped - Delivered to Buyer",false,752,2,"Rajasthan","HINDAUN","kurta","JNE1233-BLUE-KR-031-XXXL","Merchant","Amazon.in"
"403-6342198-5489938",2022-04-14,"Shipped",false,597,1,"Rajasthan","JODHPUR","Set","SET324-KR-NP-XXL","Amazon","Amazon.in"
"403-6596640-2722744",2022-04-14,"Shipped",false,788,1,"Rajasthan","JAIPUR","Set","SET268-KR-NP-L","Amazon","Amazon.in"
"403-7562150-0321133",2022-04-14,"Shipped - Delivered to Buyer",false,399,1,"Rajasthan","JODHPUR","kurta","JNE3405-KR-S","Merchant","Amazon.in"
"403-9878364-1245930",2022-04-14,"Shipped - Returned to Seller",false,399,1,"Rajasthan","JAIPUR","kurta","JNE3568-KR-XS","Merchant","Amazon.in"
"404-0489526-4318716",2022-04-14,"Shipped - Delivered to Buyer",false,399,1,"Rajasthan","SUJANGARH","kurta","JNE3405-KR-M","Merchant","Amazon.in"
"404-1693423-6693130",2022-04-14,"Shipped",false,791,1,"Rajasthan","Jaipur","Western Dress","J0399-DR-S","Amazon","Amazon.in"
"404-1898476-2863546",2022-04-14,"Shipped - Delivered to Buyer",false,299,1,"Rajasthan","JAIPUR","kurta","JNE3700-KR-S","Merchant","Amazon.in"
"404-3091472-6549126",2022-04-14,"Shipped",false,824,1,"Rajasthan","BHIWADI","Set","SET073-KR-SHA-XL","Amazon","Amazon.in"
"404-4274347-1221921",2022-04-14,"Shipped",false,574,1,"Rajasthan","DUNGARPUR","Top","J0297-TP-S","Amazon","Amazon.in"
"404-6641480-4109161",2022-04-14,"Shipped",false,612,1,"Rajasthan","JAIPUR","Set","SET044-KR-NP-L","Amazon","Amazon.in"
"405-0601191-2685913",2022-04-14,"Shipped",false,1281,1,"Rajasthan","AJMER","Set","SET394-KR-NP-L","Amazon","Amazon.in"
"405-3110377-0197956",2022-04-14,"Shipped",false,685,1,"Rajasthan","UDAIPUR","kurta","JNE3160-KR-G-XL","Amazon","Amazon.in"
"405-8825636-2337922",2022-04-14,"Shipped",false,744,1,"Rajasthan","ALWAR","Western Dress","J0341-DR-M","Amazon","Amazon.in"
"405-9771911-4569967",2022-04-14,"Shipped",false,583,1,"Rajasthan","JAIPUR","Set","J0147-SET-XL","Amazon","Amazon.in"
"406-3190245-8800369",2022-04-14,"Shipped",false,833,1,"Rajasthan","JAIPUR","Western Dress","JNE3709-DR-XS","Amazon","Amazon.in"
"406-4794140-8979551",2022-04-14,"Cancelled",true,399,1,"Rajasthan","JHUNJHUNU","kurta","JNE3440-KR-N-L","Amazon","Amazon.in"
"406-6435739-6467510",2022-04-14,"Shipped",false,471,1,"Rajasthan","GOTHRA","kurta","JNE3368-KR-S","Amazon","Amazon.in"
"406-9134004-1993119",2022-04-14,"Shipped",false,666,1,"Rajasthan","BEAWAR","kurta","JNE3856-KR-XXL","Amazon","Amazon.in"
"407-0105122-9492306",2022-04-14,"Shipped",false,442,1,"Rajasthan","Churu","kurta","JNE3291-KR-XXL","Amazon","Amazon.in"
"407-5504229-8205942",2022-04-14,"Cancelled",true,376,1,"Rajasthan","JAIPUR","kurta","JNE3373-KR-M","Amazon","Amazon.in"
"407-6058194-8077931",2022-04-14,"Cancelled",true,,0,"Rajasthan","BHILWARA","kurta","JNE3368-KR-XS","Amazon","Amazon.in"
"407-6816284-1426726",2022-04-14,"Shipped",false,376,1,"Rajasthan","JAIPUR","kurta","JNE3373-KR-M","Amazon","Amazon.in"
"407-8350423-6763560",2022-04-14,"Cancelled",true,,0,"Rajasthan","UDAIPUR","Set","J0003-SET-XS","Amazon","Amazon.in"
"408-0114658-9828314",2022-04-14,"Cancelled",true,,0,"Rajasthan","UDAIPUR","Set","J0003-SET-S","Merchant","Amazon.in"
"408-3427068-2348300",2022-04-14,"Shipped",false,824,1,"Rajasthan","JAIPUR","Set","SET073-KR-SHA-L","Amazon","Amazon.in"
"408-5178617-5827514",2022-04-14,"Shipped",false,824,1,"Rajasthan","BORAWAR","Set","SET073-KR-SHA-M","Amazon","Amazon.in"
"408-8032411-4332318",2022-04-14,"Shipped - Delivered to Buyer",false,1299,1,"Rajasthan","Kota","Set","SET388-KR-NP-XXXL","Merchant","Amazon.in"
"171-0753136-9184354",2022-04-15,"Shipped",false,660,1,"Rajasthan","SAWAI MADHOPUR","Set","J0041-SET-M","Amazon","Amazon.in"
"171-1929010-3334715",2022-04-15,"Shipped",false,399,1,"Rajasthan","BHILWARA","kurta","JNE3405-KR-XS","Amazon","Amazon.in"
"171-2348085-9777951",2022-04-15,"Shipped - Returned to Seller",false,888,1,"Rajasthan","SAWAI MADHOPUR","Set","SET279-LC-M","Merchant","Amazon.in"
"171-3251985-4249954",2022-04-15,"Shipped - Delivered to Buyer",false,922,1,"Rajasthan","JODHPUR","Set","J0236-SKD-XXL","Merchant","Amazon.in"
"171-8767297-1801954",2022-04-15,"Shipped - Delivered to Buyer",false,399,1,"Rajasthan","BHILWARA","kurta","JNE3439-KR-S","Merchant","Amazon.in"
"171-9977359-0535535",2022-04-15,"Shipped - Returned to Seller",false,613,1,"Rajasthan","JALOR","Set","NW034-TP-PJ-XL","Merchant","Amazon.in"
"402-0033319-0417924",2022-04-15,"Shipped",false,563,1,"Rajasthan","jaipur","Set","SET291-KR-PP-L","Amazon","Amazon.in"
"402-0871592-9579505",2022-04-15,"Shipped",false,399,1,"Rajasthan","JAIPUR","kurta","JNE3567-KR-XL","Amazon","Amazon.in"
"402-2124477-4564338",2022-04-15,"Shipped - Delivered to Buyer",false,654,1,"Rajasthan","NATHDWARA","Set","J0003-SET-S","Merchant","Amazon.in"
"402-3069024-9889166",2022-04-15,"Shipped",false,523,1,"Rajasthan","AJMER","Set","NW015-TP-PJ-S","Amazon","Amazon.in"
"402-4974677-2865964",2022-04-15,"Shipped",false,399,1,"Rajasthan","JHALAWAR","kurta","JNE3405-KR-M","Amazon","Amazon.in"
"402-9869857-7104323",2022-04-15,"Cancelled",true,604.76,0,"Rajasthan","BIKANER","kurta","J0352-KR-M","Merchant","Amazon.in"
"403-1287464-4743540",2022-04-15,"Cancelled",true,,0,"Rajasthan","UDAIPUR","Set","SET281-KR-PP-XXL","Merchant","Amazon.in"
"403-1996443-3797907",2022-04-15,"Shipped",false,1432,1,"Rajasthan","LACHHMANGARH","Set","SET278-KR-NP-M","Amazon","Amazon.in"
"403-2021072-3789150",2022-04-15,"Shipped",false,1388,1,"Rajasthan","JODHPUR","Set","J0281-SKD-XL","Amazon","Amazon.in"
"403-2947530-5349102",2022-04-15,"Cancelled",true,856.19,0,"Rajasthan","Rampura Beri","Western Dress","J0005-DR-L","Merchant","Amazon.in"
"403-7118825-8702738",2022-04-15,"Shipped",false,744,1,"Rajasthan","Jaipur","Western Dress","J0341-DR-M","Amazon","Amazon.in"
"403-7264145-3567526",2022-04-15,"Cancelled",true,652.38,0,"Rajasthan","JAIPUR","kurta","JNE3160-KR-G-XL","Merchant","Amazon.in"
"403-7974793-2273959",2022-04-15,"Shipped",false,376,1,"Rajasthan","JAIPUR","kurta","JNE3366-KR-1053-S","Amazon","Amazon.in"
"404-3475802-2923552",2022-04-15,"Shipped",false,824,1,"Rajasthan","JAIPUR","Set","SET073-KR-SHA-XXXL","Amazon","Amazon.in"
"404-3680431-8192300",2022-04-15,"Cancelled",true,,0,"Rajasthan","merta city","Set","J0351-SET-S","Amazon","Amazon.in"
"404-4271597-9766758",2022-04-15,"Shipped",false,1299,1,"Rajasthan","SRI GANGANAGAR","Set","SET378-KR-NP-XXL","Amazon","Amazon.in"
"404-8848615-2164349",2022-04-15,"Shipped",false,574,1,"Rajasthan","UDAIPUR","Top","J0113-TP-M","Amazon","Amazon.in"
"405-3160113-3461945",2022-04-15,"Shipped",false,1299,1,"Rajasthan","BHARATPUR","Set","J0233-SKD-M","Amazon","Amazon.in"
"405-4468383-6994729",2022-04-15,"Shipped",false,399,1,"Rajasthan","JALOR","kurta","JNE3405-KR-M","Amazon","Amazon.in"
"405-6266429-7671545",2022-04-15,"Shipped - Delivered to Buyer",false,551,1,"Rajasthan","Bhiwadi","Set","SET257-KR-PP-XS","Merchant","Amazon.in"
"405-8755984-0307537",2022-04-15,"Shipped - Delivered to Buyer",false,771,1,"Rajasthan","VIJAINAGAR AJMER DISTRICT","Set","J0351-SET-L","Merchant","Amazon.in"
"406-0211114-5502770",2022-04-15,"Shipped",false,399,1,"Rajasthan","BALOTRA","kurta","JNE3405-KR-M","Amazon","Amazon.in"
"406-1462959-0182715",2022-04-15,"Shipped",false,654,1,"Rajasthan","ALWAR","Set","J0003-SET-XXL","Amazon","Amazon.in"
"406-2414403-8373960",2022-04-15,"Shipped",false,582,1,"Rajasthan","JAIPUR","Set","NW008-ST-CP-L","Amazon","Amazon.in"
"407-2064178-3430764",2022-04-15,"Shipped",false,499,1,"Rajasthan","JAIPUR","kurta","JNE3818-KR-L","Amazon","Amazon.in"
"407-3172379-9641164",2022-04-15,"Shipped",false,376,1,"Rajasthan","Saganer","kurta","JNE3373-KR-M","Amazon","Amazon.in"
"407-8361131-8501960",2022-04-15,"Shipped - Delivered to Buyer",false,685,1,"Rajasthan","JAIPUR","kurta","JNE3160-KR-G-XL","Merchant","Amazon.in"
"407-9741097-7099519",2022-04-15,"Cancelled",true,376,1,"Rajasthan","Saganer","kurta","JNE3373-KR-M","Amazon","Amazon.in"
"407-9967977-1780338",2022-04-15,"Shipped - Delivered to Buyer",false,631,1,"Rajasthan","JAIPUR","Set","SET383-KR-NP-M","Merchant","Amazon.in"
"408-0544065-4334763",2022-04-15,"Shipped",false,725,1,"Rajasthan","JODHPUR","Western Dress","JNE3798-KR-M","Amazon","Amazon.in"
"408-0951966-0732345",2022-04-15,"Shipped",false,329,1,"Rajasthan","BHIWADI","kurta","JNE2205-KR-467-A-S","Amazon","Amazon.in"
"408-1286613-7882764",2022-04-15,"Shipped",false,563,1,"Rajasthan","SRI GANGANAGAR","Top","J0340-TP-L","Amazon","Amazon.in"
"408-8734128-8489154",2022-04-15,"Cancelled",true,,0,"Rajasthan","JAIPUR","kurta","JNE2305-KR-533-M","Amazon","Amazon.in"
"408-9436599-0865964",2022-04-15,"Shipped - Delivered to Buyer",false,0,1,"Rajasthan","BHIWADI","kurta","JNE3546-KR-L","Merchant","Amazon.in"
"171-7258319-0800315",2022-04-16,"Cancelled",true,599,1,"Rajasthan","BHIWADI","Set","SET351-KR-NP-XXL","Amazon","Amazon.in"
"171-7631638-7822755",2022-04-16,"Shipped",false,475,1,"Rajasthan","Jaipur","kurta","MEN5015-KR-XL","Amazon","Amazon.in"
"171-7631638-7822755",2022-04-16,"Shipped",false,484,1,"Rajasthan","Jaipur","kurta","MEN5004-KR-XXL","Amazon","Amazon.in"
"402-0526294-2343548",2022-04-16,"Shipped",false,376,1,"Rajasthan","JAIPUR","kurta","JNE3366-KR-1053-XXXL","Amazon","Amazon.in"
"402-0969853-1369102",2022-04-16,"Shipped",false,725,1,"Rajasthan","JAISALMER","Western Dress","JNE3797-KR-L","Amazon","Amazon.in"
"402-1069395-3497959",2022-04-16,"Shipped",false,1112,1,"Rajasthan","JAIPUR","Set","J0230-SKD-M","Amazon","Amazon.in"
"402-1198942-4912343",2022-04-16,"Cancelled",true,350.48,0,"Rajasthan","SIKAR","kurta","JNE3543-KR-M","Merchant","Amazon.in"
"402-1198942-4912343",2022-04-16,"Cancelled",true,463.81,0,"Rajasthan","SIKAR","kurta","JNE3787-KR-M","Merchant","Amazon.in"
"402-3431305-4575513",2022-04-16,"Shipped",false,493,1,"Rajasthan","Pilani","Top","J0301-TP-L","Amazon","Amazon.in"
"402-4902574-9345906",2022-04-16,"Cancelled",true,463.81,0,"Rajasthan","SIKAR","kurta","JNE3787-KR-M","Merchant","Amazon.in"
"402-6293274-4465912",2022-04-16,"Shipped",false,788,1,"Rajasthan","SWAROOPGANJ","Set","SET144-KR-NP-M","Amazon","Amazon.in"
"402-6487120-7863546",2022-04-16,"Cancelled",true,350.48,0,"Rajasthan","SIKAR","kurta","JNE3543-KR-M","Merchant","Amazon.in"
"402-6487120-7863546",2022-04-16,"Cancelled",true,463.81,0,"Rajasthan","SIKAR","kurta","JNE3787-KR-M","Merchant","Amazon.in"
"402-7344187-8053155",2022-04-16,"Shipped",false,654,1,"Rajasthan","JAIPUR","Set","J0003-SET-XXXL","Amazon","Amazon.in"
"402-8035340-9428342",2022-04-16,"Shipped - Delivered to Buyer",false,487,1,"Rajasthan","JAIPUR","kurta","JNE3787-KR-M","Merchant","Amazon.in"
"403-2426266-8799513",2022-04-16,"Shipped",false,399,1,"Rajasthan","JAIPUR","kurta","JNE3405-KR-M","Amazon","Amazon.in"
"403-2426266-8799513",2022-04-16,"Shipped",false,788,1,"Rajasthan","JAIPUR","Set","SET268-KR-NP-XXXL","Amazon","Amazon.in"
"403-3600897-9353901",2022-04-16,"Shipped - Delivered to Buyer",false,518,1,"Rajasthan","JODHPUR","Top","JNE3712-TP-N-S","Merchant","Amazon.in"
"404-0213977-5385940",2022-04-16,"Shipped - Delivered to Buyer",false,487,1,"Rajasthan","JAIPUR","kurta","JNE3787-KR-XL","Merchant","Amazon.in"
"404-7242310-9868314",2022-04-16,"Shipped",false,376,1,"Rajasthan","KOTA","kurta","JNE3523-KR-XL","Amazon","Amazon.in"
"404-7679121-7305161",2022-04-16,"Shipped",false,612,1,"Rajasthan","Jaipur","Set","SET273-KR-NP-S","Amazon","Amazon.in"
"404-8325785-8627551",2022-04-16,"Shipped",false,725,1,"Rajasthan","JAIPUR","Western Dress","JNE3797-KR-XXXL","Amazon","Amazon.in"
"404-8466897-7081901",2022-04-16,"Shipped - Delivered to Buyer",false,696,1,"Rajasthan","JAIPUR","Set","J0003-SET-XL","Merchant","Amazon.in"
"405-0314210-1218764",2022-04-16,"Shipped",false,563,1,"Rajasthan","JAIPUR","Set","SET291-KR-PP-XXL","Amazon","Amazon.in"
"405-2059720-6797119",2022-04-16,"Shipped",false,518,1,"Rajasthan","SAWAI MADHOPUR","kurta","JNE2270-KR-487-A-XXL","Amazon","Amazon.in"
"405-3558039-7464331",2022-04-16,"Shipped",false,801,1,"Rajasthan","UDAIPUR","Set","J0349-SET-S","Amazon","Amazon.in"
"405-4631349-7886716",2022-04-16,"Cancelled",true,759,1,"Rajasthan","JAIPUR","Set","SET183-KR-DH-XXXL","Amazon","Amazon.in"
"405-4759830-9359529",2022-04-16,"Shipped",false,759,1,"Rajasthan","JAIPUR","Set","SET183-KR-DH-XXXL","Amazon","Amazon.in"
"405-5385392-6960326",2022-04-16,"Shipped - Delivered to Buyer",false,568,1,"Rajasthan","JAIPUR","kurta","J0096-KR-L","Merchant","Amazon.in"
"405-5385392-6960326",2022-04-16,"Shipped - Delivered to Buyer",false,399,1,"Rajasthan","JAIPUR","kurta","JNE3568-KR-L","Merchant","Amazon.in"
"406-3359689-1342750",2022-04-16,"Shipped - Delivered to Buyer",false,635,1,"Rajasthan","Ajmer","kurta","JNE3836-KR-XXL","Merchant","Amazon.in"
"406-4361989-7730706",2022-04-16,"Shipped - Returned to Seller",false,368,1,"Rajasthan","BIKANER","kurta","JNE3543-KR-XL","Merchant","Amazon.in"
"406-5524634-2474728",2022-04-16,"Shipped - Delivered to Buyer",false,329,1,"Rajasthan","SAGWARA","kurta","JNE3371-KR-M","Merchant","Amazon.in"
"406-5550409-9985100",2022-04-16,"Shipped",false,1126,1,"Rajasthan","HINDAUN","Set","SET364-KR-NP-XL","Amazon","Amazon.in"
"406-7487063-4281165",2022-04-16,"Cancelled",true,358.1,0,"Rajasthan","JODHPUR","kurta","JNE1233-BLUE-KR-031-XL","Merchant","Amazon.in"
"406-8183653-4891560",2022-04-16,"Cancelled",true,,0,"Rajasthan","PALI","Set","SET280-KR-PP-S","Amazon","Amazon.in"
"407-2540994-1364309",2022-04-16,"Shipped",false,368,1,"Rajasthan","BEAWAR","kurta","JNE3543-KR-XL","Amazon","Amazon.in"
"407-3323359-5900312",2022-04-16,"Shipped",false,969,1,"Rajasthan","ALWAR","Set","SET393-KR-NP-XL","Amazon","Amazon.in"
"407-3343165-3104307",2022-04-16,"Cancelled",true,368,1,"Rajasthan","BEAWAR","kurta","JNE3543-KR-XL","Amazon","Amazon.in"
"407-3483041-9133135",2022-04-16,"Cancelled",true,4235.72,0,"Rajasthan","Jaipur","Set","SET397-KR-NP  -M","Merchant","Amazon.in"
"407-4081989-8686724",2022-04-16,"Shipped - Delivered to Buyer",false,475,1,"Rajasthan","JAIPUR","kurta","MEN5015-KR-L","Merchant","Amazon.in"
"407-4081989-8686724",2022-04-16,"Shipped - Delivered to Buyer",false,475,1,"Rajasthan","JAIPUR","kurta","MEN5015-KR-XL","Merchant","Amazon.in"
"407-4090493-8646722",2022-04-16,"Shipped",false,788,1,"Rajasthan","JAIPUR","Set","SET110-KR-PP-XL","Amazon","Amazon.in"
"407-5450544-6131545",2022-04-16,"Shipped - Returned to Seller",false,399,1,"Rajasthan","BHIWADI","kurta","J0139-KR-L","Merchant","Amazon.in"
"408-1112794-3756327",2022-04-16,"Cancelled",true,,0,"Rajasthan","JAIPUR","Set","J0008-SKD-L","Amazon","Amazon.in"
"408-1313762-4420369",2022-04-16,"Shipped",false,1133,1,"Rajasthan","DEOLI","Set","J0008-SKD-L","Amazon","Amazon.in"
"408-1523402-8179526",2022-04-16,"Shipped",false,399,1,"Rajasthan","NAGAUR","kurta","JNE3613-KR-L","Amazon","Amazon.in"
"408-4432726-4274753",2022-04-16,"Shipped",false,487,1,"Rajasthan","JAIPUR","Top","J0344-TP-S","Amazon","Amazon.in"
"408-4947604-5936307",2022-04-16,"Shipped",false,362,1,"Rajasthan","HANUMANGARH","kurta","J0132-KR-XL","Amazon","Amazon.in"
"408-6785969-8621934",2022-04-16,"Shipped",false,399,1,"Rajasthan","CHITTAURGARH","kurta","J0139-KR-XS","Amazon","Amazon.in"
"171-0478904-8189132",2022-04-17,"Shipped",false,311,1,"Rajasthan","RAWATBHATA","kurta","JNE1525-KR-UDF19-A-XL","Amazon","Amazon.in"
"171-0478904-8189132",2022-04-17,"Shipped",false,376,1,"Rajasthan","RAWATBHATA","kurta","JNE1408-GREY-KR-UDF19-XL","Amazon","Amazon.in"
"171-2798790-4166700",2022-04-17,"Shipped - Delivered to Buyer",false,1115,1,"Rajasthan","DUNGARPUR","Set","SET397-KR-NP-XS","Merchant","Amazon.in"
"171-3050627-2562722",2022-04-17,"Cancelled",true,995.54,0,"Rajasthan","DUNGARPUR","Set","SET397-KR-NP-XS","Merchant","Amazon.in"
"171-4321055-1901110",2022-04-17,"Shipped",false,368,1,"Rajasthan","SURAJGARH","kurta","JNE3751-KR-L","Amazon","Amazon.in"
"171-5918882-6199544",2022-04-17,"Cancelled",true,,0,"Rajasthan","JODHPUR","Set","SET377-KR-NP-M","Merchant","Amazon.in"
"171-7108442-7946747",2022-04-17,"Cancelled",true,1126,1,"Rajasthan","CHURU","Set","SET360-KR-NP-S","Amazon","Amazon.in"
"171-9906974-8642706",2022-04-17,"Shipped",false,1126,1,"Rajasthan","Churu","Set","SET360-KR-NP-S","Amazon","Amazon.in"
"402-0830347-0188308",2022-04-17,"Shipped",false,316,1,"Rajasthan","JAIPUR","kurta","JNE3790-KR-XXXL","Amazon","Amazon.in"
"402-6983103-2601147",2022-04-17,"Shipped",false,825,1,"Rajasthan","BHIWADI","Set","SET217-KR-PP-XS","Amazon","Amazon.in"
"402-6983103-2601147",2022-04-17,"Shipped",false,818,1,"Rajasthan","BHIWADI","Set","J0126-SKD-XS","Amazon","Amazon.in"
"402-7462440-9097146",2022-04-17,"Shipped",false,653,1,"Rajasthan","KOTA","Set","SET228-KR-PP-A-L","Amazon","Amazon.in"
"402-9009388-1057161",2022-04-17,"Cancelled",true,,0,"Rajasthan","KOTA","Set","SET227-KR-PP-A-L","Amazon","Amazon.in"
"403-0848033-6332324",2022-04-17,"Cancelled",true,,0,"Rajasthan","MANDAWA","kurta","JNE3556-KR-S","Amazon","Amazon.in"
"403-1587274-2007540",2022-04-17,"Shipped - Delivered to Buyer",false,342,1,"Rajasthan","KOTA","kurta","JNE3702-KR-XL","Merchant","Amazon.in"
"403-2605336-1462761",2022-04-17,"Shipped",false,399,1,"Rajasthan","JAIPUR","kurta","JNE3421-KR-N-XXL","Amazon","Amazon.in"
"403-2605336-1462761",2022-04-17,"Shipped",false,788,1,"Rajasthan","JAIPUR","Set","SET268-KR-NP-S","Amazon","Amazon.in"
"403-3531185-1079526",2022-04-17,"Shipped - Delivered to Buyer",false,487,1,"Rajasthan","JAIPUR","kurta","JNE3787-KR-S","Merchant","Amazon.in"
"403-6357949-9373917",2022-04-17,"Shipped",false,682,1,"Rajasthan","UDAIPUR","Set","SET274-KR-PP-M","Amazon","Amazon.in"
"403-6357949-9373917",2022-04-17,"Shipped",false,666,1,"Rajasthan","UDAIPUR","Set","SET131-KR-NP-M","Amazon","Amazon.in"
"404-1382515-2206729",2022-04-17,"Cancelled",true,922.32,0,"Rajasthan","RIICO INDUSTRIAL AREA NEEMRANA","Set","J0283-SET-M","Merchant","Amazon.in"
"404-1382515-2206729",2022-04-17,"Cancelled",true,540.95,0,"Rajasthan","RIICO INDUSTRIAL AREA NEEMRANA","kurta","J0097-KR-S","Merchant","Amazon.in"
"404-4186241-8976360",2022-04-17,"Shipped - Delivered to Buyer",false,1115,1,"Rajasthan","JAIPUR","Set","SET398-KR-PP-L","Merchant","Amazon.in"
"404-5628358-6578740",2022-04-17,"Shipped",false,824,1,"Rajasthan","Jodhpur","Set","SET269-KR-NP-XL","Amazon","Amazon.in"
"404-5937608-8991512",2022-04-17,"Shipped - Returned to Seller",false,654,1,"Rajasthan","JAIPUR","Set","J0003-SET-XXL","Merchant","Amazon.in"
"404-6856558-5253134",2022-04-17,"Shipped",false,360,1,"Rajasthan","BIKANER","Bottom","BTM036-PP-XXXL","Amazon","Amazon.in"
"404-7318179-3981900",2022-04-17,"Shipped",false,318,1,"Rajasthan","Keshorai patan district bundi","kurta","JNE3627-KR-XL","Amazon","Amazon.in"
"404-7984443-0576362",2022-04-17,"Cancelled",true,1033,1,"Rajasthan","RIICO INDUSTRIAL AREA NEEMRANA","Set","J0283-SET-M","Amazon","Amazon.in"
"404-9359436-8045104",2022-04-17,"Shipped - Delivered to Buyer",false,496,1,"Rajasthan","JODHPUR","Set","NW013-ST-SR-XXXL","Merchant","Amazon.in"
"405-0828192-5206719",2022-04-17,"Shipped - Delivered to Buyer",false,654,1,"Rajasthan","JAIPUR","Set","J0003-SET-XXL","Merchant","Amazon.in"
"405-1448970-0213164",2022-04-17,"Shipped - Delivered to Buyer",false,1126,1,"Rajasthan","KOTA","Set","SET364-KR-NP-S","Merchant","Amazon.in"
"405-1575747-0905166",2022-04-17,"Cancelled",true,,0,"Rajasthan","JODHPUR","Set","SET369-KR-NP-S","Amazon","Amazon.in"
"405-2670240-8628356",2022-04-17,"Shipped",false,1173,1,"Rajasthan","JODHPUR","Set","SET369-KR-NP-S","Amazon","Amazon.in"
"405-7861493-1631517",2022-04-17,"Shipped",false,1186,1,"Rajasthan","JAIPUR","Set","SET397-KR-NP-XXL","Amazon","Amazon.in"
"405-9678007-4310765",2022-04-17,"Shipped",false,368,1,"Rajasthan","SIROHI","kurta","JNE3786-KR-S","Amazon","Amazon.in"
"406-0152162-3881920",2022-04-17,"Shipped - Delivered to Buyer",false,968,1,"Rajasthan","TONK","Set","SET344-KR-NP-XXL","Merchant","Amazon.in"
"406-2370628-7805122",2022-04-17,"Shipped - Delivered to Buyer",false,459,1,"Rajasthan","ANTAH","kurta","JNE3611-KR-S","Merchant","Amazon.in"
"406-4767318-6981166",2022-04-17,"Shipped - Delivered to Buyer",false,487,1,"Rajasthan","KOTA","kurta","JNE3787-KR-S","Merchant","Amazon.in"
"406-4767318-6981166",2022-04-17,"Shipped - Delivered to Buyer",false,368,1,"Rajasthan","KOTA","kurta","JNE3543-KR-S","Merchant","Amazon.in"
"406-5780202-0696329",2022-04-17,"Shipped",false,899,1,"Rajasthan","JAIPUR","Western Dress","J0005-DR-S","Amazon","Amazon.in"
"406-5976180-9923552",2022-04-17,"Shipped",false,429,1,"Rajasthan","AJMER","kurta","JNE3510-KR-S","Amazon","Amazon.in"
"406-6170745-4873115",2022-04-17,"Shipped",false,759,1,"Rajasthan","CHAKSU","Set","SET251-KR-PP-XS","Amazon","Amazon.in"
"407-0267272-8310728",2022-04-17,"Shipped - Delivered to Buyer",false,349,1,"Rajasthan","khetri nagar jhunjhunu","kurta","JNE3431-KR-XXL","Merchant","Amazon.in"
"407-5733314-1609158",2022-04-17,"Shipped - Delivered to Buyer",false,368,1,"Rajasthan","Kota","kurta","JNE3543-KR-M","Merchant","Amazon.in"
"407-5733314-1609158",2022-04-17,"Shipped - Delivered to Buyer",false,1186,1,"Rajasthan","Kota","Set","SET397-KR-NP  -M","Merchant","Amazon.in"
"407-5733314-1609158",2022-04-17,"Shipped - Delivered to Buyer",false,1115,1,"Rajasthan","Kota","Set","SET398-KR-PP-L","Merchant","Amazon.in"
"407-6659024-4361131",2022-04-17,"Shipped",false,1115,1,"Rajasthan","AJMER","Set","SET398-KR-PP-XL","Amazon","Amazon.in"
"407-8887077-1629913",2022-04-17,"Shipped",false,419,1,"Rajasthan","BARAN","Blouse","BL060-75RED","Amazon","Amazon.in"
"408-7718539-9277136",2022-04-17,"Shipped",false,517,1,"Rajasthan","CHURU","kurta","JNE3794-KR-L","Amazon","Amazon.in"
"171-0421790-0329901",2022-04-18,"Shipped",false,442,1,"Rajasthan","JAIPUR","kurta","JNE3291-KR-XL","Amazon","Amazon.in"
"171-0994023-1077114",2022-04-18,"Shipped",false,612,1,"Rajasthan","JAIPUR","Set","SET273-KR-NP-L","Amazon","Amazon.in"
"171-1399283-4465957",2022-04-18,"Shipped - Delivered to Buyer",false,1186,1,"Rajasthan","JAIPUR","Set","SET397-KR-NP-XXL","Merchant","Amazon.in"
"171-6871582-2507503",2022-04-18,"Shipped",false,1112,1,"Rajasthan","ALWAR","Set","J0230-SKD-L","Amazon","Amazon.in"
"171-6965219-3325949",2022-04-18,"Shipped",false,690,1,"Rajasthan","JAIPUR","Western Dress","J0306-DR-XS","Amazon","Amazon.in"
"171-7209342-0804304",2022-04-18,"Cancelled",true,,0,"Rajasthan","ALWAR","Set","J0230-SKD-M","Amazon","Amazon.in"
"402-0120762-3863516",2022-04-18,"Shipped",false,487,1,"Rajasthan","BIKANER","kurta","JNE3571-KR-XXL","Amazon","Amazon.in"
"402-9781099-2333166",2022-04-18,"Shipped",false,484,1,"Rajasthan","JODHPUR","kurta","MEN5004-KR-L","Amazon","Amazon.in"
"403-6498834-4213944",2022-04-18,"Shipped",false,353,1,"Rajasthan","SAMBHAR","kurta","JNE2014-KR-178-L","Amazon","Amazon.in"
"403-9065758-4805114",2022-04-18,"Shipped",false,791,1,"Rajasthan","JAIPUR","Set","SET158-KR-PP-XXL","Amazon","Amazon.in"
"403-9065758-4805114",2022-04-18,"Shipped",false,791,1,"Rajasthan","JAIPUR","Set","SET158-KR-PP-XXXL","Amazon","Amazon.in"
"404-1918731-0612364",2022-04-18,"Cancelled",true,,0,"Rajasthan","SIKAR","Set","J0346-SET-XL","Amazon","Amazon.in"
"404-2124799-4927544",2022-04-18,"Shipped",false,478,1,"Rajasthan","LADNU","Set","J0346-SET-XL","Amazon","Amazon.in"
"404-4152323-3102737",2022-04-18,"Shipped",false,329,1,"Rajasthan","SIKAR","Top","JNE3743-TP-XL","Amazon","Amazon.in"
"404-4233953-5353910",2022-04-18,"Shipped",false,376,1,"Rajasthan","JAIPUR","kurta","JNE3373-KR-XXXL","Amazon","Amazon.in"
"404-7121369-9285159",2022-04-18,"Shipped",false,540,1,"Rajasthan","Jaipur","Top","J0342-TP-M","Amazon","Amazon.in"
"405-0614951-9998768",2022-04-18,"Shipped",false,665,1,"Rajasthan","JODHPUR","Top","JNE3691-TU-XXXL","Amazon","Amazon.in"
"405-4974198-6669130",2022-04-18,"Shipped",false,459,1,"Rajasthan","Alwar","kurta","JNE3633-KR-M","Amazon","Amazon.in"
"406-0007995-3633964",2022-04-18,"Shipped - Delivered to Buyer",false,654,1,"Rajasthan","Udaipur","Set","J0003-SET-M","Merchant","Amazon.in"
"406-4363072-5640316",2022-04-18,"Shipped - Delivered to Buyer",false,459,1,"Rajasthan","BIKANER","kurta","JNE3805-KR-S","Merchant","Amazon.in"
"406-4363072-5640316",2022-04-18,"Shipped - Delivered to Buyer",false,459,1,"Rajasthan","BIKANER","kurta","JNE3805-KR-XL","Merchant","Amazon.in"
"406-4363072-5640316",2022-04-18,"Shipped - Delivered to Buyer",false,459,1,"Rajasthan","BIKANER","kurta","JNE3805-KR-L","Merchant","Amazon.in"
"406-5529915-3098724",2022-04-18,"Shipped - Delivered to Buyer",false,399,1,"Rajasthan","PALI","kurta","JNE3440-KR-N-XXXL","Merchant","Amazon.in"
"406-7653638-8350749",2022-04-18,"Shipped",false,359,1,"Rajasthan","BHIWADI","Top","JNE3658-TP-XXL","Amazon","Amazon.in"
"406-9490101-0629958",2022-04-18,"Shipped - Delivered to Buyer",false,1432,1,"Rajasthan","CHIRAWA","Set","SET278-KR-NP-L","Merchant","Amazon.in"
"406-9725514-3785162",2022-04-18,"Shipped",false,969,1,"Rajasthan","Ajmer","Set","SET393-KR-NP-S","Amazon","Amazon.in"
"407-0098454-8417928",2022-04-18,"Cancelled",true,,0,"Rajasthan","AJMER","Set","NW006-ST-SR-L","Amazon","Amazon.in"
"407-0910793-4908353",2022-04-18,"Cancelled",true,,0,"Rajasthan","JODHPUR","Set","J0003-SET-M","Merchant","Amazon.in"
"407-0973021-5075539",2022-04-18,"Shipped - Delivered to Buyer",false,654,1,"Rajasthan","JODHPUR","Set","J0003-SET-M","Merchant","Amazon.in"
"407-1069111-0551545",2022-04-18,"Shipped",false,824,1,"Rajasthan","JAIPUR","Set","SET264-KR-NP-XL","Amazon","Amazon.in"
"407-5319842-9837951",2022-04-18,"Shipped - Delivered to Buyer",false,788,1,"Rajasthan","Anta city","Set","SET110-KR-PP-XS","Merchant","Amazon.in"
"407-9881026-3298743",2022-04-18,"Cancelled",true,,0,"Rajasthan","Jodhpur","kurta","JNE3405-KR-XL","Merchant","Amazon.in"
"408-0787779-9619547",2022-04-18,"Shipped",false,1463,1,"Rajasthan","RAJSAMAND","Set","J0277-SKD-L","Amazon","Amazon.in"
"408-1683338-4185136",2022-04-18,"Shipped",false,1065,1,"Rajasthan","DEOLI","Set","J0008-SKD-XXL","Amazon","Amazon.in"
"408-1718374-1457964",2022-04-18,"Shipped - Delivered to Buyer",false,0,1,"Rajasthan","JAIPUR","kurta","JNE3546-KR-L","Merchant","Amazon.in"
"408-3169904-2683563",2022-04-18,"Shipped",false,0,1,"Rajasthan","NAGAUR","Set","NW022-TP-PJ-L","Amazon","Amazon.in"
"402-5252535-6178757",2022-04-19,"Shipped - Delivered to Buyer",false,499,1,"Rajasthan","JAIPUR","Set","SET281-KR-PP-L","Merchant","Amazon.in"
"402-5252535-6178757",2022-04-19,"Shipped - Delivered to Buyer",false,583,1,"Rajasthan","JAIPUR","Set","J0147-SET-XL","Merchant","Amazon.in"
"402-6809813-6553952",2022-04-19,"Cancelled",true,657.14,0,"Rajasthan","JAIPUR","Top","JNE3708-TU-XL","Merchant","Amazon.in"
"402-8037697-0337111",2022-04-19,"Shipped",false,329,1,"Rajasthan","JAIPUR","Top","J0087-TP-XXL","Amazon","Amazon.in"
"403-1503667-8980344",2022-04-19,"Cancelled",true,463,1,"Rajasthan","JAIPUR","Top","J0301-TP-XXL","Amazon","Amazon.in"
"403-7101605-7437925",2022-04-19,"Shipped - Delivered to Buyer",false,487,1,"Rajasthan","JAIPUR","kurta","JNE3489-KR-XL","Merchant","Amazon.in"
"403-7101605-7437925",2022-04-19,"Shipped - Delivered to Buyer",false,295,1,"Rajasthan","JAIPUR","kurta","JNE1234-MULTI-KR-032-S","Merchant","Amazon.in"
"404-0243182-6807556",2022-04-19,"Shipped",false,696,1,"Rajasthan","JODHPUR","Set","SET339-KR-NP-XL","Amazon","Amazon.in"
"404-2301073-1008355",2022-04-19,"Shipped",false,1173,1,"Rajasthan","JODHPUR","Set","SET369-KR-NP-XXL","Amazon","Amazon.in"
"404-5309109-7582726",2022-04-19,"Cancelled",true,,0,"Rajasthan","BHARATPUR","Set","SET200-KR-NP-A-XL","Amazon","Amazon.in"
"404-5450530-5432346",2022-04-19,"Shipped",false,319,1,"Rajasthan","JAIPUR","kurta","JNE3574-KR-L","Amazon","Amazon.in"
"404-6641174-8849155",2022-04-19,"Shipped - Delivered to Buyer",false,459,1,"Rajasthan","KOTA","kurta","JNE3805-KR-XL","Merchant","Amazon.in"
"404-7465555-1245103",2022-04-19,"Shipped - Delivered to Buyer",false,680,1,"Rajasthan","JAIPUR","Set","SET389-KR-NP-M","Merchant","Amazon.in"
"404-7654648-9785935",2022-04-19,"Cancelled",true,659.05,0,"Rajasthan","BHARATPUR","Set","SET293-KR-NP-XL","Merchant","Amazon.in"
"404-8569784-4808311",2022-04-19,"Cancelled",true,313.33,0,"Rajasthan","DUNGARPUR","kurta","JNE3530-KR-S","Merchant","Amazon.in"
"405-0926967-4016311",2022-04-19,"Shipped - Delivered to Buyer",false,759,1,"Rajasthan","JAIPUR","Set","SET183-KR-DH-M","Merchant","Amazon.in"
"405-5834050-1157944",2022-04-19,"Shipped",false,1388,1,"Rajasthan","JODHPUR","Set","J0281-SKD-XL","Amazon","Amazon.in"
"405-6986209-1877936",2022-04-19,"Cancelled",true,626,1,"Rajasthan","SAWAI MADHOPUR","Set","SET345-KR-NP-XXXL","Amazon","Amazon.in"
"405-7919542-9475503",2022-04-19,"Shipped - Delivered to Buyer",false,399,1,"Rajasthan","JAIPUR","kurta","JNE3423-KR-M","Merchant","Amazon.in"
"406-1253984-8505904",2022-04-19,"Shipped",false,1115,1,"Rajasthan","KOTA","Set","SET397-KR-NP-XL","Amazon","Amazon.in"
"406-4136966-1190744",2022-04-19,"Shipped - Returned to Seller",false,1238,1,"Rajasthan","JODHPUR","Set","SET377-KR-NP-M","Merchant","Amazon.in"
"406-9013633-5126702",2022-04-19,"Shipped",false,353,1,"Rajasthan","JAIPUR","kurta","JNE2199-KR-411-A-L","Amazon","Amazon.in"
"407-1706848-0291541",2022-04-19,"Shipped",false,562,1,"Rajasthan","UDAIPUR","kurta","MEN5032-KR-L","Amazon","Amazon.in"
"407-2183159-3409965",2022-04-19,"Shipped",false,487,1,"Rajasthan","AJMER","Top","J0118-TP-L","Amazon","Amazon.in"
"407-4077133-6539549",2022-04-19,"Shipped - Delivered to Buyer",false,545,1,"Rajasthan","JAIPUR","Set","SET204-KR-DPT-XS","Merchant","Amazon.in"
"407-4897942-7556328",2022-04-19,"Shipped - Delivered to Buyer",false,999,1,"Rajasthan","AJMER","Set","J0376-SKD-S","Merchant","Amazon.in"
"407-7980881-7004355",2022-04-19,"Shipped - Delivered to Buyer",false,495,1,"Rajasthan","UDAIPUR","kurta","JNE2171-KR-437-S","Merchant","Amazon.in"
"407-9496978-8912329",2022-04-19,"Shipped - Delivered to Buyer",false,635,1,"Rajasthan","KOTA","kurta","JNE3836-KR-M","Merchant","Amazon.in"
"408-0188357-9570708",2022-04-19,"Cancelled",true,,0,"Rajasthan","JAIPUR","kurta","JNE3568-KR-L","Merchant","Amazon.in"
"408-0210133-3404372",2022-04-19,"Shipped",false,487,1,"Rajasthan","BAGRU","Top","J0344-TP-XXL","Amazon","Amazon.in"
"408-0214725-0750762",2022-04-19,"Shipped",false,820,1,"Rajasthan","JAIPUR","Set","J0247-SKD-M","Amazon","Amazon.in"
"408-0214725-0750762",2022-04-19,"Shipped",false,763,1,"Rajasthan","JAIPUR","Set","J0250-SKD-XL","Amazon","Amazon.in"
"408-0214725-0750762",2022-04-19,"Shipped",false,419,1,"Rajasthan","JAIPUR","kurta","JNE3501-KR-XS","Amazon","Amazon.in"
"408-0318815-0151567",2022-04-19,"Shipped",false,612,1,"Rajasthan","BHIWADI","Set","SET273-KR-NP-S","Amazon","Amazon.in"
"408-0910837-6502763",2022-04-19,"Shipped - Delivered to Buyer",false,654,1,"Rajasthan","JAIPUR","Set","J0003-SET-S","Merchant","Amazon.in"
"408-0910837-6502763",2022-04-19,"Shipped - Delivered to Buyer",false,654,1,"Rajasthan","JAIPUR","Set","J0003-SET-M","Merchant","Amazon.in"
"408-1164138-8854702",2022-04-19,"Shipped",false,0,1,"Rajasthan","JAIPUR","Set","SET291-KR-PP-XXXL","Amazon","Amazon.in"
"408-1271743-8917969",2022-04-19,"Shipped",false,763,1,"Rajasthan","JAIPUR","Set","J0251-SKD-S","Amazon","Amazon.in"
"408-1271743-8917969",2022-04-19,"Shipped",false,1112,1,"Rajasthan","JAIPUR","Set","J0230-SKD-M","Amazon","Amazon.in"
"408-1271743-8917969",2022-04-19,"Shipped",false,763,1,"Rajasthan","JAIPUR","Set","J0250-SKD-L","Amazon","Amazon.in"
"408-1595583-3971505",2022-04-19,"Shipped",false,419,1,"Rajasthan","JAIPUR","kurta","JNE3501-KR-S","Amazon","Amazon.in"
"408-1595583-3971505",2022-04-19,"Shipped",false,763,1,"Rajasthan","JAIPUR","Set","J0251-SKD-M","Amazon","Amazon.in"
"408-3414791-9252302",2022-04-19,"Shipped - Delivered to Buyer",false,549,1,"Rajasthan","AJMER","kurta","MEN5023-KR-M","Merchant","Amazon.in"
"408-9814320-5543512",2022-04-19,"Shipped",false,399,1,"Rajasthan","JAIPUR","kurta","JNE3440-KR-N-XXXL","Amazon","Amazon.in"
"408-9896780-5313943",2022-04-19,"Shipped - Delivered to Buyer",false,654,1,"Rajasthan","JAIPUR","Set","J0003-SET-XXL","Merchant","Amazon.in"
"171-1042861-0577166",2022-04-20,"Cancelled",true,,0,"Rajasthan","JAIPUR","kurta","JNE3568-KR-L","Merchant","Amazon.in"
"171-2319743-9608350",2022-04-20,"Shipped",false,399,1,"Rajasthan","RIICO INDUSTRIAL AREA GUDLI","kurta","JNE3567-KR-S","Amazon","Amazon.in"
"171-2912510-5192330",2022-04-20,"Shipped",false,376,1,"Rajasthan","UDAIPUR","kurta","JNE3366-KR-1053-L","Amazon","Amazon.in"
"402-3512516-4798712",2022-04-20,"Shipped",false,518,1,"Rajasthan","Rajsamand","Bottom","BTM031-NP-L","Amazon","Amazon.in"
"402-6819742-4040329",2022-04-20,"Shipped",false,521,1,"Rajasthan","JAIPUR","kurta","JNE3816-KR-L","Amazon","Amazon.in"
"403-2817543-1788350",2022-04-20,"Shipped - Delivered to Buyer",false,696,1,"Rajasthan","CHITTAURGARH","Set","SET339-KR-NP-XXXL","Merchant","Amazon.in"
"403-3166675-9502739",2022-04-20,"Shipped",false,759,1,"Rajasthan","JAIPUR","Set","SET197-KR-NP-L","Amazon","Amazon.in"
"403-3292673-3048350",2022-04-20,"Shipped",false,487,1,"Rajasthan","JAIPUR","kurta","JNE3435-KR-S","Amazon","Amazon.in"
"403-3292673-3048350",2022-04-20,"Shipped",false,799,1,"Rajasthan","JAIPUR","Set","SET196-KR-NP-XXXL","Amazon","Amazon.in"
"403-3292673-3048350",2022-04-20,"Shipped",false,788,1,"Rajasthan","JAIPUR","Set","SET268-KR-NP-XXL","Amazon","Amazon.in"
"403-6824876-8637935",2022-04-20,"Shipped - Delivered to Buyer",false,399,1,"Rajasthan","JAIPUR","kurta","JNE3421-KR-N-XL","Merchant","Amazon.in"
"403-6825694-2303533",2022-04-20,"Shipped - Delivered to Buyer",false,654,1,"Rajasthan","BALOTRA","Set","J0003-SET-S","Merchant","Amazon.in"
"403-7959908-3206754",2022-04-20,"Shipped - Delivered to Buyer",false,654,1,"Rajasthan","Udaipur","Set","J0003-SET-XXL","Merchant","Amazon.in"
"404-2860520-9103522",2022-04-20,"Shipped",false,518,1,"Rajasthan","JAIPUR","Top","J0344-TP-M","Amazon","Amazon.in"
"404-4000535-3306760",2022-04-20,"Shipped - Delivered to Buyer",false,597,1,"Rajasthan","BHARATPUR","Set","SET324-KR-NP-L","Merchant","Amazon.in"
"404-4000535-3306760",2022-04-20,"Shipped - Delivered to Buyer",false,692,1,"Rajasthan","BHARATPUR","Set","SET293-KR-NP-XL","Merchant","Amazon.in"
"404-6188923-0682749",2022-04-20,"Shipped",false,568,1,"Rajasthan","BHARATPUR","Set","SET200-KR-NP-A-XL","Amazon","Amazon.in"
"404-6988801-4040318",2022-04-20,"Shipped",false,484,1,"Rajasthan","JODHPUR","kurta","MEN5004-KR-XL","Amazon","Amazon.in"
"405-0971893-3001951",2022-04-20,"Cancelled",true,1083.04,0,"Rajasthan","BIKANER","Set","J0234-SKD-XXXL","Merchant","Amazon.in"
"405-1984191-2020312",2022-04-20,"Shipped - Delivered to Buyer",false,717,1,"Rajasthan","BIKANER","Set","J0034-SET-XXL","Merchant","Amazon.in"
"405-2101325-1990731",2022-04-20,"Shipped - Delivered to Buyer",false,487,1,"Rajasthan","BIKANER","kurta","JNE3518-KR-XXL","Merchant","Amazon.in"
"405-2532361-7246719",2022-04-20,"Shipped - Delivered to Buyer",false,799,1,"Rajasthan","BIKANER","Set","SET230-KR-PP-XXXL","Merchant","Amazon.in"
"405-2580277-5587507",2022-04-20,"Cancelled",true,,0,"Rajasthan","JAIPUR","Set","J0012-SKD-M","Amazon","Amazon.in"
"405-2610036-7433124",2022-04-20,"Shipped",false,626,1,"Rajasthan","SAWAI MADHOPUR","Set","SET345-KR-NP-XXXL","Amazon","Amazon.in"
"405-4307564-6946717",2022-04-20,"Shipped",false,759,1,"Rajasthan","SURAJGARH","Set","SET183-KR-DH-XS","Amazon","Amazon.in"
"405-5534808-9492328",2022-04-20,"Shipped",false,1254,1,"Rajasthan","BIKANER","Set","SET400-KR-NP-XXXL","Amazon","Amazon.in"
"405-7115139-7839507",2022-04-20,"Shipped",false,968,1,"Rajasthan","JHALRAPATAN","Set","SET349-KR-NP-XXXL","Amazon","Amazon.in"
"405-9231620-2412342",2022-04-20,"Shipped - Delivered to Buyer",false,599,1,"Rajasthan","Jodhpur","Set","NW005-ST-PJ-XL","Merchant","Amazon.in"
"405-9231620-2412342",2022-04-20,"Shipped - Delivered to Buyer",false,399,1,"Rajasthan","Jodhpur","kurta","JNE3568-KR-XL","Merchant","Amazon.in"
"405-9968008-0339569",2022-04-20,"Shipped",false,715,1,"Rajasthan","Jodhpur","Set","SET145-KR-NP-XL","Amazon","Amazon.in"
"406-0680838-4589941",2022-04-20,"Shipped",false,399,1,"Rajasthan","BANSWARA","kurta","JNE3440-KR-N-S","Amazon","Amazon.in"
"406-2165882-6731551",2022-04-20,"Shipped",false,1099,1,"Rajasthan","AJMER","kurta","PJNE2171-KR-N-5XL","Amazon","Amazon.in"
"406-6785055-3187505",2022-04-20,"Shipped",false,715,1,"Rajasthan","JODHPUR","Set","SET145-KR-NP-M","Amazon","Amazon.in"
"406-8100768-0782739",2022-04-20,"Shipped - Returned to Seller",false,788,1,"Rajasthan","AJMER","Set","SET268-KR-NP-M","Merchant","Amazon.in"
"407-0892278-9315501",2022-04-20,"Shipped - Delivered to Buyer",false,399,1,"Rajasthan","ALWAR","kurta","JNE3423-KR-XL","Merchant","Amazon.in"
"407-1764651-5270733",2022-04-20,"Cancelled",true,,0,"Rajasthan","Jaipur","kurta","JNE3368-KR-XS","Amazon","Amazon.in"
"407-2204413-6137957",2022-04-20,"Shipped",false,1140,1,"Rajasthan","JAIPUR","Set","J0012-SKD-M","Amazon","Amazon.in"
"407-3542976-8821112",2022-04-20,"Cancelled",true,487,1,"Rajasthan","NAGAUR","kurta","JNE3255-KR-XS","Amazon","Amazon.in"
"407-3931544-3413168",2022-04-20,"Shipped",false,435,1,"Rajasthan","JAIPUR","kurta","JNE3399-KR-M","Amazon","Amazon.in"
"407-3931544-3413168",2022-04-20,"Shipped",false,563,1,"Rajasthan","JAIPUR","Set","SET291-KR-PP-M","Amazon","Amazon.in"
"407-7644812-6649932",2022-04-20,"Shipped",false,654,1,"Rajasthan","LACHHMANGARH","Set","SET339-KR-NP-L","Amazon","Amazon.in"
"407-8629590-2690715",2022-04-20,"Shipped",false,349,1,"Rajasthan","JAIPUR","kurta","JNE3225-KR-M","Amazon","Amazon.in"
"407-8948689-0349922",2022-04-20,"Shipped",false,352,1,"Rajasthan","JAIPUR","kurta","JNE3468-KR-L","Amazon","Amazon.in"
"408-0412141-1362719",2022-04-20,"Shipped",false,597,1,"Rajasthan","udaipur","Set","SET331-KR-NP-L","Amazon","Amazon.in"
"408-1093297-8184343",2022-04-20,"Shipped",false,725,1,"Rajasthan","udaipur","Set","SET405-KR-NP-L","Amazon","Amazon.in"
"408-1093297-8184343",2022-04-20,"Shipped",false,1133,1,"Rajasthan","udaipur","Set","J0008-SKD-L","Amazon","Amazon.in"
"408-1093297-8184343",2022-04-20,"Shipped",false,1115,1,"Rajasthan","udaipur","Set","SET397-KR-NP-XL","Amazon","Amazon.in"
"408-1093297-8184343",2022-04-20,"Shipped",false,362,1,"Rajasthan","udaipur","kurta","J0132-KR-XXL","Amazon","Amazon.in"
"408-5140631-8497922",2022-04-20,"Cancelled",true,,0,"Rajasthan","Alwar","Set","SET098-KR-PP-S","Amazon","Amazon.in"
"408-5517938-0484303",2022-04-20,"Shipped - Delivered to Buyer",false,1299,1,"Rajasthan","udaipur","Set","J0239-SKD-L","Merchant","Amazon.in"
"408-5517938-0484303",2022-04-20,"Shipped - Delivered to Buyer",false,852,1,"Rajasthan","udaipur","Set","SET267-KR-NP-L","Merchant","Amazon.in"
"408-5517938-0484303",2022-04-20,"Shipped - Delivered to Buyer",false,888,1,"Rajasthan","udaipur","Set","SET265-KR-NP-L","Merchant","Amazon.in"
"408-6291831-9145967",2022-04-20,"Shipped - Delivered to Buyer",false,967,1,"Rajasthan","KOTA","Set","SET333-KR-DPT-S","Merchant","Amazon.in"
"408-6834533-9825130",2022-04-20,"Shipped - Delivered to Buyer",false,613,1,"Rajasthan","JAIPUR","Set","NW034-TP-PJ-XXL","Merchant","Amazon.in"
"408-6834533-9825130",2022-04-20,"Shipped - Delivered to Buyer",false,586,1,"Rajasthan","JAIPUR","Set","NW024-TP-PJ-XXL","Merchant","Amazon.in"
"408-8056769-9133135",2022-04-20,"Shipped - Delivered to Buyer",false,824,1,"Rajasthan","udaipur","Set","SET264-KR-NP-L","Merchant","Amazon.in"
"408-8056769-9133135",2022-04-20,"Shipped - Delivered to Buyer",false,579,1,"Rajasthan","udaipur","Set","SET038-KR-PP-L","Merchant","Amazon.in"
"408-8725248-2606762",2022-04-20,"Shipped",false,590,1,"Rajasthan","JAIPUR","Set","NW022-TP-PJ-XXL","Amazon","Amazon.in"
"171-0167240-8300353",2022-04-21,"Shipped",false,533,1,"Rajasthan","Rawatbhata","kurta","MEN5021-KR-XL","Amazon","Amazon.in"
"171-6455402-4353147",2022-04-21,"Shipped",false,788,1,"Rajasthan","Jaipur","Set","SET268-KR-NP-L","Amazon","Amazon.in"
"402-1810984-1372316",2022-04-21,"Cancelled",true,,0,"Rajasthan","JAIPUR","Top","JNE3708-TU-XL","Merchant","Amazon.in"
"402-7658477-8926740",2022-04-21,"Shipped",false,715,1,"Rajasthan","SRI GANGANAGAR","Set","SET145-KR-NP-M","Amazon","Amazon.in"
"402-7693001-9285926",2022-04-21,"Shipped - Delivered to Buyer",false,690,1,"Rajasthan","JAIPUR","Top","JNE3708-TU-XL","Merchant","Amazon.in"
"402-8602839-5188311",2022-04-21,"Cancelled",true,380,0,"Rajasthan","Sujangarh","kurta","JNE3405-KR-L","Merchant","Amazon.in"
"402-9655997-3636332",2022-04-21,"Shipped",false,318,1,"Rajasthan","SRI MADHOPUR","kurta","J0070-KR-M","Amazon","Amazon.in"
"402-9655997-3636332",2022-04-21,"Shipped",false,276,1,"Rajasthan","SRI MADHOPUR","kurta","JNE3409-KR-S","Amazon","Amazon.in"
"403-0460028-0421140",2022-04-21,"Shipped - Delivered to Buyer",false,357,1,"Rajasthan","JAIPUR","kurta","JNE2305-KR-533-S","Merchant","Amazon.in"
"403-2238554-5446710",2022-04-21,"Shipped - Delivered to Buyer",false,845,1,"Rajasthan","madanganj-kishangarh  ajmer","Ethnic Dress","J0006-SET-S","Merchant","Amazon.in"
"403-2238554-5446710",2022-04-21,"Shipped - Delivered to Buyer",false,899,1,"Rajasthan","madanganj-kishangarh  ajmer","Western Dress","J0005-DR-S","Merchant","Amazon.in"
"404-4367425-1543511",2022-04-21,"Shipped",false,363,1,"Rajasthan","JAIPUR","kurta","JNE3468-KR-XL","Amazon","Amazon.in"
"404-6896452-0629169",2022-04-21,"Shipped",false,824,1,"Rajasthan","JODHPUR","Set","SET269-KR-NP-M","Amazon","Amazon.in"
"405-0203982-9312322",2022-04-21,"Shipped",false,471,1,"Rajasthan","CHHOTI SADRI","kurta","JNE3368-KR-XL","Amazon","Amazon.in"
"405-1900516-0437941",2022-04-21,"Shipped",false,999,1,"Rajasthan","BIKANER","Set","SET300-KR-NP-XXXL","Amazon","Amazon.in"
"405-3613972-9044303",2022-04-21,"Shipped - Delivered to Buyer",false,648,1,"Rajasthan","KOTA","Set","SET048-KR-NP-M","Merchant","Amazon.in"
"406-8771799-1711561",2022-04-21,"Shipped - Delivered to Buyer",false,582,1,"Rajasthan","BHILWARA","Set","NW030-TP-PJ-M","Merchant","Amazon.in"
"406-8974467-2224326",2022-04-21,"Shipped - Delivered to Buyer",false,399,1,"Rajasthan","UDAIPUR","kurta","JNE3440-KR-N-M","Merchant","Amazon.in"
"407-1369215-8328301",2022-04-21,"Shipped",false,471,1,"Rajasthan","Jaipur","kurta","JNE3368-KR-S","Amazon","Amazon.in"
"407-1575875-8797133",2022-04-21,"Shipped - Delivered to Buyer",false,680,1,"Rajasthan","SAWAI MADHOPUR","Set","SET389-KR-NP-XL","Merchant","Amazon.in"
"407-4237855-5907564",2022-04-21,"Shipped - Delivered to Buyer",false,517,1,"Rajasthan","NAWALGARH","kurta","JNE3795-KR-XS","Merchant","Amazon.in"
"407-5453822-3675522",2022-04-21,"Cancelled",true,,0,"Rajasthan","KOTPUTLI","kurta","JNE3405-KR-L","Merchant","Amazon.in"
"407-7142737-1970754",2022-04-21,"Shipped - Delivered to Buyer",false,399,1,"Rajasthan","KOTPUTLI","kurta","JNE3405-KR-L","Merchant","Amazon.in"
"407-9637667-4965127",2022-04-21,"Shipped",false,759,1,"Rajasthan","JAIPUR","Set","SET183-KR-DH-XXXL","Amazon","Amazon.in"
"408-1471042-3207542",2022-04-21,"Cancelled",true,,0,"Rajasthan","JAIPUR","Top","JNE3708-TU-XL","Amazon","Amazon.in"
"408-3846629-6781961",2022-04-21,"Shipped",false,788,1,"Rajasthan","UDAIPUR","Set","SET268-KR-NP-XXXL","Amazon","Amazon.in"
"408-3946972-7631510",2022-04-21,"Shipped",false,357,1,"Rajasthan","JAIPUR","kurta","JNE2305-KR-533-XL","Amazon","Amazon.in"
"408-7653039-1497125",2022-04-21,"Cancelled",true,,0,"Rajasthan","JAIPUR","Top","JNE3708-TU-XL","Amazon","Amazon.in"
"171-2079384-0376361",2022-04-22,"Shipped",false,458,1,"Rajasthan","JAIPUR","kurta","JNE3697-KR-XL","Amazon","Amazon.in"
"171-2083407-7760369",2022-04-22,"Shipped",false,487,1,"Rajasthan","AJMER","kurta","JNE3764-KR-L","Amazon","Amazon.in"
"171-4479834-7237911",2022-04-22,"Shipped",false,1099,1,"Rajasthan","JAIPUR","Set","J0235-SKD-S","Amazon","Amazon.in"
"171-7213677-9881146",2022-04-22,"Shipped",false,759,1,"Rajasthan","JAIPUR","Set","SET183-KR-DH-XL","Amazon","Amazon.in"
"402-8124461-4200362",2022-04-22,"Shipped",false,788,1,"Rajasthan","BHIWADI","Set","SET268-KR-NP-M","Amazon","Amazon.in"
"403-0537586-5082705",2022-04-22,"Shipped - Delivered to Buyer",false,459,1,"Rajasthan","BANASTHALI","kurta","JNE3803-KR-M","Merchant","Amazon.in"
"403-3411476-8149104",2022-04-22,"Shipped - Delivered to Buyer",false,399,1,"Rajasthan","JAIPUR","kurta","JNE3439-KR-XXXL","Merchant","Amazon.in"
"403-5005296-9435559",2022-04-22,"Shipped",false,788,1,"Rajasthan","JAIPUR","Set","SET268-KR-NP-XXL","Amazon","Amazon.in"
"403-5005296-9435559",2022-04-22,"Shipped",false,487,1,"Rajasthan","JAIPUR","kurta","JNE3435-KR-S","Amazon","Amazon.in"
"403-5768804-2773142",2022-04-22,"Shipped",false,788,1,"Rajasthan","JAIPUR","Set","SET268-KR-NP-L","Amazon","Amazon.in"
"403-6201463-3609918",2022-04-22,"Shipped",false,715,1,"Rajasthan","JAIPUR","Set","SET145-KR-NP-M","Amazon","Amazon.in"
"403-7183264-2723527",2022-04-22,"Shipped - Delivered to Buyer",false,888,1,"Rajasthan","KISHANGARH AJMER DISTRICT","Set","SET265-KR-NP-XXXL","Merchant","Amazon.in"
"404-4010923-6415523",2022-04-22,"Shipped",false,1163,1,"Rajasthan","JODHPUR","Set","SET366-KR-NP-XXL","Amazon","Amazon.in"
"404-6682189-9278734",2022-04-22,"Shipped - Delivered to Buyer",false,582,1,"Rajasthan","JAIPUR","Set","NW030-TP-PJ-XXXL","Merchant","Amazon.in"
"404-6787282-5238700",2022-04-22,"Shipped",false,790,1,"Rajasthan","RAMGANJMANDI","Set","SET280-KR-PP-XXL","Amazon","Amazon.in"
"405-0016939-7685179",2022-04-22,"Shipped - Delivered to Buyer",false,666,1,"Rajasthan","BHIWADI","Set","SET345-KR-NP-L","Merchant","Amazon.in"
"405-5526282-9529150",2022-04-22,"Shipped",false,563,1,"Rajasthan","JAIPUR","Set","SET291-KR-PP-L","Amazon","Amazon.in"
"405-9181045-0679517",2022-04-22,"Shipped",false,599,1,"Rajasthan","JAIPUR","Top","J0336-TP-XXXL","Amazon","Amazon.in"
"406-0339482-6897173",2022-04-22,"Shipped",false,383,1,"Rajasthan","JAIPUR","kurta","JNE3789-KR-S","Amazon","Amazon.in"
"406-7868260-9761908",2022-04-22,"Shipped - Delivered to Buyer",false,684,1,"Rajasthan","UDAIPUR","Set","SET288-KR-NP-L","Merchant","Amazon.in"
"407-1524902-5188312",2022-04-22,"Shipped - Returned to Seller",false,597,1,"Rajasthan","JODHPUR","Set","SET324-KR-NP-S","Merchant","Amazon.in"
"407-3718040-5430718",2022-04-22,"Shipped - Delivered to Buyer",false,888,1,"Rajasthan","ANTAH","Set","SET265-KR-NP-M","Merchant","Amazon.in"
"407-5719160-0751555",2022-04-22,"Shipped - Delivered to Buyer",false,1299,1,"Rajasthan","JAIPUR","Set","SET350-KR-NP-M","Merchant","Amazon.in"
"407-6364710-3709949",2022-04-22,"Shipped",false,399,1,"Rajasthan","JODHPUR","kurta","JNE3567-KR-XL","Amazon","Amazon.in"
"408-3339038-6608356",2022-04-22,"Cancelled",true,,0,"Rajasthan","SRI GANGANAGAR","Set","SET264-KR-NP-M","Amazon","Amazon.in"
"408-4110224-9649165",2022-04-22,"Shipped",false,824,1,"Rajasthan","JODHPUR","Set","SET269-KR-NP-S","Amazon","Amazon.in"
"171-0759175-5576346",2022-04-23,"Cancelled",true,1194.64,0,"Rajasthan","Churu","Set","SET363-KR-NP-M","Merchant","Amazon.in"
"171-3012555-8029909",2022-04-23,"Cancelled",true,1194.64,0,"Rajasthan","Churu","Set","SET363-KR-NP-M","Merchant","Amazon.in"
"171-3644162-2739555",2022-04-23,"Shipped - Delivered to Buyer",false,654,1,"Rajasthan","JAIPUR","Set","J0003-SET-M","Merchant","Amazon.in"
"171-4925201-6761125",2022-04-23,"Shipped - Delivered to Buyer",false,1149,1,"Rajasthan","JAIPUR","Set","J0242-SKD-XXL","Merchant","Amazon.in"
"171-6719514-2093136",2022-04-23,"Shipped",false,499,1,"Rajasthan","BHINDER","kurta","MEN5009-KR-L","Amazon","Amazon.in"
"171-9101006-5709155",2022-04-23,"Shipped",false,493,1,"Rajasthan","MODAK","Blouse","BL104-L","Amazon","Amazon.in"
"171-9241524-7464318",2022-04-23,"Shipped",false,699,1,"Rajasthan","JAIPUR","Set","J0134-SET-XXL","Amazon","Amazon.in"
"171-9432563-5665107",2022-04-23,"Shipped",false,635,1,"Rajasthan","JAIPUR","Set","SET374-KR-NP-M","Amazon","Amazon.in"
"171-9821640-7269959",2022-04-23,"Shipped - Delivered to Buyer",false,1338,1,"Rajasthan","Churu","Set","SET363-KR-NP-M","Merchant","Amazon.in"
"402-2232389-7201923",2022-04-23,"Cancelled",true,759,1,"Rajasthan","BIKANER","Set","SET183-KR-DH-S","Amazon","Amazon.in"
"402-3899274-4429121",2022-04-23,"Shipped",false,626,1,"Rajasthan","BHILWARA","Set","SET345-KR-NP-XXL","Amazon","Amazon.in"
"402-3923063-9844341",2022-04-23,"Shipped - Delivered to Buyer",false,582,1,"Rajasthan","Banswara","Set","NW030-TP-PJ-S","Merchant","Amazon.in"
"402-4118814-5336308",2022-04-23,"Shipped - Delivered to Buyer",false,399,1,"Rajasthan","JAIPUR","kurta","JNE3405-KR-S","Merchant","Amazon.in"
"402-6179959-6921964",2022-04-23,"Shipped",false,563,1,"Rajasthan","Banswara","Set","NW001-TP-PJ-S","Amazon","Amazon.in"
"402-7434230-3240311",2022-04-23,"Shipped",false,318,1,"Rajasthan","FATEHPUR","kurta","J0070-KR-XXL","Amazon","Amazon.in"
"403-1256874-6764307",2022-04-23,"Shipped - Delivered to Buyer",false,449,1,"Rajasthan","JAIPUR","Set","NW037-TP-SR-S","Merchant","Amazon.in"
"403-3730865-5382700",2022-04-23,"Cancelled",true,399,1,"Rajasthan","JAIPUR","kurta","JNE3568-KR-M","Amazon","Amazon.in"
"403-5891253-4865121",2022-04-23,"Shipped",false,376,1,"Rajasthan","BHIWADI","kurta","JNE3366-KR-1053-XXL","Amazon","Amazon.in"
"403-6079476-8194769",2022-04-23,"Shipped - Delivered to Buyer",false,399,1,"Rajasthan","Jaipur","kurta","JNE3567-KR-M","Merchant","Amazon.in"
"403-8073615-5745901",2022-04-23,"Shipped",false,792,1,"Rajasthan","Udaipur","Set","SET171-KR-NP-XL","Amazon","Amazon.in"
"403-9557796-5622730",2022-04-23,"Shipped",false,1388,1,"Rajasthan","BANSWARA","Set","J0281-SKD-S","Amazon","Amazon.in"
"403-9901039-0618749",2022-04-23,"Cancelled",true,,0,"Rajasthan","Udaipur","Set","SET171-KR-NP-XL","Amazon","Amazon.in"
"404-2265916-2924334",2022-04-23,"Shipped",false,759,1,"Rajasthan","CHITTAURGARH","Set","SET183-KR-DH-XS","Amazon","Amazon.in"
"405-1331792-0303529",2022-04-23,"Shipped",false,916,1,"Rajasthan","JODHPUR","Set","SET342-KR-NP-N-XL","Amazon","Amazon.in"
"405-1723780-4493167",2022-04-23,"Cancelled",true,995,1,"Rajasthan","BHILWARA","Set","SET380-KR-NP-M","Amazon","Amazon.in"
"405-1802005-7553969",2022-04-23,"Shipped - Delivered to Buyer",false,888,1,"Rajasthan","JAIPUR","Set","SET279-LC-XL","Merchant","Amazon.in"
"405-2954054-3053134",2022-04-23,"Shipped - Delivered to Buyer",false,458,1,"Rajasthan","UDAIPUR","kurta","JNE3784-KR-L","Merchant","Amazon.in"
"405-4016974-0654708",2022-04-23,"Cancelled",true,872.38,0,"Rajasthan","BHILWARA","Set","SET342-KR-NP-N-M","Merchant","Amazon.in"
"405-5500217-0111519",2022-04-23,"Shipped",false,1186,1,"Rajasthan","JAIPUR","Set","J0004-SKD-XS","Amazon","Amazon.in"
"405-9147735-3447506",2022-04-23,"Shipped",false,597,1,"Rajasthan","JAIPUR","Set","SET374-KR-NP-XS","Amazon","Amazon.in"
"406-6262961-1475558",2022-04-23,"Shipped",false,824,1,"Rajasthan","TONK","Set","SET269-KR-NP-M","Amazon","Amazon.in"
"406-9651044-0285109",2022-04-23,"Shipped - Delivered to Buyer",false,654,1,"Rajasthan","KOTA","Set","J0003-SET-XXXL","Merchant","Amazon.in"
"407-0291509-1409961",2022-04-23,"Shipped",false,625,1,"Rajasthan","UDAIPUR","Blouse","J0216-BL-M","Amazon","Amazon.in"
"407-4613334-1245960",2022-04-23,"Shipped",false,399,1,"Rajasthan","JAIPUR","Top","J0181-TP-XXXL","Amazon","Amazon.in"
"408-0713639-0743547",2022-04-23,"Shipped - Delivered to Buyer",false,0,1,"Rajasthan","JAIPUR","Set","J0003-SET-XXXL","Merchant","Amazon.in"
"408-1939225-7100359",2022-04-23,"Shipped - Delivered to Buyer",false,0,1,"Rajasthan","JAIPUR","kurta","J0096-KR-XL","Merchant","Amazon.in"
"408-2404272-8231563",2022-04-23,"Cancelled",true,579,1,"Rajasthan","KOTA","kurta","MEN5032-KR-XL","Amazon","Amazon.in"
"408-2656986-1641958",2022-04-23,"Shipped - Delivered to Buyer",false,0,1,"Rajasthan","JAIPUR","kurta","JNE3568-KR-XL","Merchant","Amazon.in"
"408-6713865-0455545",2022-04-23,"Shipped",false,563,1,"Rajasthan","JAIPUR","Set","SET291-KR-PP-XXXL","Amazon","Amazon.in"
"408-9238919-8703560",2022-04-23,"Cancelled",true,535.24,0,"Rajasthan","KOTA","kurta","MEN5032-KR-XXL","Merchant","Amazon.in"
"171-2657524-8308345",2022-04-24,"Shipped - Delivered to Buyer",false,1338,1,"Rajasthan","JODHPUR","Set","SET363-KR-NP-XL","Merchant","Amazon.in"
"171-4574985-1941106",2022-04-24,"Shipped - Delivered to Buyer",false,1432,1,"Rajasthan","BHIWADI","Set","J0285-SKD-L","Merchant","Amazon.in"
"171-5745757-3505148",2022-04-24,"Shipped",false,355,1,"Rajasthan","jaipur","Top","J0165-TP-L","Amazon","Amazon.in"
"171-6013471-2011538",2022-04-24,"Shipped - Delivered to Buyer",false,626,1,"Rajasthan","BHILWARA","Set","SET345-KR-NP-M","Merchant","Amazon.in"
"171-6013471-2011538",2022-04-24,"Shipped - Delivered to Buyer",false,845,1,"Rajasthan","BHILWARA","Ethnic Dress","J0006-SET-M","Merchant","Amazon.in"
"171-6686532-4468332",2022-04-24,"Cancelled",true,,0,"Rajasthan","BHIWADI","Set","J0285-SKD-XL","Amazon","Amazon.in"
"171-7749458-1057169",2022-04-24,"Shipped",false,653,1,"Rajasthan","KOTA","Set","J0095-SET-XXXL","Amazon","Amazon.in"
"171-8779095-1129159",2022-04-24,"Shipped",false,499,1,"Rajasthan","DHARIAWAD","kurta","MEN5009-KR-XL","Amazon","Amazon.in"
"402-0931709-6425934",2022-04-24,"Shipped",false,362,1,"Rajasthan","DAUSA","kurta","JNE3516-KR-E-S","Amazon","Amazon.in"
"403-4708858-5681139",2022-04-24,"Shipped - Delivered to Buyer",false,318,1,"Rajasthan","JODHPUR","kurta","JNE3482-KR-L","Merchant","Amazon.in"
"403-6243376-6364313",2022-04-24,"Shipped",false,477,1,"Rajasthan","JAIPUR","Set","J0350-SET-XL","Amazon","Amazon.in"
"403-6243376-6364313",2022-04-24,"Shipped",false,788,1,"Rajasthan","JAIPUR","Set","SET268-KR-NP-S","Amazon","Amazon.in"
"403-6243376-6364313",2022-04-24,"Shipped",false,399,1,"Rajasthan","JAIPUR","kurta","JNE3405-KR-XS","Amazon","Amazon.in"
"403-8220794-4173952",2022-04-24,"Shipped",false,487,1,"Rajasthan","Jaipur","kurta","JNE3518-KR-XL","Amazon","Amazon.in"
"403-8267960-7992344",2022-04-24,"Shipped",false,635,1,"Rajasthan","Ajmer","Set","SET374-KR-NP-XL","Amazon","Amazon.in"
"403-8663349-9757968",2022-04-24,"Shipped",false,744,1,"Rajasthan","Jaipur","Western Dress","J0341-DR-S","Amazon","Amazon.in"
"404-4694328-6985132",2022-04-24,"Shipped",false,563,1,"Rajasthan","JAIPUR","Set","SET291-KR-PP-M","Amazon","Amazon.in"
"404-5545812-7116344",2022-04-24,"Shipped",false,549,1,"Rajasthan","JAIPUR","kurta","MEN5023-KR-L","Amazon","Amazon.in"
"404-6834977-1903543",2022-04-24,"Shipped",false,329,1,"Rajasthan","BIKANER","kurta","JNE3371-KR-M","Amazon","Amazon.in"
"404-9735542-1658768",2022-04-24,"Shipped",false,788,1,"Rajasthan","SIROHI","Set","SET110-KR-PP-M","Amazon","Amazon.in"
"405-0236757-1476340",2022-04-24,"Shipped - Delivered to Buyer",false,916,1,"Rajasthan","BHILWARA","Set","SET342-KR-NP-N-M","Merchant","Amazon.in"
"405-0328379-8768369",2022-04-24,"Shipped - Delivered to Buyer",false,533,1,"Rajasthan","JAIPUR","kurta","MEN5022-KR-XXXL","Merchant","Amazon.in"
"405-3580559-0501100",2022-04-24,"Shipped",false,995,1,"Rajasthan","BHILWARA","Set","SET380-KR-NP-M","Amazon","Amazon.in"
"405-8336630-8317937",2022-04-24,"Shipped",false,626,1,"Rajasthan","JAIPUR","Set","SET345-KR-NP-XXL","Amazon","Amazon.in"
"405-8581453-7348304",2022-04-24,"Shipped - Delivered to Buyer",false,399,1,"Rajasthan","jaipur","Top","JNE3670-TU-XXL","Merchant","Amazon.in"
"406-2169314-7117133",2022-04-24,"Shipped",false,631,1,"Rajasthan","JAIPUR","Set","SET386-KR-NP-M","Amazon","Amazon.in"
"406-2169314-7117133",2022-04-24,"Shipped",false,801,1,"Rajasthan","JAIPUR","Set","J0349-SET-L","Amazon","Amazon.in"
"406-4230267-5632317",2022-04-24,"Shipped - Delivered to Buyer",false,654,1,"Rajasthan","ALWAR","Set","J0003-SET-XS","Merchant","Amazon.in"
"406-7594922-7059516",2022-04-24,"Shipped",false,563,1,"Rajasthan","Chhabra, baran","Set","SET291-KR-PP-M","Amazon","Amazon.in"
"407-3425479-5947547",2022-04-24,"Shipped",false,788,1,"Rajasthan","JAIPUR","Set","SET110-KR-PP-S","Amazon","Amazon.in"
"407-3964428-5808353",2022-04-24,"Shipped - Delivered to Buyer",false,725,1,"Rajasthan","JODHPUR","Western Dress","JNE3798-KR-XXL","Merchant","Amazon.in"
"407-4593786-8622714",2022-04-24,"Shipped",false,744,1,"Rajasthan","JAIPUR","Western Dress","J0339-DR-XXXL","Amazon","Amazon.in"
"407-4620276-3106750",2022-04-24,"Shipped",false,286,1,"Rajasthan","ALWAR","kurta","JNE3603-KR-XXL","Amazon","Amazon.in"
"407-6160983-6989141",2022-04-24,"Shipped",false,824,1,"Rajasthan","JAISALMER","Set","SET264-KR-NP-XXL","Amazon","Amazon.in"
"407-7637703-3591563",2022-04-24,"Shipped",false,1186,1,"Rajasthan","PILANI TOWN","Set","SET304-KR-DPT-M","Amazon","Amazon.in"
"407-9120588-9046753",2022-04-24,"Cancelled",true,622.86,0,"Rajasthan","JODHPUR","Set","SET339-KR-NP-XXL","Merchant","Amazon.in"
"408-0409272-6059525",2022-04-24,"Shipped",false,788,1,"Rajasthan","ALWAR","Set","SET268-KR-NP-XXXL","Amazon","Amazon.in"
"408-0465774-8085924",2022-04-24,"Shipped",false,744,1,"Rajasthan","DHAULPUR","Western Dress","J0341-DR-S","Amazon","Amazon.in"
"408-4570479-8264324",2022-04-24,"Shipped - Delivered to Buyer",false,1213,1,"Rajasthan","SRI GANGANAGAR","Set","J0234-SKD-S","Merchant","Amazon.in"
"408-5791994-8612313",2022-04-24,"Shipped - Delivered to Buyer",false,0,1,"Rajasthan","KOTA","Set","SET364-KR-NP-M","Merchant","Amazon.in"
"408-8732001-5841126",2022-04-24,"Shipped",false,399,1,"Rajasthan","JAIPUR","Top","J0181-TP-L","Amazon","Amazon.in"
"408-9069444-2819514",2022-04-24,"Shipped",false,399,1,"Rajasthan","Baran","kurta","JNE3405-KR-XS","Amazon","Amazon.in"
"408-9285674-2716324",2022-04-24,"Shipped",false,0,1,"Rajasthan","BHIWADI","Set","SET273-KR-NP-M","Amazon","Amazon.in"
"171-4447739-0953129",2022-04-25,"Shipped - Delivered to Buyer",false,495,1,"Rajasthan","KOTA","kurta","JNE2171-KR-437-M","Merchant","Amazon.in"
"171-7397004-5958758",2022-04-25,"Shipped - Delivered to Buyer",false,521,1,"Rajasthan","BHILWARA","kurta","JNE3834-KR-M","Merchant","Amazon.in"
"171-8534023-8105949",2022-04-25,"Shipped",false,825,1,"Rajasthan","AJMER","Western Dress","JNE3881-DR-XXXL","Amazon","Amazon.in"
"402-4712857-5013919",2022-04-25,"Shipped",false,518,1,"Rajasthan","BHIWADI","Bottom","BTM026-NP-XL","Amazon","Amazon.in"
"403-3098732-6631549",2022-04-25,"Cancelled",true,,0,"Rajasthan","KOTA","kurta","JNE3384-KR-XL","Amazon","Amazon.in"
"403-6176534-4289937",2022-04-25,"Shipped - Delivered to Buyer",false,399,1,"Rajasthan","RIICO INDUSTRIAL AREA NEEMRANA","kurta","JNE3405-KR-XL","Merchant","Amazon.in"
"403-6235855-4525100",2022-04-25,"Shipped",false,357,1,"Rajasthan","Suratgarh","kurta","JNE2305-KR-533-L","Amazon","Amazon.in"
"403-7584747-8466722",2022-04-25,"Shipped - Delivered to Buyer",false,345,1,"Rajasthan","TONK","kurta","JNE3796-KR-S","Merchant","Amazon.in"
"403-8072145-4442718",2022-04-25,"Shipped - Delivered to Buyer",false,597,1,"Rajasthan","MANDAWA","Set","SET324-KR-NP-S","Merchant","Amazon.in"
"404-0026822-1592301",2022-04-25,"Shipped",false,329,1,"Rajasthan","UDAIPURudipur","Top","JNE3642-TP-XS","Amazon","Amazon.in"
"404-2972138-6190750",2022-04-25,"Shipped - Delivered to Buyer",false,666,1,"Rajasthan","MAKRANA","Set","SET345-KR-NP-L","Merchant","Amazon.in"
"404-3031763-0340326",2022-04-25,"Shipped - Returned to Seller",false,852,1,"Rajasthan","HANUMANGARH","Set","SET347-KR-NP-XS","Merchant","Amazon.in"
"404-5545107-9465102",2022-04-25,"Cancelled",true,,0,"Rajasthan","MAKRANA","Set","SET345-KR-NP-M","Merchant","Amazon.in"
"404-6098372-3800352",2022-04-25,"Shipped - Delivered to Buyer",false,968,1,"Rajasthan","BEAWAR","Set","SET349-KR-NP-XXXL","Merchant","Amazon.in"
"404-7059687-7052340",2022-04-25,"Shipped - Delivered to Buyer",false,1186,1,"Rajasthan","JAIPUR","Set","SET398-KR-PP-XXL","Merchant","Amazon.in"
"405-1308350-1846741",2022-04-25,"Cancelled",true,653,1,"Rajasthan","AJMER","Set","J0095-SET-M","Amazon","Amazon.in"
"405-3596304-5102746",2022-04-25,"Shipped - Delivered to Buyer",false,859,1,"Rajasthan","JAIPUR","Western Dress","J0396-DR-XL","Merchant","Amazon.in"
"405-5417518-6293129",2022-04-25,"Shipped - Delivered to Buyer",false,399,1,"Rajasthan","UDAIPUR","kurta","JNE3405-KR-S","Merchant","Amazon.in"
"405-7596517-8068361",2022-04-25,"Shipped - Delivered to Buyer",false,458,1,"Rajasthan","ABU ROAD","kurta","JNE3784-KR-L","Merchant","Amazon.in"
"406-0030945-1513902",2022-04-25,"Shipped - Delivered to Buyer",false,591,1,"Rajasthan","Kishangarh","kurta","J0083-KR-M","Merchant","Amazon.in"
"406-5691267-3909902",2022-04-25,"Shipped",false,696,1,"Rajasthan","PILANI TOWN","kurta","JNE3068-KR-A-S","Amazon","Amazon.in"
"406-6812814-3953907",2022-04-25,"Shipped",false,1299,1,"Rajasthan","KOTA","Set","J0233-SKD-L","Amazon","Amazon.in"
"407-4578416-6637914",2022-04-25,"Shipped - Delivered to Buyer",false,599,1,"Rajasthan","RAWATBHATA","Top","JNE3865-TP-L","Merchant","Amazon.in"
"408-2125765-6861144",2022-04-25,"Shipped",false,487,1,"Rajasthan","Jodhpur","Top","J0118-TP-L","Amazon","Amazon.in"
"408-3471100-5374729",2022-04-25,"Shipped - Delivered to Buyer",false,1338,1,"Rajasthan","BALOTRA","Set","SET363-KR-NP-L","Merchant","Amazon.in"
"408-5580634-2081904",2022-04-25,"Shipped",false,0,1,"Rajasthan","SIKAR","Top","JNE3743-TP-XS","Amazon","Amazon.in"
"408-5632993-7483518",2022-04-25,"Shipped",false,824,1,"Rajasthan","JAIPUR","Set","SET269-KR-NP-L","Amazon","Amazon.in"
"171-5149683-2385119",2022-04-26,"Shipped - Delivered to Buyer",false,744,1,"Rajasthan","RAWATBHATA","Western Dress","J0339-DR-M","Merchant","Amazon.in"
"171-6504928-6360356",2022-04-26,"Shipped",false,421,1,"Rajasthan","AJMER","kurta","JNE3736-KR-L","Amazon","Amazon.in"
"402-2621303-3587507",2022-04-26,"Shipped - Delivered to Buyer",false,518,1,"Rajasthan","JAIPUR","Bottom","BTM002-B-M","Merchant","Amazon.in"
"402-3913844-5235537",2022-04-26,"Shipped - Delivered to Buyer",false,597,1,"Rajasthan","BHILWARA","Set","SET324-KR-NP-XS","Merchant","Amazon.in"
"402-4715238-8520355",2022-04-26,"Cancelled",true,680.95,0,"Rajasthan","SRI GANGANAGAR","Set","SET145-KR-NP-S","Merchant","Amazon.in"
"402-7631750-0201912",2022-04-26,"Shipped - Delivered to Buyer",false,597,1,"Rajasthan","BHILWARA","Set","SET324-KR-NP-XXL","Merchant","Amazon.in"
"403-0280928-4129929",2022-04-26,"Shipped - Delivered to Buyer",false,399,1,"Rajasthan","JAIPUR","kurta","JNE3439-KR-XXL","Merchant","Amazon.in"
"403-0280928-4129929",2022-04-26,"Shipped - Delivered to Buyer",false,271,1,"Rajasthan","JAIPUR","kurta","JNE3717-KR-XL","Merchant","Amazon.in"
"403-0479502-4665961",2022-04-26,"Shipped - Delivered to Buyer",false,1115,1,"Rajasthan","SIKAR","Set","SET397-KR-NP-S","Merchant","Amazon.in"
"403-0526035-7288327",2022-04-26,"Shipped",false,885,1,"Rajasthan","JAIPUR","Western Dress","J0398-DR-M","Amazon","Amazon.in"
"403-9897823-9016334",2022-04-26,"Shipped",false,299,1,"Rajasthan","JAIPUR","Top","JNE3666-TP-XL","Amazon","Amazon.in"
"404-5089450-6857159",2022-04-26,"Cancelled",true,,0,"Rajasthan","JAIPUR","Set","SET331-KR-NP-L","Amazon","Amazon.in"
"405-7880310-3215500",2022-04-26,"Shipped - Delivered to Buyer",false,474,1,"Rajasthan","JAIPUR","Set","NW029-ST-SR-XXL","Merchant","Amazon.in"
"406-3113407-4974750",2022-04-26,"Shipped",false,662,1,"Rajasthan","JAIPUR","Set","SET219-KR-PP-L","Amazon","Amazon.in"
"406-3670493-0896307",2022-04-26,"Shipped",false,999,1,"Rajasthan","JHALAWAR","Set","SET390-KR-NP-XL","Amazon","Amazon.in"
"407-0610229-8120340",2022-04-26,"Cancelled",true,,0,"Rajasthan","KOTA","kurta","MEN5001-KR-L","Merchant","Amazon.in"
"407-2177197-8709120",2022-04-26,"Shipped - Delivered to Buyer",false,449,1,"Rajasthan","Jodhpur","kurta","MEN5003-KR-XXXL","Merchant","Amazon.in"
"407-3021820-3973961",2022-04-26,"Cancelled",true,499,1,"Rajasthan","NASIRABAD","kurta","MEN5002-KR-M","Amazon","Amazon.in"
"407-3490331-1829963",2022-04-26,"Shipped",false,597,1,"Rajasthan","KOTA","Set","SET331-KR-NP-M","Amazon","Amazon.in"
"407-3683734-4846713",2022-04-26,"Shipped - Delivered to Buyer",false,499,1,"Rajasthan","KOTA","kurta","MEN5001-KR-L","Merchant","Amazon.in"
"407-4588021-2538725",2022-04-26,"Shipped - Delivered to Buyer",false,597,1,"Rajasthan","KOTA","Set","SET324-KR-NP-M","Merchant","Amazon.in"
"407-8541687-9479545",2022-04-26,"Shipped - Delivered to Buyer",false,1238,1,"Rajasthan","JODHPUR","Set","SET377-KR-NP-M","Merchant","Amazon.in"
"408-4882521-0739521",2022-04-26,"Cancelled",true,,0,"Rajasthan","JAIPUR","Western Dress","J0335-DR-L","Amazon","Amazon.in"
"408-6633745-5246731",2022-04-26,"Shipped - Delivered to Buyer",false,899,1,"Rajasthan","JAIPUR","Western Dress","J0005-DR-L","Merchant","Amazon.in"
"171-1081347-9640320",2022-04-27,"Shipped - Delivered to Buyer",false,329,1,"Rajasthan","ALWAR","kurta","J0024-KR-XL","Merchant","Amazon.in"
"171-1081347-9640320",2022-04-27,"Shipped - Delivered to Buyer",false,259,1,"Rajasthan","ALWAR","kurta","JNE3479-KR-L","Merchant","Amazon.in"
"171-1081347-9640320",2022-04-27,"Shipped - Delivered to Buyer",false,295,1,"Rajasthan","ALWAR","kurta","JNE3694-KR-M","Merchant","Amazon.in"
"171-1081347-9640320",2022-04-27,"Shipped - Delivered to Buyer",false,295,1,"Rajasthan","ALWAR","kurta","JNE1234-MULTI-KR-032-L","Merchant","Amazon.in"
"171-2393160-7521921",2022-04-27,"Shipped",false,518,1,"Rajasthan","JODHPUR","kurta","JNE2270-KR-487-A-XXL","Amazon","Amazon.in"
"171-3584078-0448330",2022-04-27,"Shipped - Delivered to Buyer",false,280,1,"Rajasthan","UDAIPUR","kurta","JNE3722-KR-L","Merchant","Amazon.in"
"171-3584078-0448330",2022-04-27,"Shipped - Delivered to Buyer",false,280,1,"Rajasthan","UDAIPUR","kurta","JNE3722-KR-M","Merchant","Amazon.in"
"171-4953811-7478703",2022-04-27,"Shipped",false,280,1,"Rajasthan","UDAIPUR","kurta","JNE3722-KR-XL","Amazon","Amazon.in"
"171-5363724-8595548",2022-04-27,"Shipped",false,631,1,"Rajasthan","JODHPUR","Set","SET386-KR-NP-XS","Amazon","Amazon.in"
"171-6166862-9129159",2022-04-27,"Shipped",false,399,1,"Rajasthan","Jaipur","kurta","JNE3440-KR-N-XXXL","Amazon","Amazon.in"
"171-9020441-7271540",2022-04-27,"Shipped",false,286,1,"Rajasthan","ALWAR","kurta","JNE3603-KR-L","Amazon","Amazon.in"
"402-3503978-8246736",2022-04-27,"Shipped",false,318,1,"Rajasthan","SRI MADHOPUR","kurta","J0026-KR-S","Amazon","Amazon.in"
"402-3503978-8246736",2022-04-27,"Shipped",false,345,1,"Rajasthan","SRI MADHOPUR","kurta","J0073-KR-M","Amazon","Amazon.in"
"402-3503978-8246736",2022-04-27,"Shipped",false,318,1,"Rajasthan","SRI MADHOPUR","kurta","J0072-KR-M","Amazon","Amazon.in"
"402-4066055-9142713",2022-04-27,"Cancelled",true,570.48,0,"Rajasthan","RAWATBHATA","Set","SET187-KR-DH-XL","Merchant","Amazon.in"
"402-4427854-7497134",2022-04-27,"Cancelled",true,653,1,"Rajasthan","JAIPUR","Set","J0095-SET-XL","Amazon","Amazon.in"
"402-5032060-8208358",2022-04-27,"Shipped - Delivered to Buyer",false,499,1,"Rajasthan","JAIPUR","Set","SET281-KR-PP-XXL","Merchant","Amazon.in"
"402-9154602-8935558",2022-04-27,"Shipped - Delivered to Buyer",false,599,1,"Rajasthan","RAWATBHATA","Set","SET187-KR-DH-XL","Merchant","Amazon.in"
"403-6612889-7465918",2022-04-27,"Shipped",false,568,1,"Rajasthan","BIKANER","kurta","JNE3463-KR-L","Amazon","Amazon.in"
"403-7419051-7005958",2022-04-27,"Shipped",false,432,1,"Rajasthan","JAIPUR","Top","JNE3645-TP-N-XL","Amazon","Amazon.in"
"404-1071673-9704353",2022-04-27,"Shipped - Delivered to Buyer",false,1149,1,"Rajasthan","JAIPUR","Set","J0108-SKD-XXXL","Merchant","Amazon.in"
"404-3173729-6038762",2022-04-27,"Shipped",false,474,1,"Rajasthan","jaipur","Set","NW029-ST-SR-XS","Amazon","Amazon.in"
"404-5413770-9949915",2022-04-27,"Cancelled",true,454.29,0,"Rajasthan","KOTA","kurta","JNE3749-KR-L","Merchant","Amazon.in"
"404-8520453-9240363",2022-04-27,"Cancelled",true,474,1,"Rajasthan","JAIPUR","Set","NW029-ST-SR-XS","Amazon","Amazon.in"
"404-9620598-8030741",2022-04-27,"Shipped - Delivered to Buyer",false,568,1,"Rajasthan","UDAIPUR","kurta","JNE3609-KR-M","Merchant","Amazon.in"
"404-9620598-8030741",2022-04-27,"Shipped - Delivered to Buyer",false,654,1,"Rajasthan","UDAIPUR","Set","J0003-SET-M","Merchant","Amazon.in"
"405-1332846-3665929",2022-04-27,"Shipped",false,1126,1,"Rajasthan","JODHPUR","Set","SET360-KR-NP-XS","Amazon","Amazon.in"
"405-2456861-8630762",2022-04-27,"Shipped - Delivered to Buyer",false,487,1,"Rajasthan","CHIRAWA","kurta","JNE3787-KR-S","Merchant","Amazon.in"
"405-2895380-1771548",2022-04-27,"Shipped",false,493,1,"Rajasthan","JAIPUR","Top","J0301-TP-XL","Amazon","Amazon.in"
"405-4209323-1169908",2022-04-27,"Shipped",false,1163,1,"Rajasthan","ABU ROAD","Set","SET366-KR-NP-XXL","Amazon","Amazon.in"
"405-7271273-4365105",2022-04-27,"Shipped - Delivered to Buyer",false,725,1,"Rajasthan","BIKANER","kurta","JNE3801-KR-XXL","Merchant","Amazon.in"
"406-0250347-3732319",2022-04-27,"Shipped - Delivered to Buyer",false,1238,1,"Rajasthan","JAIPUR","Set","SET377-KR-NP-L","Merchant","Amazon.in"
"406-1619202-3983549",2022-04-27,"Cancelled",true,,0,"Rajasthan","UDAIPUR","Set","SET366-KR-NP-XXL","Amazon","Amazon.in"
"406-2098634-7421917",2022-04-27,"Shipped",false,487,1,"Rajasthan","JAIPUR","Top","J0118-TP-XL","Amazon","Amazon.in"
"406-2298011-5309151",2022-04-27,"Shipped",false,586,1,"Rajasthan","BIKANER","Set","NW009-ST-CP-XXL","Amazon","Amazon.in"
"406-3829860-6886755",2022-04-27,"Shipped",false,1112,1,"Rajasthan","NOHAR","Set","J0230-SKD-XL","Amazon","Amazon.in"
"406-3829860-6886755",2022-04-27,"Shipped",false,1112,1,"Rajasthan","NOHAR","Set","J0230-SKD-S","Amazon","Amazon.in"
"406-7523773-2046715",2022-04-27,"Shipped",false,533,1,"Rajasthan","JAIPUR","kurta","MEN5022-KR-L","Amazon","Amazon.in"
"406-7933758-8941910",2022-04-27,"Shipped - Delivered to Buyer",false,680,1,"Rajasthan","JAIPUR","Set","SET389-KR-NP-XXL","Merchant","Amazon.in"
"407-0017393-6238727",2022-04-27,"Shipped",false,1112,1,"Rajasthan","JAIPUR","Set","J0230-SKD-S","Amazon","Amazon.in"
"407-1009495-0829907",2022-04-27,"Shipped - Delivered to Buyer",false,824,1,"Rajasthan","RIICO INDUSTRIAL AREA KHUSHKHERA","Set","SET269-KR-NP-XL","Merchant","Amazon.in"
"407-1921580-2429119",2022-04-27,"Shipped - Delivered to Buyer",false,518,1,"Rajasthan","JAIPUR","Top","JNE3648-TP-N-M","Merchant","Amazon.in"
"407-2396061-2312321",2022-04-27,"Shipped",false,1388,1,"Rajasthan","BHILWARA","Set","J0281-SKD-XS","Amazon","Amazon.in"
"407-7126298-5683549",2022-04-27,"Shipped",false,1112,1,"Rajasthan","TONK","Set","J0230-SKD-M","Amazon","Amazon.in"
"407-9739432-1926731",2022-04-27,"Shipped - Delivered to Buyer",false,744,1,"Rajasthan","JAIPUR","Western Dress","J0343-DR-M","Merchant","Amazon.in"
"408-3828170-3808330",2022-04-27,"Shipped - Returned to Seller",false,597,1,"Rajasthan","NEEM KA THANA","Set","SET324-KR-NP-XS","Merchant","Amazon.in"
"408-5006252-7424328",2022-04-27,"Shipped",false,1112,1,"Rajasthan","UDAIPUR","Set","J0230-SKD-XL","Amazon","Amazon.in"
"408-6352774-8888349",2022-04-27,"Cancelled",true,784.76,0,"Rajasthan","JAIPUR","Set","SET269-KR-NP-XL","Merchant","Amazon.in"
"408-6836627-3324317",2022-04-27,"Cancelled",true,,0,"Rajasthan","JODHPUR","kurta","JNE3567-KR-M","Amazon","Amazon.in"
"408-9757627-7233920",2022-04-27,"Shipped - Delivered to Buyer",false,0,1,"Rajasthan","UDAIPUR","kurta","JNE3440-KR-N-XL","Merchant","Amazon.in"
"171-0682801-2017135",2022-04-28,"Shipped",false,471,1,"Rajasthan","SRI GANGANAGAR","kurta","JNE3368-KR-XXL","Amazon","Amazon.in"
"171-3265986-7781924",2022-04-28,"Shipped - Delivered to Buyer",false,856,1,"Rajasthan","JAIPUR","Set","SET320-KR-NP-XS","Merchant","Amazon.in"
"171-3640773-5521926",2022-04-28,"Cancelled",true,1115,1,"Rajasthan","PALI","Set","SET398-KR-PP-L","Amazon","Amazon.in"
"171-3997496-6461969",2022-04-28,"Shipped",false,625,1,"Rajasthan","Hanumangarh junction","Top","J0198-TP-M","Amazon","Amazon.in"
"171-6620689-2676365",2022-04-28,"Shipped",false,1432,1,"Rajasthan","JAIPUR","Set","J0285-SKD-XS","Amazon","Amazon.in"
"171-7947566-3043501",2022-04-28,"Shipped",false,586,1,"Rajasthan","JAIPUR","Set","NW024-TP-PJ-XL","Amazon","Amazon.in"
"171-8172640-4577922",2022-04-28,"Shipped",false,1213,1,"Rajasthan","TONK","Set","J0012-SKD-L","Amazon","Amazon.in"
"402-0601289-0557157",2022-04-28,"Cancelled",true,888,1,"Rajasthan","CHURU","Set","SET303-KR-NP-XS","Amazon","Amazon.in"
"402-3889841-1576308",2022-04-28,"Cancelled",true,654,1,"Rajasthan","CHURU","Set","J0003-SET-S","Amazon","Amazon.in"
"402-8511482-3521133",2022-04-28,"Shipped - Delivered to Buyer",false,916,1,"Rajasthan","JODHPUR","Set","SET343-KR-NP-XL","Merchant","Amazon.in"
"403-2901886-1961143",2022-04-28,"Shipped",false,788,1,"Rajasthan","JAIPUR","Set","SET268-KR-NP-XXXL","Amazon","Amazon.in"
"403-3065628-3511511",2022-04-28,"Shipped",false,631,1,"Rajasthan","JAIPUR","Set","SET385-KR-NP-XXXL","Amazon","Amazon.in"
"403-6862234-1674742",2022-04-28,"Shipped",false,1112,1,"Rajasthan","Jaipur","Set","J0230-SKD-L","Amazon","Amazon.in"
"403-7713067-9877923",2022-04-28,"Cancelled",true,,0,"Rajasthan","Jaipur","Top","J0118-TP-XL","Amazon","Amazon.in"
"404-1149787-8465143",2022-04-28,"Shipped",false,399,1,"Rajasthan","SRI GANGANAGAR","kurta","JNE3405-KR-S","Amazon","Amazon.in"
"404-4083525-3810756",2022-04-28,"Cancelled",true,,0,"Rajasthan","JAIPUR","Set","J0230-SKD-M","Amazon","Amazon.in"
"404-7682890-6502761",2022-04-28,"Shipped",false,968,1,"Rajasthan","BEAWAR","Set","SET348-KR-NP-XXXL","Amazon","Amazon.in"
"404-7990865-1893120",2022-04-28,"Shipped - Delivered to Buyer",false,487,1,"Rajasthan","JAIPUR","kurta","JNE3560-KR-XXL","Merchant","Amazon.in"
"406-1847890-8665900",2022-04-28,"Shipped - Delivered to Buyer",false,968,1,"Rajasthan","PALI","Set","SET344-KR-NP-XXL","Merchant","Amazon.in"
"406-2879103-4529136",2022-04-28,"Shipped",false,1112,1,"Rajasthan","NATHDWARA","Set","J0230-SKD-S","Amazon","Amazon.in"
"406-3596354-9054705",2022-04-28,"Shipped - Delivered to Buyer",false,487,1,"Rajasthan","CHURU","kurta","JNE3560-KR-XS","Merchant","Amazon.in"
"406-3846244-8341912",2022-04-28,"Shipped - Returned to Seller",false,1238,1,"Rajasthan","JODHPUR","Set","SET377-KR-NP-XXXL","Merchant","Amazon.in"
"406-3940751-8289163",2022-04-28,"Shipped",false,1163,1,"Rajasthan","CHITTAURGARH","Set","SET366-KR-NP-XXL","Amazon","Amazon.in"
"406-8985990-7477108",2022-04-28,"Shipped",false,432,1,"Rajasthan","JAIPUR","Top","JNE3645-TP-N-S","Amazon","Amazon.in"
"406-9972228-2945132",2022-04-28,"Shipped",false,968,1,"Rajasthan","PALI","Set","SET348-KR-NP-XXL","Amazon","Amazon.in"
"407-0057969-4752371",2022-04-28,"Shipped",false,1199,1,"Rajasthan","JAIPUR","Set","SET366-KR-NP-XS","Amazon","Amazon.in"
"407-2070861-0186727",2022-04-28,"Shipped - Delivered to Buyer",false,665,1,"Rajasthan","BHIWADI","Western Dress","J0308-DR-S","Merchant","Amazon.in"
"407-4829670-8890717",2022-04-28,"Shipped - Delivered to Buyer",false,1149,1,"Rajasthan","Sikar","Set","J0108-SKD-XL","Merchant","Amazon.in"
"407-6748271-9702759",2022-04-28,"Shipped",false,1199,1,"Rajasthan","JAIPUR","Set","SET366-KR-NP-XS","Amazon","Amazon.in"
"407-8335193-0232366",2022-04-28,"Shipped",false,399,1,"Rajasthan","JODHPUR","kurta","JNE3405-KR-XS","Amazon","Amazon.in"
"408-1276142-4174768",2022-04-28,"Shipped",false,597,1,"Rajasthan","JODHPUR","Set","SET331-KR-NP-S","Amazon","Amazon.in"
"408-1361340-6284358",2022-04-28,"Shipped",false,0,1,"Rajasthan","JODHPUR","Set","SET269-KR-NP-S","Amazon","Amazon.in"
"171-3948959-6421154",2022-04-29,"Shipped - Delivered to Buyer",false,1033,1,"Rajasthan","Banswara","Set","J0283-SET-XXL","Merchant","Amazon.in"
"171-4965593-6136320",2022-04-29,"Shipped - Delivered to Buyer",false,534,1,"Rajasthan","Banswara","kurta","J0097-KR-XL","Merchant","Amazon.in"
"402-0807056-6323566",2022-04-29,"Shipped",false,1115,1,"Rajasthan","JAIPUR","Set","SET398-KR-PP-S","Amazon","Amazon.in"
"402-5346427-0989143",2022-04-29,"Shipped",false,968,1,"Rajasthan","JODHPUR","Set","SET349-KR-NP-XL","Amazon","Amazon.in"
"402-7058104-9370726",2022-04-29,"Shipped - Returned to Seller",false,518,1,"Rajasthan","BAGRU","Top","JNE3648-TP-N-M","Merchant","Amazon.in"
"402-8277187-0355525",2022-04-29,"Cancelled",true,,0,"Rajasthan","JODHPUR","Set","SET349-KR-NP-XL","Amazon","Amazon.in"
"403-0748084-7987510",2022-04-29,"Cancelled",true,,0,"Rajasthan","MERTA CITY","Set","SET398-KR-PP-XL","Amazon","Amazon.in"
"404-5051575-0289923",2022-04-29,"Cancelled",true,,0,"Rajasthan","JAIPUR","kurta","JNE3562-KR-XXL","Amazon","Amazon.in"
"404-7164315-9695556",2022-04-29,"Cancelled",true,563,1,"Rajasthan","Gangapur city","Set","SET291-KR-PP-S","Amazon","Amazon.in"
"404-7478762-7926753",2022-04-29,"Shipped",false,,0,"Rajasthan","Gangapur city","Set","SET331-KR-NP-S","Amazon","Amazon.in"
"404-7478762-7926753",2022-04-29,"Shipped",false,563,1,"Rajasthan","Gangapur city","Set","SET291-KR-PP-S","Amazon","Amazon.in"
"404-8572193-2839561",2022-04-29,"Shipped",false,442,1,"Rajasthan","BHIWADI","kurta","JNE3291-KR-XL","Amazon","Amazon.in"
"404-9908917-6100303",2022-04-29,"Shipped",false,376,1,"Rajasthan","JAIPUR","kurta","JNE3373-KR-XXL","Amazon","Amazon.in"
"405-0582648-1113151",2022-04-29,"Shipped",false,648,1,"Rajasthan","BIKANER","Set","SET223-KR-NP-XXXL","Amazon","Amazon.in"
"405-4509800-2397918",2022-04-29,"Shipped - Delivered to Buyer",false,729,1,"Rajasthan","BIKANER","Set","SET236-KR-PP-XXXL","Merchant","Amazon.in"
"406-2488091-1490762",2022-04-29,"Shipped - Delivered to Buyer",false,1249,1,"Rajasthan","UDAIPUR","kurta","J0385-KR-L","Merchant","Amazon.in"
"406-2932330-3321959",2022-04-29,"Cancelled",true,,0,"Rajasthan","CHIRAWA","Set","SET110-KR-PP-S","Amazon","Amazon.in"
"406-3174458-1341148",2022-04-29,"Cancelled",true,,0,"Rajasthan","UDAIPUR","kurta","J0385-KR-XXXL","Merchant","Amazon.in"
"406-5402864-8206726",2022-04-29,"Shipped",false,788,1,"Rajasthan","CHIRAWA","Set","SET110-KR-PP-XS","Amazon","Amazon.in"
"406-8311747-1761122",2022-04-29,"Shipped",false,626,1,"Rajasthan","Jodhpur","Set","SET345-KR-NP-M","Amazon","Amazon.in"
"406-8311747-1761122",2022-04-29,"Shipped",false,597,1,"Rajasthan","Jodhpur","Set","SET324-KR-NP-M","Amazon","Amazon.in"
"407-0587492-6776324",2022-04-29,"Shipped",false,725,1,"Rajasthan","BIKANER","Western Dress","JNE3797-KR-L","Amazon","Amazon.in"
"407-0734955-7712311",2022-04-29,"Shipped",false,715,1,"Rajasthan","JAIPUR","Set","SET145-KR-NP-M","Amazon","Amazon.in"
"407-1233874-0563510",2022-04-29,"Shipped - Delivered to Buyer",false,459,1,"Rajasthan","JAIPUR","kurta","JNE3805-KR-XL","Merchant","Amazon.in"
"407-6159634-3080303",2022-04-29,"Shipped - Delivered to Buyer",false,699,1,"Rajasthan","LACHHMANGARH","Ethnic Dress","J0211-DR-M","Merchant","Amazon.in"
"407-9019371-6608351",2022-04-29,"Shipped",false,1299,1,"Rajasthan","UDAIPUR","Set","SET388-KR-NP-XL","Amazon","Amazon.in"
"408-0122174-0964317",2022-04-29,"Cancelled",true,,0,"Rajasthan","JAIPUR","kurta","JNE3562-KR-XXL","Amazon","Amazon.in"
"408-1454365-9320327",2022-04-29,"Shipped",false,459,1,"Rajasthan","PALI","kurta","JNE3611-KR-XXL","Amazon","Amazon.in"
"408-2100329-5574743",2022-04-29,"Shipped - Delivered to Buyer",false,0,1,"Rajasthan","JAIPUR","kurta","MEN5022-KR-XXL","Merchant","Amazon.in"
"408-4563887-9018736",2022-04-29,"Shipped",false,885,1,"Rajasthan","sriganganagar","Western Dress","J0401-DR-S","Amazon","Amazon.in"
"408-5438679-8754703",2022-04-29,"Cancelled",true,,0,"Rajasthan","JAIPUR","kurta","JNE3562-KR-XXL","Amazon","Amazon.in"
"408-7704567-9953168",2022-04-29,"Shipped - Delivered to Buyer",false,0,1,"Rajasthan","JAIPUR","Set","J0242-SKD-XXL","Merchant","Amazon.in"
"171-0201364-0214715",2022-04-30,"Shipped",false,692,1,"Rajasthan","PALI","Set","SET293-KR-NP-XXL","Amazon","Amazon.in"
"171-1492122-0351528",2022-04-30,"Shipped",false,399,1,"Rajasthan","JAIPUR","Top","J0181-TP-M","Amazon","Amazon.in"
"171-2789156-5817163",2022-04-30,"Shipped - Delivered to Buyer",false,449,1,"Rajasthan","NAGAUR","kurta","MEN5003-KR-XXXL","Merchant","Amazon.in"
"171-3669717-3172330",2022-04-30,"Shipped",false,499,1,"Rajasthan","BHINDER","kurta","MEN5009-KR-M","Amazon","Amazon.in"
"402-5130139-3477108",2022-04-30,"Shipped - Delivered to Buyer",false,419,1,"Rajasthan","JAIPUR","kurta","JNE3501-KR-L","Merchant","Amazon.in"
"402-7784273-3159533",2022-04-30,"Shipped",false,540,1,"Rajasthan","JAIPUR","Top","J0119-TP-XL","Amazon","Amazon.in"
"402-8586265-6512303",2022-04-30,"Shipped",false,316,1,"Rajasthan","JAIPUR","kurta","JNE3703-KR-L","Amazon","Amazon.in"
"402-9348518-5984354",2022-04-30,"Cancelled",true,,0,"Rajasthan","JAIPUR","kurta","JNE3611-KR-XXXL","Amazon","Amazon.in"
"402-9348518-5984354",2022-04-30,"Cancelled",true,,0,"Rajasthan","JAIPUR","kurta","JNE3461-KR-XXL","Amazon","Amazon.in"
"402-9564773-1029157",2022-04-30,"Shipped",false,363,1,"Rajasthan","JAIPUR","kurta","JNE3461-KR-XXL","Amazon","Amazon.in"
"403-0752752-4656334",2022-04-30,"Shipped",false,597,1,"Rajasthan","DHAULPUR","Set","SET324-KR-NP-XS","Amazon","Amazon.in"
"403-1162895-2484367",2022-04-30,"Shipped - Delivered to Buyer",false,859,1,"Rajasthan","JAIPUR","Western Dress","J0295-DR-XXL","Merchant","Amazon.in"
"403-4009455-2766717",2022-04-30,"Shipped",false,399,1,"Rajasthan","SURATGARH","kurta","JNE3568-KR-XXL","Amazon","Amazon.in"
"403-4793370-3281154",2022-04-30,"Shipped",false,329,1,"Rajasthan","JAIPUR","kurta","JNE3721-KR-XXL","Amazon","Amazon.in"
"403-6574556-1329104",2022-04-30,"Shipped - Delivered to Buyer",false,399,1,"Rajasthan","SIKAR","kurta","JNE3439-KR-M","Merchant","Amazon.in"
"403-8768136-7946758",2022-04-30,"Shipped",false,680,1,"Rajasthan","BHILWARA","Set","SET389-KR-NP-XL","Amazon","Amazon.in"
"403-9928712-6587519",2022-04-30,"Shipped",false,597,1,"Rajasthan","Dungarpur","Set","SET331-KR-NP-L","Amazon","Amazon.in"
"404-0988705-4509952",2022-04-30,"Shipped",false,597,1,"Rajasthan","UDAIPURudipur","Set","SET324-KR-NP-XS","Amazon","Amazon.in"
"404-5775216-5570767",2022-04-30,"Shipped",false,476,1,"Rajasthan","JAIPUR","kurta","JNE3562-KR-XXL","Amazon","Amazon.in"
"405-6584819-2669165",2022-04-30,"Shipped",false,1112,1,"Rajasthan","JAIPUR","Set","J0230-SKD-L","Amazon","Amazon.in"
"405-6880044-2861120",2022-04-30,"Shipped",false,517,1,"Rajasthan","NIMBAHERA","kurta","JNE3795-KR-XXXL","Amazon","Amazon.in"
"406-0002738-2742749",2022-04-30,"Shipped",false,680,1,"Rajasthan","JAIPUR","Set","SET188-KR-NP-XS","Amazon","Amazon.in"
"406-3815399-6450709",2022-04-30,"Shipped",false,545,1,"Rajasthan","NATHDWARA","Top","J0334-TP-S","Amazon","Amazon.in"
"406-5667481-9041162",2022-04-30,"Shipped",false,737,1,"Rajasthan","JAIPUR","Set","SET253-KR-NP-XXXL","Amazon","Amazon.in"
"406-6367823-2760322",2022-04-30,"Cancelled",true,1468.58,0,"Rajasthan","AJMER","Western Dress","JNE3800-KR-XL","Merchant","Amazon.in"
"406-8112035-0609144",2022-04-30,"Shipped",false,329,1,"Rajasthan","AJMER","kurta","JNE3721-KR-XXL","Amazon","Amazon.in"
"406-9379318-6555504",2022-04-30,"Shipped",false,329,1,"Rajasthan","JAIPUR","kurta","JNE3721-KR-XXL","Amazon","Amazon.in"
"407-0994909-4122733",2022-04-30,"Shipped",false,696,1,"Rajasthan","UDAIPUR","kurta","PJ0096-KR-N-5XL","Amazon","Amazon.in"
"407-6622658-9113933",2022-04-30,"Shipped - Delivered to Buyer",false,1199,1,"Rajasthan","JAIPUR","Set","SET366-KR-NP-XL","Merchant","Amazon.in"
"407-9661775-4695505",2022-04-30,"Cancelled",true,,0,"Rajasthan","BIKANER","Western Dress","JNE3797-KR-M","Amazon","Amazon.in"
"407-9665025-0698751",2022-04-30,"Cancelled",true,,0,"Rajasthan","BHIWADI","Western Dress","J0308-DR-M","Amazon","Amazon.in"
"408-0666162-2209142",2022-04-30,"Shipped",false,899,1,"Rajasthan","BHIWADI","Ethnic Dress","J0006-SET-L","Amazon","Amazon.in"
"408-2880568-9924335",2022-04-30,"Shipped",false,788,1,"Rajasthan","Dabi","Set","SET268-KR-NP-XL","Amazon","Amazon.in"
"408-3998053-4361911",2022-04-30,"Shipped",false,1221,1,"Rajasthan","JODHPUR","Set","SET378-KR-NP-XS","Amazon","Amazon.in"
"171-0019769-3152361",2022-05-01,"Shipped",false,788,1,"Rajasthan","JODHPUR","Set","SET268-KR-NP-XL","Amazon","Amazon.in"
"171-7760501-2711540",2022-05-01,"Shipped - Delivered to Buyer",false,1399,1,"Rajasthan","UDAIPUR","Set","SET355-KR-PP-M","Merchant","Amazon.in"
"171-7760501-2711540",2022-05-01,"Shipped - Delivered to Buyer",false,999,1,"Rajasthan","UDAIPUR","Set","J0010-LCD-M","Merchant","Amazon.in"
"402-0279142-8797900",2022-05-01,"Shipped",false,283,1,"Rajasthan","SIKAR","kurta","JNE3550-KR-XS","Amazon","Amazon.in"
"402-0279142-8797900",2022-05-01,"Shipped",false,345,1,"Rajasthan","SIKAR","kurta","JNE3726-KR-M","Amazon","Amazon.in"
"402-3826243-7693962",2022-05-01,"Shipped",false,399,1,"Rajasthan","AJMER","kurta","JNE3405-KR-XL","Amazon","Amazon.in"
"403-0963753-3857121",2022-05-01,"Shipped - Delivered to Buyer",false,665,1,"Rajasthan","JAIPUR","Blouse","J0217-BL-S","Merchant","Amazon.in"
"404-1596166-5165114",2022-05-01,"Shipped",false,459,1,"Rajasthan","SAWAI MADHOPUR","kurta","JNE3802-KR-XS","Amazon","Amazon.in"
"404-7981217-4884368",2022-05-01,"Shipped",false,376,1,"Rajasthan","ALWAR","kurta","JNE3373-KR-XXXL","Amazon","Amazon.in"
"404-8275468-7909954",2022-05-01,"Shipped",false,968,1,"Rajasthan","JAIPUR","Set","SET344-KR-NP-XL","Amazon","Amazon.in"
"404-8829889-4983559",2022-05-01,"Shipped",false,499,1,"Rajasthan","Banswara","kurta","MEN5014-KR-M","Amazon","Amazon.in"
"405-0549721-4656356",2022-05-01,"Cancelled",true,591,1,"Rajasthan","POKARAN","Set","SET116-KR-NP-XS","Amazon","Amazon.in"
"405-1767252-5569953",2022-05-01,"Cancelled",true,,0,"Rajasthan","MODAK","Set","SET324-KR-NP-M","Amazon","Amazon.in"
"405-2571171-8866754",2022-05-01,"Shipped - Delivered to Buyer",false,399,1,"Rajasthan","Bikaner","kurta","JNE3618-KR-L","Merchant","Amazon.in"
"405-3730091-6347557",2022-05-01,"Shipped",false,493,1,"Rajasthan","SIKAR","Top","J0301-TP-S","Amazon","Amazon.in"
"405-4951582-7829123",2022-05-01,"Shipped",false,329,1,"Rajasthan","AJMER","kurta","JNE3721-KR-L","Amazon","Amazon.in"
"405-6877567-4421930",2022-05-01,"Shipped - Delivered to Buyer",false,999,1,"Rajasthan","ABU ROAD","Set","SET393-KR-NP-XS","Merchant","Amazon.in"
"406-2524961-9973925",2022-05-01,"Shipped",false,1556,1,"Rajasthan","JAIPUR","Set","J0280-SKD-XS","Amazon","Amazon.in"
"406-2983348-3559520",2022-05-01,"Shipped - Delivered to Buyer",false,771,1,"Rajasthan","JAIPUR","Western Dress","JNE3797-KR-XS","Merchant","Amazon.in"
"406-3700536-4409920",2022-05-01,"Shipped",false,1133,1,"Rajasthan","JAIPUR","Set","J0008-SKD-XS","Amazon","Amazon.in"
"406-3700536-4409920",2022-05-01,"Shipped",false,648,1,"Rajasthan","JAIPUR","Set","SET048-KR-NP-XS","Amazon","Amazon.in"
"406-3976591-7624304",2022-05-01,"Cancelled",true,399,1,"Rajasthan","JAIPUR","kurta","JNE3423-KR-M","Amazon","Amazon.in"
"406-3976591-7624304",2022-05-01,"Cancelled",true,399,1,"Rajasthan","JAIPUR","kurta","JNE3567-KR-M","Amazon","Amazon.in"
"406-3976591-7624304",2022-05-01,"Cancelled",true,399,1,"Rajasthan","JAIPUR","kurta","JNE3440-KR-N-XS","Amazon","Amazon.in"
"406-7447838-2316325",2022-05-01,"Cancelled",true,888,1,"Rajasthan","BHILWARA","Set","SET319-KR-NP-S","Amazon","Amazon.in"
"407-0316981-3099552",2022-05-01,"Shipped",false,599,1,"Rajasthan","UDAIPUR","Set","SET291-KR-PP-XL","Amazon","Amazon.in"
"407-2669543-9350740",2022-05-01,"Shipped - Delivered to Buyer",false,399,1,"Rajasthan","jaipur","kurta","JNE3440-KR-N-XL","Merchant","Amazon.in"
"407-7258630-5661911",2022-05-01,"Shipped",false,499,1,"Rajasthan","GOREDI CHANCHA","kurta","MEN5002-KR-XXL","Amazon","Amazon.in"
"407-8890508-4424317",2022-05-01,"Shipped",false,452,1,"Rajasthan","AJMER","kurta","MEN5005-KR-XXXL","Amazon","Amazon.in"
"407-8890508-4424317",2022-05-01,"Shipped",false,475,1,"Rajasthan","AJMER","kurta","MEN5024-KR-XXXL","Amazon","Amazon.in"
"408-0179837-7505179",2022-05-01,"Shipped",false,517,1,"Rajasthan","AJMER","kurta","JNE3465-KR-XXXL","Amazon","Amazon.in"
"408-2509398-3605910",2022-05-01,"Shipped",false,487,1,"Rajasthan","JAIPUR","kurta","JNE3624-KR-S","Amazon","Amazon.in"
"408-5833450-9503527",2022-05-01,"Shipped",false,0,1,"Rajasthan","UDAIPUR","kurta","JNE3366-KR-1053-M","Amazon","Amazon.in"
"408-7088875-1039543",2022-05-01,"Cancelled",true,,0,"Rajasthan","BHARATPUR","kurta","JNE3399-KR-XL","Amazon","Amazon.in"
"408-8415331-4933951",2022-05-01,"Shipped - Delivered to Buyer",false,291,1,"Rajasthan","jaipur","kurta","JNE3775-KR-XXXL","Merchant","Amazon.in"
"408-9947938-9497907",2022-05-01,"Shipped",false,435,1,"Rajasthan","BHARATPUR","kurta","JNE3399-KR-XL","Amazon","Amazon.in"
"171-1435658-1805963",2022-05-02,"Shipped",false,654,1,"Rajasthan","SIKAR","Set","SET239-KR-NP-XS","Amazon","Amazon.in"
"171-2861406-9901106",2022-05-02,"Shipped",false,759,1,"Rajasthan","JODHPUR","Set","SET197-KR-NP-L","Amazon","Amazon.in"
"171-7778996-0194717",2022-05-02,"Shipped",false,442,1,"Rajasthan","JAIPUR","kurta","JNE3291-KR-M","Amazon","Amazon.in"
"402-0496497-2882753",2022-05-02,"Shipped",false,859,1,"Rajasthan","JAIPUR","Western Dress","J0295-DR-M","Amazon","Amazon.in"
"402-1681476-5211501",2022-05-02,"Shipped",false,387,1,"Rajasthan","PHALODI","kurta","JNE3440-KR-N-XS","Amazon","Amazon.in"
"402-2997706-3326710",2022-05-02,"Shipped",false,545,1,"Rajasthan","UDAIPUR","Set","SET233-KR-PP-XXL","Amazon","Amazon.in"
"402-2997706-3326710",2022-05-02,"Shipped",false,399,1,"Rajasthan","UDAIPUR","kurta","JNE3735-KR-XXL","Amazon","Amazon.in"
"402-2997706-3326710",2022-05-02,"Shipped",false,664,1,"Rajasthan","UDAIPUR","Set","SET288-KR-NP-XXXL","Amazon","Amazon.in"
"402-2997706-3326710",2022-05-02,"Shipped",false,684,1,"Rajasthan","UDAIPUR","Set","SET288-KR-NP-XXL","Amazon","Amazon.in"
"402-2997706-3326710",2022-05-02,"Shipped",false,399,1,"Rajasthan","UDAIPUR","kurta","JNE3568-KR-XXL","Amazon","Amazon.in"
"402-2997706-3326710",2022-05-02,"Shipped",false,545,1,"Rajasthan","UDAIPUR","Set","SET233-KR-PP-XXXL","Amazon","Amazon.in"
"402-2997706-3326710",2022-05-02,"Shipped",false,459,1,"Rajasthan","UDAIPUR","kurta","JNE3805-KR-XXXL","Amazon","Amazon.in"
"402-2997706-3326710",2022-05-02,"Shipped",false,424,1,"Rajasthan","UDAIPUR","kurta","JNE2153-KR-278-A-XXXL","Amazon","Amazon.in"
"402-9322035-7934744",2022-05-02,"Cancelled",true,899,1,"Rajasthan","SRI GANGANAGAR","Western Dress","J0005-DR-S","Amazon","Amazon.in"
"402-9709191-6893105",2022-05-02,"Shipped",false,432,1,"Rajasthan","Jaipur","Top","JNE3645-TP-N-XL","Amazon","Amazon.in"
"402-9950962-3855551",2022-05-02,"Shipped - Delivered to Buyer",false,399,1,"Rajasthan","UDAIPUR","kurta","JNE3735-KR-XXXL","Merchant","Amazon.in"
"402-9950962-3855551",2022-05-02,"Shipped - Delivered to Buyer",false,459,1,"Rajasthan","UDAIPUR","kurta","JNE3805-KR-XXL","Merchant","Amazon.in"
"403-1023660-5750746",2022-05-02,"Shipped - Delivered to Buyer",false,1399,1,"Rajasthan","MERTA CITY","Set","SET355-KR-PP-XXL","Merchant","Amazon.in"
"403-2153673-0724300",2022-05-02,"Shipped",false,399,1,"Rajasthan","JAIPUR","kurta","JNE3568-KR-XL","Amazon","Amazon.in"
"403-3762662-7309133",2022-05-02,"Shipped - Delivered to Buyer",false,493,1,"Rajasthan","JAIPUR","Top","JNE3659-TP-N-XL","Merchant","Amazon.in"
"403-4070471-3384350",2022-05-02,"Cancelled",true,,0,"Rajasthan","JAIPUR","Top","JNE3659-TP-N-XL","Merchant","Amazon.in"
"403-9498531-3447568",2022-05-02,"Shipped",false,680,1,"Rajasthan","BHILWARA","Set","SET389-KR-NP-L","Amazon","Amazon.in"
"404-1234455-8782759",2022-05-02,"Shipped",false,486,1,"Rajasthan","JAIPUR","kurta","JNE3795-KR-XXXL","Amazon","Amazon.in"
"404-4789931-9309167",2022-05-02,"Shipped",false,1033,1,"Rajasthan","NAGAUR","Set","SET282-KR-PP-XL","Amazon","Amazon.in"
"404-5196291-4829962",2022-05-02,"Cancelled",true,432,1,"Rajasthan","JAIPUR","Top","JNE3645-TP-N-XL","Amazon","Amazon.in"
"404-5446419-6421111",2022-05-02,"Shipped",false,484,1,"Rajasthan","JAIPUR","kurta","MEN5009-KR-M","Amazon","Amazon.in"
"405-2288793-5549122",2022-05-02,"Shipped",false,484,1,"Rajasthan","GANGAPUR CITY","kurta","MEN5009-KR-XL","Amazon","Amazon.in"
"405-3100984-0733959",2022-05-02,"Shipped",false,597,1,"Rajasthan","JAIPUR","Set","SET331-KR-NP-S","Amazon","Amazon.in"
"405-3981520-0853131",2022-05-02,"Shipped - Delivered to Buyer",false,724,1,"Rajasthan","ALWAR","Western Dress","JNE3797-KR-L","Merchant","Amazon.in"
"405-4038164-7304328",2022-05-02,"Shipped",false,329,1,"Rajasthan","CHURU","kurta","JNE2265-KR-501-S","Amazon","Amazon.in"
"405-4390074-6924352",2022-05-02,"Shipped",false,399,1,"Rajasthan","BEHROR","kurta","JNE3405-KR-XXL","Amazon","Amazon.in"
"405-8770346-9181138",2022-05-02,"Shipped - Delivered to Buyer",false,999,1,"Rajasthan","BARMER","Set","SET390-KR-NP-XL","Merchant","Amazon.in"
"405-9371496-8008339",2022-05-02,"Shipped",false,824,1,"Rajasthan","SARDARSHAHAR","Set","SET264-KR-NP-XXXL","Amazon","Amazon.in"
"405-9371496-8008339",2022-05-02,"Shipped",false,486,1,"Rajasthan","SARDARSHAHAR","kurta","JNE3794-KR-XXXL","Amazon","Amazon.in"
"405-9371496-8008339",2022-05-02,"Shipped",false,597,1,"Rajasthan","SARDARSHAHAR","Set","SET324-KR-NP-XXXL","Amazon","Amazon.in"
"405-9371496-8008339",2022-05-02,"Shipped",false,597,1,"Rajasthan","SARDARSHAHAR","Set","SET331-KR-NP-XXXL","Amazon","Amazon.in"
"405-9591729-8354713",2022-05-02,"Shipped",false,758,1,"Rajasthan","BARMER","Set","SET094-KR-NP-XL","Amazon","Amazon.in"
"405-9591729-8354713",2022-05-02,"Shipped",false,1115,1,"Rajasthan","BARMER","Set","SET398-KR-PP-XXL","Amazon","Amazon.in"
"406-1136142-5697966",2022-05-02,"Shipped",false,626,1,"Rajasthan","JAIPUR","Set","SET345-KR-NP-XS","Amazon","Amazon.in"
"406-4309001-6990708",2022-05-02,"Shipped",false,484,1,"Rajasthan","JAIPUR","kurta","MEN5009-KR-L","Amazon","Amazon.in"
"406-5482239-2067549",2022-05-02,"Shipped",false,597,1,"Rajasthan","JAISALMER","Set","SET324-KR-NP-L","Amazon","Amazon.in"
"406-5482239-2067549",2022-05-02,"Shipped",false,626,1,"Rajasthan","JAISALMER","Set","SET345-KR-NP-L","Amazon","Amazon.in"
"406-5969553-6904321",2022-05-02,"Shipped - Delivered to Buyer",false,1186,1,"Rajasthan","MOUNT ABU","Set","J0127-SKD-S","Merchant","Amazon.in"
"406-7276620-1521919",2022-05-02,"Cancelled",true,,0,"Rajasthan","KOTA","Set","J0127-SKD-S","Amazon","Amazon.in"
"406-9684276-5927563",2022-05-02,"Shipped",false,835,1,"Rajasthan","BHILWARA","Set","SET319-KR-NP-S","Amazon","Amazon.in"
"407-4204454-1433137",2022-05-02,"Shipped - Delivered to Buyer",false,724,1,"Rajasthan","BIKANER","Western Dress","JNE3797-KR-S","Merchant","Amazon.in"
"407-5857640-5661164",2022-05-02,"Shipped",false,684,1,"Rajasthan","Jaipur","Set","SET288-KR-NP-M","Amazon","Amazon.in"
"408-0538377-2453164",2022-05-02,"Shipped",false,909,1,"Rajasthan","KOTA","Set","PSET264-KR-NP-5XL","Amazon","Amazon.in"
"408-2699724-4281954",2022-05-02,"Cancelled",true,,0,"Rajasthan","SAWAI MADHOPUR","Set","SET058-KR-NP-M","Amazon","Amazon.in"
"408-8735700-7277914",2022-05-02,"Shipped",false,847,1,"Rajasthan","SAWAI MADHOPUR","Set","SET058-KR-NP-M","Amazon","Amazon.in"
"171-1804594-1501965",2022-05-03,"Shipped",false,839,1,"Rajasthan","KOTA","kurta","JNE2294-KR-A-XL","Amazon","Amazon.in"
"171-3999984-1049955",2022-05-03,"Shipped - Delivered to Buyer",false,597,1,"Rajasthan","JODHPUR","Set","SET331-KR-NP-XL","Merchant","Amazon.in"
"171-5711277-8957145",2022-05-03,"Shipped",false,1093,1,"Rajasthan","Churu","Set","SET361-KR-NP-S","Amazon","Amazon.in"
"171-8574432-5592354",2022-05-03,"Shipped",false,399,1,"Rajasthan","JAIPUR","kurta","JNE3567-KR-XXL","Amazon","Amazon.in"
"402-2560912-0830752",2022-05-03,"Cancelled",true,,0,"Rajasthan","KOTA","Set","J0283-SET-M","Amazon","Amazon.in"
"402-3343089-9400308",2022-05-03,"Shipped",false,539,1,"Rajasthan","JAIPUR","Set","NW015-TP-PJ-M","Amazon","Amazon.in"
"402-3668888-3843517",2022-05-03,"Shipped",false,597,1,"Rajasthan","Khetri Nagar","Set","SET324-KR-NP-M","Amazon","Amazon.in"
"402-5414966-9392325",2022-05-03,"Shipped - Delivered to Buyer",false,352,1,"Rajasthan","UDAIPUR","kurta","JNE3468-KR-XL","Merchant","Amazon.in"
"402-7770545-9535548",2022-05-03,"Shipped",false,969,1,"Rajasthan","BIKANER","Set","J0376-SKD-M","Amazon","Amazon.in"
"402-8347321-2614723",2022-05-03,"Shipped",false,376,1,"Rajasthan","JAIPUR","kurta","JNE3366-KR-1053-XL","Amazon","Amazon.in"
"403-0094016-5991574",2022-05-03,"Shipped - Delivered to Buyer",false,521,1,"Rajasthan","Jaipur","kurta","JNE3835-KR-S","Merchant","Amazon.in"
"403-1134385-9996315",2022-05-03,"Shipped",false,1299,1,"Rajasthan","BHARATPUR","Set","SET350-KR-NP-XXXL","Amazon","Amazon.in"
"403-9333018-6539546",2022-05-03,"Shipped",false,376,1,"Rajasthan","JAIPUR","kurta","JNE1408-KR-UDF19-A-XXXL","Amazon","Amazon.in"
"404-0357693-4000366",2022-05-03,"Shipped",false,759,1,"Rajasthan","JAIPUR","Set","SET252-KR-PP-M","Amazon","Amazon.in"
"404-2461883-9137916",2022-05-03,"Shipped",false,362,1,"Rajasthan","SRI MADHOPUR","kurta","JNE3785-KR-XXL","Amazon","Amazon.in"
"404-3197292-0464345",2022-05-03,"Shipped",false,1260,1,"Rajasthan","RIICO INDUSTRIAL AREA NEEMRANA","Set","SET388-KR-NP-S","Amazon","Amazon.in"
"404-4993243-3389961",2022-05-03,"Shipped",false,387,1,"Rajasthan","JAIPUR","kurta","JNE3440-KR-N-XS","Amazon","Amazon.in"
"404-5181586-6141135",2022-05-03,"Shipped",false,1115,1,"Rajasthan","KOTA","Set","SET397-KR-NP  -M","Amazon","Amazon.in"
"404-5769703-6193925",2022-05-03,"Shipped",false,381,1,"Rajasthan","Udaipur","kurta","JNE3573-KR-S","Amazon","Amazon.in"
"404-8283262-9971553",2022-05-03,"Shipped - Delivered to Buyer",false,799,1,"Rajasthan","BHARATPUR","Set","SET269-KR-NP-S","Merchant","Amazon.in"
"405-1169904-1093165",2022-05-03,"Shipped",false,939,1,"Rajasthan","SRI GANGANAGAR","Set","SET344-KR-NP-XXXL","Amazon","Amazon.in"
"405-1169904-1093165",2022-05-03,"Shipped",false,1115,1,"Rajasthan","SRI GANGANAGAR","Set","SET397-KR-NP-XXXL","Amazon","Amazon.in"
"405-4263755-8391555",2022-05-03,"Shipped - Delivered to Buyer",false,597,1,"Rajasthan","JAIPUR","Set","SET324-KR-NP-XXXL","Merchant","Amazon.in"
"405-5360315-5008327",2022-05-03,"Shipped",false,399,1,"Rajasthan","JAIPUR","kurta","JNE3568-KR-XL","Amazon","Amazon.in"
"405-7062144-0509938",2022-05-03,"Shipped",false,406,1,"Rajasthan","Jaipur","kurta","JNE3781-KR-XL","Amazon","Amazon.in"
"406-3686141-1898758",2022-05-03,"Shipped - Delivered to Buyer",false,1237,1,"Rajasthan","JAIPUR","Set","J0284-SKD-L","Merchant","Amazon.in"
"406-3983123-8960329",2022-05-03,"Shipped - Delivered to Buyer",false,513,1,"Rajasthan","PILANI TOWN","Top","J0334-TP-S","Merchant","Amazon.in"
"406-5588947-7021122",2022-05-03,"Cancelled",true,894.29,0,"Rajasthan","JAIPUR","Set","SET349-KR-NP-XXXL","Merchant","Amazon.in"
"407-0344139-9241175",2022-05-03,"Shipped",false,690,1,"Rajasthan","JAIPUR","Western Dress","JNE3710-DR-XXL","Amazon","Amazon.in"
"407-0445011-5159528",2022-05-03,"Shipped - Delivered to Buyer",false,1163,1,"Rajasthan","GANGANAGAR","Set","SET366-KR-NP-M","Merchant","Amazon.in"
"407-1344497-5480345",2022-05-03,"Cancelled",true,597,1,"Rajasthan","JAIPUR","Set","SET324-KR-NP-S","Amazon","Amazon.in"
"407-2313153-7381134",2022-05-03,"Shipped",false,1260,1,"Rajasthan","Piprali, sikar","Set","SET388-KR-NP-S","Amazon","Amazon.in"
"407-2664124-1841122",2022-05-03,"Shipped",false,1033,1,"Rajasthan","GANGANAGAR","Set","SET282-KR-PP-M","Amazon","Amazon.in"
"407-2718202-0567528",2022-05-03,"Shipped - Delivered to Buyer",false,1432,1,"Rajasthan","BHARATPUR","Set","J0285-SKD-S","Merchant","Amazon.in"
"407-3317927-8294713",2022-05-03,"Shipped",false,458,1,"Rajasthan","NAWALGARH","kurta","PJNE2100-KR-N-6XL","Amazon","Amazon.in"
"407-6231491-4513161",2022-05-03,"Shipped - Delivered to Buyer",false,496,1,"Rajasthan","NAGAUR","Set","NW004-TP-PJ-M","Merchant","Amazon.in"
"407-6673066-1197156",2022-05-03,"Shipped",false,597,1,"Rajasthan","JAIPUR","Set","SET324-KR-NP-S","Amazon","Amazon.in"
"407-9481328-3189144",2022-05-03,"Shipped",false,582,1,"Rajasthan","NAGAUR","Set","NW030-TP-PJ-M","Amazon","Amazon.in"
"408-0033955-7333111",2022-05-03,"Shipped",false,399,1,"Rajasthan","JHALAWAR","kurta","JNE3440-KR-N-L","Amazon","Amazon.in"
"408-3141206-3171518",2022-05-03,"Shipped",false,376,1,"Rajasthan","JAIPUR","kurta","JNE3363-KR-1032-XXL","Amazon","Amazon.in"
"408-3685713-0484300",2022-05-03,"Shipped",false,1999,1,"Rajasthan","UDAIPUR","Set","SET436-KR-NP-M","Amazon","Amazon.in"
"408-5781891-6204329",2022-05-03,"Shipped - Delivered to Buyer",false,724,1,"Rajasthan","JAIPUR","kurta","JNE3801-KR-M","Merchant","Amazon.in"
"408-8108710-6525957",2022-05-03,"Shipped",false,743,1,"Rajasthan","Jaipur","Western Dress","J0341-DR-L","Amazon","Amazon.in"
"408-8201118-5516307",2022-05-03,"Cancelled",true,,0,"Rajasthan","Jaipur","Set","NW005-ST-PJ-S","Amazon","Amazon.in"
"171-0425525-0145906",2022-05-04,"Shipped - Delivered to Buyer",false,835,1,"Rajasthan","JAIPUR","Set","SET319-KR-NP-XL","Merchant","Amazon.in"
"171-2557671-2801144",2022-05-04,"Cancelled",true,788,1,"Rajasthan","JODHPUR","Set","SET110-KR-PP-XS","Amazon","Amazon.in"
"171-6652158-4729168",2022-05-04,"Shipped",false,597,1,"Rajasthan","UDAIPUR","Set","SET331-KR-NP-M","Amazon","Amazon.in"
"171-6652158-4729168",2022-05-04,"Shipped",false,626,1,"Rajasthan","UDAIPUR","Set","SET345-KR-NP-S","Amazon","Amazon.in"
"171-7020187-1937102",2022-05-04,"Cancelled",true,,0,"Rajasthan","NADBAI","kurta","JNE3368-KR-XXL","Amazon","Amazon.in"
"171-7296361-3814755",2022-05-04,"Cancelled",true,,0,"Rajasthan","SAWAI MADHOPUR","Set","SET361-KR-NP-S","Amazon","Amazon.in"
"171-8797602-8270764",2022-05-04,"Shipped - Delivered to Buyer",false,625,1,"Rajasthan","JAIPUR","Top","J0201-TP-M","Merchant","Amazon.in"
"171-9514304-2108339",2022-05-04,"Shipped",false,1033,1,"Rajasthan","JAIPUR","Set","J0283-SET-M","Amazon","Amazon.in"
"171-9890565-5910717",2022-05-04,"Shipped",false,318,1,"Rajasthan","JAIPUR","kurta","JNE3503-KR-S","Amazon","Amazon.in"
"402-0228312-6086735",2022-05-04,"Shipped",false,922,1,"Rajasthan","Chittorgarh","Set","J0236-SKD-XXXL","Amazon","Amazon.in"
"402-2005165-5701928",2022-05-04,"Shipped",false,486,1,"Rajasthan","kishangarh","kurta","JNE3437-KR-XXL","Amazon","Amazon.in"
"402-2808579-1697143",2022-05-04,"Shipped - Delivered to Buyer",false,2372,2,"Rajasthan","RAJGARH CHURU DISTRICT","Set","J0004-SKD-L","Merchant","Amazon.in"
"402-9687890-8935527",2022-05-04,"Shipped",false,835,1,"Rajasthan","Beawar","Set","SET319-KR-NP-XS","Amazon","Amazon.in"
"402-9796543-9755539",2022-05-04,"Shipped",false,1463,1,"Rajasthan","KOTA","Set","J0277-SKD-M","Amazon","Amazon.in"
"402-9912942-4270761",2022-05-04,"Shipped",false,626,1,"Rajasthan","jaipur","Set","SET345-KR-NP-L","Amazon","Amazon.in"
"403-4357265-7244334",2022-05-04,"Shipped",false,563,1,"Rajasthan","CHAKSU","Set","SET291-KR-PP-L","Amazon","Amazon.in"
"403-4914716-2798702",2022-05-04,"Shipped",false,939,1,"Rajasthan","JAIPUR","Set","SET349-KR-NP-XXL","Amazon","Amazon.in"
"403-6520971-0193932",2022-05-04,"Shipped",false,1463,1,"Rajasthan","DUNGARPUR","Set","J0280-SKD-XS","Amazon","Amazon.in"
"404-3043197-7495543",2022-05-04,"Shipped - Delivered to Buyer",false,1238,1,"Rajasthan","CHITTAURGARH","Set","SET377-KR-NP-S","Merchant","Amazon.in"
"404-5764342-9738729",2022-05-04,"Shipped",false,399,1,"Rajasthan","Udaipur","kurta","JNE3423-KR-M","Amazon","Amazon.in"
"404-8078724-7953919",2022-05-04,"Shipped",false,852,1,"Rajasthan","ALWAR","Set","SET347-KR-NP-XS","Amazon","Amazon.in"
"404-8790590-8605952",2022-05-04,"Shipped - Delivered to Buyer",false,351,1,"Rajasthan","DEEG","kurta","J0132-KR-XXXL","Merchant","Amazon.in"
"405-0618783-5017105",2022-05-04,"Cancelled",true,,0,"Rajasthan","JAIPUR","Set","SET239-KR-NP-L","Amazon","Amazon.in"
"405-1977379-4488357",2022-05-04,"Shipped",false,597,1,"Rajasthan","UDAIPUR","Set","SET374-KR-NP-L","Amazon","Amazon.in"
"405-2896580-8554718",2022-05-04,"Shipped - Delivered to Buyer",false,1238,1,"Rajasthan","JAIPUR","Set","SET377-KR-NP-S","Merchant","Amazon.in"
"405-6760885-9498755",2022-05-04,"Cancelled",true,,0,"Rajasthan","CHITTAURGARH","Set","SET278-KR-NP-XXL","Amazon","Amazon.in"
"405-7716284-4554701",2022-05-04,"Cancelled",true,788,1,"Rajasthan","JAIPUR","Set","SET268-KR-NP-M","Amazon","Amazon.in"
"405-8795599-9053104",2022-05-04,"Shipped",false,696,1,"Rajasthan","JAIPUR","Set","SET098-KR-PP-L","Amazon","Amazon.in"
"405-8844706-4788319",2022-05-04,"Shipped",false,518,1,"Rajasthan","JAIPUR","kurta","JNE2270-KR-487-A-S","Amazon","Amazon.in"
"406-0242026-8808368",2022-05-04,"Shipped - Delivered to Buyer",false,939,1,"Rajasthan","JAIPUR","Set","SET349-KR-NP-XXXL","Merchant","Amazon.in"
"406-5562103-6536341",2022-05-04,"Shipped - Delivered to Buyer",false,310,1,"Rajasthan","DUNGARPUR","kurta","JNE3484-KR-M","Merchant","Amazon.in"
"406-5562103-6536341",2022-05-04,"Shipped - Delivered to Buyer",false,362,1,"Rajasthan","DUNGARPUR","kurta","JNE3487-KR-L","Merchant","Amazon.in"
"407-1789284-5376328",2022-05-04,"Shipped - Delivered to Buyer",false,1338,1,"Rajasthan","RAJSAMAND","Set","SET363-KR-NP-S","Merchant","Amazon.in"
"407-5895672-3284322",2022-05-04,"Shipped",false,487,1,"Rajasthan","JAIPUR","Top","J0344-TP-L","Amazon","Amazon.in"
"407-5982094-5152303",2022-05-04,"Shipped - Delivered to Buyer",false,458,1,"Rajasthan","khetri nagar jhunjhunu","kurta","JNE3359-KR-M","Merchant","Amazon.in"
"407-8536174-1856356",2022-05-04,"Shipped",false,1432,1,"Rajasthan","Neemrana","Set","SET278-KR-NP-M","Amazon","Amazon.in"
"407-9438524-9221916",2022-05-04,"Shipped",false,631,1,"Rajasthan","Jaipur","Set","SET386-KR-NP-L","Amazon","Amazon.in"
"408-4800722-5438737",2022-05-04,"Shipped - Delivered to Buyer",false,0,1,"Rajasthan","JODHPUR","Set","SET343-KR-NP-XXL","Merchant","Amazon.in"
"408-5074482-3633934",2022-05-04,"Shipped",false,563,1,"Rajasthan","KHERWARA CHHAONI","Top","J0340-TP-S","Amazon","Amazon.in"
"408-5903859-2390741",2022-05-04,"Shipped",false,788,1,"Rajasthan","JAIPUR","Set","SET268-KR-NP-XS","Amazon","Amazon.in"
"408-7235083-7350755",2022-05-04,"Shipped",false,462,1,"Rajasthan","UDAIPUR","kurta","MEN5019-KR-XL","Amazon","Amazon.in"
"408-7638662-3584306",2022-05-04,"Shipped",false,969,1,"Rajasthan","CHAKSU","Set","SET393-KR-NP-XS","Amazon","Amazon.in"
"171-0407103-0710737",2022-05-05,"Shipped",false,899,1,"Rajasthan","JAIPUR","Set","SET348-KR-NP-XXXL","Amazon","Amazon.in"
"171-3724262-4141945",2022-05-05,"Cancelled",true,,0,"Rajasthan","KOTA","kurta","JNE2294-KR-A-XS","Amazon","Amazon.in"
"171-6410205-7457903",2022-05-05,"Shipped - Delivered to Buyer",false,1115,1,"Rajasthan","JAIPUR","Set","SET304-KR-DPT-L","Merchant","Amazon.in"
"171-7318260-6992341",2022-05-05,"Shipped",false,544,1,"Rajasthan","KOTA","kurta","JNE2294-KR-A-L","Amazon","Amazon.in"
"171-9230640-4100352",2022-05-05,"Shipped",false,353,1,"Rajasthan","JAIPUR","kurta","JNE3371-KR-XXXL","Amazon","Amazon.in"
"402-0438788-7007545",2022-05-05,"Shipped - Delivered to Buyer",false,1065,1,"Rajasthan","NAGAUR","Set","J0008-SKD-XS","Merchant","Amazon.in"
"403-0303276-3190753",2022-05-05,"Shipped",false,1065,1,"Rajasthan","Jaipur","Set","J0008-SKD-XXXL","Amazon","Amazon.in"
"403-2360622-1740342",2022-05-05,"Shipped",false,625,1,"Rajasthan","UDAIPUR","kurta","MEN5027-KR-XXL","Amazon","Amazon.in"
"403-4303237-3389905",2022-05-05,"Shipped",false,442,1,"Rajasthan","Kekri","kurta","JNE3291-KR-XL","Amazon","Amazon.in"
"403-6692221-6308311",2022-05-05,"Shipped",false,368,1,"Rajasthan","NIWAI INDUSTRIAL AREA","kurta","JNE3543-KR-S","Amazon","Amazon.in"
"403-6837618-2115546",2022-05-05,"Shipped - Delivered to Buyer",false,759,1,"Rajasthan","SAWAI MADHOPUR","Set","SET252-KR-PP-L","Merchant","Amazon.in"
"403-8671429-2447562",2022-05-05,"Shipped",false,612,1,"Rajasthan","JAIPUR","Set","SET273-KR-NP-S","Amazon","Amazon.in"
"403-9221329-9917957",2022-05-05,"Shipped - Delivered to Buyer",false,329,1,"Rajasthan","JAIPUR","kurta","JNE3762-KR-S","Merchant","Amazon.in"
"403-9462078-2241112",2022-05-05,"Shipped",false,785,1,"Rajasthan","JAIPUR","Set","SET185-KR-NP-L","Amazon","Amazon.in"
"403-9462078-2241112",2022-05-05,"Shipped",false,788,1,"Rajasthan","JAIPUR","Set","SET268-KR-NP-L","Amazon","Amazon.in"
"403-9462078-2241112",2022-05-05,"Shipped",false,788,1,"Rajasthan","JAIPUR","Set","SET268-KR-NP-M","Amazon","Amazon.in"
"403-9462078-2241112",2022-05-05,"Shipped",false,788,1,"Rajasthan","JAIPUR","Set","SET268-KR-NP-XXXL","Amazon","Amazon.in"
"404-5350849-4032349",2022-05-05,"Cancelled",true,950.89,0,"Rajasthan","BHARATPUR","Set","J0008-SKD-M","Merchant","Amazon.in"
"404-6120183-3295528",2022-05-05,"Shipped",false,599,1,"Rajasthan","JAIPUR","kurta","J0373-KR-XXXL","Amazon","Amazon.in"
"404-7834271-3830734",2022-05-05,"Shipped",false,1115,1,"Rajasthan","BIDASAR","Set","SET397-KR-NP-S","Amazon","Amazon.in"
"404-8454995-5109158",2022-05-05,"Shipped",false,939,1,"Rajasthan","JAIPUR","kurta","J0328-KR-XXXL","Amazon","Amazon.in"
"404-9199536-4257150",2022-05-05,"Shipped - Delivered to Buyer",false,1096,1,"Rajasthan","BEAWAR","Set","SET394-KR-NP-L","Merchant","Amazon.in"
"405-0337334-0432350",2022-05-05,"Shipped",false,486,1,"Rajasthan","NIMBAHERA","kurta","JNE3794-KR-XXXL","Amazon","Amazon.in"
"405-0359048-7381109",2022-05-05,"Cancelled",true,651.43,0,"Rajasthan","Gulabpura","Set","SET288-KR-NP-L","Merchant","Amazon.in"
"405-2339429-8512367",2022-05-05,"Shipped - Returned to Seller",false,1258,1,"Rajasthan","JAIPUR","Set","SET277-KR-NP-S","Merchant","Amazon.in"
"405-3290880-0991521",2022-05-05,"Shipped",false,529,1,"Rajasthan","JAIPUR","Top","J0118-TP-XXXL","Amazon","Amazon.in"
"405-3472944-8171563",2022-05-05,"Shipped",false,383,1,"Rajasthan","JAIPUR","kurta","JNE3738-KR-S","Amazon","Amazon.in"
"405-9157187-2167556",2022-05-05,"Shipped - Delivered to Buyer",false,1523,1,"Rajasthan","JAIPUR","Set","SET278-KR-NP-S","Merchant","Amazon.in"
"406-0772984-4935535",2022-05-05,"Shipped",false,888,1,"Rajasthan","JAIPUR","Set","SET303-KR-NP-L","Amazon","Amazon.in"
"406-1095680-3434766",2022-05-05,"Shipped",false,1149,1,"Rajasthan","JAIPUR","Set","SET396-KR-PP-L","Amazon","Amazon.in"
"406-2668203-8521908",2022-05-05,"Shipped",false,484,1,"Rajasthan","JAIPUR","kurta","MEN5009-KR-M","Amazon","Amazon.in"
"406-6819364-2292323",2022-05-05,"Shipped",false,665,1,"Rajasthan","ALWAR","kurta","MEN5024-KR-M","Amazon","Amazon.in"
"406-9614054-6362741",2022-05-05,"Shipped",false,761,1,"Rajasthan","JAIPUR","Set","J0278-SET-S","Amazon","Amazon.in"
"407-3189455-8165924",2022-05-05,"Shipped",false,909,1,"Rajasthan","JAIPUR","Set","SET333-KR-DPT-M","Amazon","Amazon.in"
"407-6890933-6598757",2022-05-05,"Shipped - Delivered to Buyer",false,301,1,"Rajasthan","JAIPUR","kurta","JNE3721-KR-S","Merchant","Amazon.in"
"407-7926141-7653940",2022-05-05,"Shipped",false,529,1,"Rajasthan","PALI","Set","SET328-KR-NP-XL","Amazon","Amazon.in"
"407-9359182-7647511",2022-05-05,"Shipped",false,654,1,"Rajasthan","Jaipur","Set","J0003-SET-XXXL","Amazon","Amazon.in"
"407-9403552-9628311",2022-05-05,"Shipped",false,788,1,"Rajasthan","JAIPUR","Set","SET268-KR-NP-XL","Amazon","Amazon.in"
"408-1629814-7899519",2022-05-05,"Shipped - Returned to Seller",false,597,1,"Rajasthan","SAWAI MADHOPUR","Set","SET331-KR-NP-L","Merchant","Amazon.in"
"408-4155723-9098740",2022-05-05,"Shipped - Delivered to Buyer",false,1238,1,"Rajasthan","SIKAR","Set","J0244-SKD-S","Merchant","Amazon.in"
"408-4413653-6789928",2022-05-05,"Shipped - Delivered to Buyer",false,725,1,"Rajasthan","Bikaner","Western Dress","JNE3797-KR-L","Merchant","Amazon.in"
"408-5596788-1536315",2022-05-05,"Shipped - Delivered to Buyer",false,0,1,"Rajasthan","JAIPUR","kurta","JNE3560-KR-XXXL","Merchant","Amazon.in"
"408-8149746-4621931",2022-05-05,"Cancelled",true,554.29,0,"Rajasthan","JAIPUR","Set","NW030-TP-PJ-S","Merchant","Amazon.in"
"408-9072191-3991533",2022-05-05,"Shipped",false,545,1,"Rajasthan","SRI GANGANAGAR","Set","SET328-KR-NP-XS","Amazon","Amazon.in"
"408-9925983-0782711",2022-05-05,"Shipped - Delivered to Buyer",false,568,1,"Rajasthan","UDAIPUR","kurta","J0096-KR-L","Merchant","Amazon.in"
"171-0418579-8062707",2022-05-06,"Shipped - Delivered to Buyer",false,595,1,"Rajasthan","JAIPUR","Set","NW034-TP-PJ-L","Merchant","Amazon.in"
"171-0643665-3877137",2022-05-06,"Shipped",false,569,1,"Rajasthan","ALWAR","Set","SET291-KR-PP-XXL","Amazon","Amazon.in"
"171-2326012-7063540",2022-05-06,"Shipped",false,1315,1,"Rajasthan","JAIPUR","Set","SET436-KR-NP-S","Amazon","Amazon.in"
"171-3161649-6022766",2022-05-06,"Shipped",false,835,1,"Rajasthan","GOTAN","Set","J0349-SET-L","Amazon","Amazon.in"
"171-4291912-9817909",2022-05-06,"Shipped - Delivered to Buyer",false,491,1,"Rajasthan","KOTA","Set","J0199-SET-XXXL","Merchant","Amazon.in"
"171-4685139-9181948",2022-05-06,"Shipped - Delivered to Buyer",false,487,1,"Rajasthan","JAIPUR","Top","J0301-TP-S","Merchant","Amazon.in"
"402-1639076-7372318",2022-05-06,"Shipped",false,292,1,"Rajasthan","BIKANER","kurta","JNE3761-KR-XXL","Amazon","Amazon.in"
"402-1639076-7372318",2022-05-06,"Shipped",false,292,1,"Rajasthan","BIKANER","kurta","JNE3401-KR-XXL","Amazon","Amazon.in"
"402-4273933-4653132",2022-05-06,"Shipped",false,1323,1,"Rajasthan","KOTA","Set","J0277-SKD-L","Amazon","Amazon.in"
"402-6543353-5581161",2022-05-06,"Shipped",false,544,1,"Rajasthan","KOTA","kurta","JNE2294-KR-A-XL","Amazon","Amazon.in"
"402-9751561-9117169",2022-05-06,"Shipped",false,599,1,"Rajasthan","KOTA","Western Dress","JNE3904-DR-L","Amazon","Amazon.in"
"402-9951462-3512333",2022-05-06,"Shipped",false,969,1,"Rajasthan","JHALAWAR","Set","SET397-KR-NP  -M","Amazon","Amazon.in"
"403-4165554-3908355",2022-05-06,"Shipped - Delivered to Buyer",false,563,1,"Rajasthan","SIROHI","Set","SET184-KR-PP-XS","Merchant","Amazon.in"
"403-4449580-0883536",2022-05-06,"Shipped - Delivered to Buyer",false,1192,1,"Rajasthan","JAIPUR","Set","SET355-KR-PP-XS","Merchant","Amazon.in"
"403-6439836-2994730",2022-05-06,"Shipped",false,771,1,"Rajasthan","JAIPUR","Set","SET357-KR-NP-M","Amazon","Amazon.in"
"403-7431059-8547502",2022-05-06,"Shipped",false,939,1,"Rajasthan","Kota","Set","J0010-LCD-XS","Amazon","Amazon.in"
"404-0463623-8660315",2022-05-06,"Shipped",false,782,1,"Rajasthan","PILANI TOWN","Set","SET290-KR-DPT-XS","Amazon","Amazon.in"
"404-0932748-4695529",2022-05-06,"Cancelled",true,501,1,"Rajasthan","ALWAR","Set","NW020-ST-SR-L","Amazon","Amazon.in"
"404-2955452-1016335",2022-05-06,"Shipped",false,835,1,"Rajasthan","JAIPUR","Set","J0349-SET-L","Amazon","Amazon.in"
"404-5285664-6335505",2022-05-06,"Shipped",false,850,1,"Rajasthan","KOTA","Set","SET342-KR-NP-N-XS","Amazon","Amazon.in"
"404-6167691-6433903",2022-05-06,"Shipped",false,969,1,"Rajasthan","BEHROR","Set","SET356-KR-NP-XXXL","Amazon","Amazon.in"
"404-7384243-6594739",2022-05-06,"Shipped",false,501,1,"Rajasthan","ALWAR","Set","NW020-ST-SR-L","Amazon","Amazon.in"
"405-2229499-7796307",2022-05-06,"Shipped - Delivered to Buyer",false,461,1,"Rajasthan","CHURU","Set","NW004-TP-PJ-XXXL","Merchant","Amazon.in"
"405-3158216-1388314",2022-05-06,"Shipped",false,540,1,"Rajasthan","AJMER","Top","J0113-TP-S","Amazon","Amazon.in"
"405-6714262-3878714",2022-05-06,"Cancelled",true,474.29,0,"Rajasthan","JAIPUR","Top","JNE3865-TP-M","Merchant","Amazon.in"
"406-1422505-3234765",2022-05-06,"Shipped",false,688,1,"Rajasthan","Alwar","kurta","MEN5026-KR-XL","Amazon","Amazon.in"
"406-4747443-5220357",2022-05-06,"Shipped - Delivered to Buyer",false,835,1,"Rajasthan","JAIPUR","Set","J0349-SET-S","Merchant","Amazon.in"
"406-4908150-9215533",2022-05-06,"Shipped",false,1065,1,"Rajasthan","JAIPUR","Set","J0008-SKD-S","Amazon","Amazon.in"
"407-0808488-7565917",2022-05-06,"Shipped",false,406,1,"Rajasthan","SIKAR","kurta","JNE3781-KR-XL","Amazon","Amazon.in"
"407-1160211-8281902",2022-05-06,"Shipped",false,606,1,"Rajasthan","BIKANER","Set","J0027-SET-XS","Amazon","Amazon.in"
"407-3448360-4145104",2022-05-06,"Shipped",false,1432,1,"Rajasthan","JAIPUR","Set","J0285-SKD-XS","Amazon","Amazon.in"
"407-4289297-2204366",2022-05-06,"Shipped - Delivered to Buyer",false,633,1,"Rajasthan","JAIPUR","Set","J0095-SET-XS","Merchant","Amazon.in"
"407-8319189-9017165",2022-05-06,"Shipped",false,1088,1,"Rajasthan","Jaipur","Set","SET350-KR-NP-M","Amazon","Amazon.in"
"407-9402370-5978751",2022-05-06,"Cancelled",true,1248.21,0,"Rajasthan","JAIPUR","Set","J0281-SKD-XL","Merchant","Amazon.in"
"408-1574155-4097900",2022-05-06,"Cancelled",true,604.76,0,"Rajasthan","KOTA","kurta","J0096-KR-S","Merchant","Amazon.in"
"408-1913263-1429915",2022-05-06,"Shipped - Delivered to Buyer",false,754,1,"Rajasthan","AJMER","kurta","MEN5025-KR-XL","Merchant","Amazon.in"
"408-7537568-6190719",2022-05-06,"Shipped - Delivered to Buyer",false,1432,1,"Rajasthan","JAIPUR","Set","J0285-SKD-M","Merchant","Amazon.in"
"408-9456618-3856317",2022-05-06,"Shipped",false,599,1,"Rajasthan","JAIPUR","Blouse","J0219-BL-M","Amazon","Amazon.in"
"171-0012693-2893106",2022-05-07,"Cancelled",true,538.1,0,"Rajasthan","SRI GANGANAGAR","Set","NW030-TP-PJ-S","Merchant","Amazon.in"
"171-0012693-2893106",2022-05-07,"Cancelled",true,477.14,0,"Rajasthan","SRI GANGANAGAR","Set","NW015-TP-PJ-S","Merchant","Amazon.in"
"171-2532248-6149939",2022-05-07,"Shipped - Delivered to Buyer",false,498,1,"Rajasthan","JAIPUR","Top","JNE3865-TP-XXL","Merchant","Amazon.in"
"171-5508786-1887539",2022-05-07,"Shipped - Delivered to Buyer",false,307,1,"Rajasthan","JAIPUR","kurta","JNE3790-KR-XXL","Merchant","Amazon.in"
"403-0740052-5608300",2022-05-07,"Shipped",false,1063,1,"Rajasthan","JAIPUR","Set","SET394-KR-NP-L","Amazon","Amazon.in"
"403-1424326-9865906",2022-05-07,"Shipped - Delivered to Buyer",false,1036,1,"Rajasthan","KOTA","Set","SET377-KR-NP-XS","Merchant","Amazon.in"
"403-2650919-9067511",2022-05-07,"Cancelled",true,802,1,"Rajasthan","Udaipurwati Jhunjhunu","Set","SET171-KR-NP-L","Amazon","Amazon.in"
"403-5107072-4513163",2022-05-07,"Shipped",false,882,1,"Rajasthan","JAIPUR","Set","SET348-KR-NP-XXXL","Amazon","Amazon.in"
"404-9024350-7265135",2022-05-07,"Shipped",false,802,1,"Rajasthan","JAIPUR","Set","SET171-KR-NP-L","Amazon","Amazon.in"
"405-2157372-7597117",2022-05-07,"Shipped",false,969,1,"Rajasthan","KOTA","Set","SET356-KR-NP-XXXL","Amazon","Amazon.in"
"405-2775427-0405918",2022-05-07,"Shipped",false,487,1,"Rajasthan","TONK","kurta","JNE3804-KR-XXL","Amazon","Amazon.in"
"405-3368983-3086764",2022-05-07,"Cancelled",true,759,1,"Rajasthan","RUPBAS","Set","SET197-KR-NP-S","Amazon","Amazon.in"
"405-3520602-3673125",2022-05-07,"Cancelled",true,,0,"Rajasthan","JAIPUR","Set","NW001-TP-PJ-M","Amazon","Amazon.in"
"405-4358228-0435538",2022-05-07,"Shipped",false,776,1,"Rajasthan","JAIPUR","Western Dress","JNE3881-DR-L","Amazon","Amazon.in"
"405-4696178-7011519",2022-05-07,"Shipped",false,1125,1,"Rajasthan","JAIPUR","Set","SET304-KR-DPT-XS","Amazon","Amazon.in"
"405-6572155-3521113",2022-05-07,"Shipped - Delivered to Buyer",false,735,1,"Rajasthan","ALWAR","kurta","JNE3801-KR-XXXL","Merchant","Amazon.in"
"405-7269921-5038764",2022-05-07,"Cancelled",true,477.14,0,"Rajasthan","NEEM KA THANA","Set","NW015-TP-PJ-S","Merchant","Amazon.in"
"405-7524740-8032361",2022-05-07,"Shipped",false,845,1,"Rajasthan","NAGAUR","Set","SET229-KR-PP-XS","Amazon","Amazon.in"
"405-7938176-8863547",2022-05-07,"Shipped - Delivered to Buyer",false,498,1,"Rajasthan","JAIPUR","Top","JNE3865-TP-M","Merchant","Amazon.in"
"406-0106274-8668308",2022-05-07,"Shipped",false,292,1,"Rajasthan","DHAULPUR","kurta","JNE3619-KR-M","Amazon","Amazon.in"
"406-6605269-6395551",2022-05-07,"Shipped",false,1137,1,"Rajasthan","BHILWARA","Set","J0012-SKD-XXL","Amazon","Amazon.in"
"407-4187782-7216319",2022-05-07,"Shipped",false,882,1,"Rajasthan","TARANAGAR","Set","SET348-KR-NP-M","Amazon","Amazon.in"
"407-7089383-1585936",2022-05-07,"Shipped - Returned to Seller",false,1398,1,"Rajasthan","NADBAI","Set","SET361-KR-NP-M","Merchant","Amazon.in"
"407-7089383-1585936",2022-05-07,"Shipped - Returned to Seller",false,1398,1,"Rajasthan","NADBAI","Set","SET358-KR-NP-S","Merchant","Amazon.in"
"407-9433902-9806761",2022-05-07,"Shipped",false,664,1,"Rajasthan","JAIPUR","Set","J0003-SET-XXXL","Amazon","Amazon.in"
"408-0731009-2649951",2022-05-07,"Shipped - Delivered to Buyer",false,0,1,"Rajasthan","NAGAUR","kurta","MEN5003-KR-XXL","Merchant","Amazon.in"
"408-2136554-2969907",2022-05-07,"Shipped - Delivered to Buyer",false,842,1,"Rajasthan","JAIPUR","Western Dress","J0341-DR-XL","Merchant","Amazon.in"
"408-7646518-5963503",2022-05-07,"Shipped - Delivered to Buyer",false,565,1,"Rajasthan","PALI","Set","NW030-TP-PJ-M","Merchant","Amazon.in"
"408-9369312-4046722",2022-05-07,"Cancelled",true,599.05,0,"Rajasthan","NEEM KA THANA","Set","SET192-KR-NP-XS","Merchant","Amazon.in"
"171-0328262-0233953",2022-05-08,"Shipped",false,698,1,"Rajasthan","KOTPUTLI","kurta","MEN5004-KR-XXL","Amazon","Amazon.in"
"402-5375779-0471557",2022-05-08,"Cancelled",true,401.9,0,"Rajasthan","UDAIPUR","kurta","JNE3412-KR-XXL","Merchant","Amazon.in"
"402-7940823-5829133",2022-05-08,"Shipped - Delivered to Buyer",false,825,1,"Rajasthan","JODHPUR","Set","SET342-KR-NP-N-XL","Merchant","Amazon.in"
"403-4366173-6510736",2022-05-08,"Shipped",false,468,1,"Rajasthan","RAJSAMAND","kurta","JNE3803-KR-S","Amazon","Amazon.in"
"403-8673136-7366749",2022-05-08,"Shipped",false,435,1,"Rajasthan","TODABHIM","kurta","JNE3405-KR-S","Amazon","Amazon.in"
"403-8916699-2499534",2022-05-08,"Shipped",false,969,1,"Rajasthan","JAIPUR","Set","SET356-KR-NP-S","Amazon","Amazon.in"
"404-2717411-3805952",2022-05-08,"Shipped",false,802,1,"Rajasthan","ALWAR","Set","SET171-KR-NP-L","Amazon","Amazon.in"
"404-3985754-9191505",2022-05-08,"Shipped",false,969,1,"Rajasthan","ALWAR","Set","SET356-KR-NP-XXL","Amazon","Amazon.in"
"404-5747097-5074706",2022-05-08,"Shipped - Delivered to Buyer",false,1125,1,"Rajasthan","ALWAR","Set","SET363-KR-NP-XXL","Merchant","Amazon.in"
"404-8737406-8047554",2022-05-08,"Shipped - Delivered to Buyer",false,597,1,"Rajasthan","JAIPUR","kurta","J0353-KR-S","Merchant","Amazon.in"
"405-7490702-5822701",2022-05-08,"Shipped - Delivered to Buyer",false,549,1,"Rajasthan","BEHROR","Set","SET289-KR-NP-M","Merchant","Amazon.in"
"405-8342171-2802719",2022-05-08,"Cancelled",true,1190.18,0,"Rajasthan","Jaipur","Set","J0277-SKD-L","Merchant","Amazon.in"
"406-7581975-5202754",2022-05-08,"Shipped - Delivered to Buyer",false,436,1,"Rajasthan","TONK","kurta","JNE3817-KR-S","Merchant","Amazon.in"
"406-8026750-6332304",2022-05-08,"Shipped",false,507,1,"Rajasthan","Alwar","Set","SET209-KR-PP-XXXL","Amazon","Amazon.in"
"406-8437992-2291555",2022-05-08,"Cancelled",true,,0,"Rajasthan","JAIPUR","Top","J0213-TP-L","Amazon","Amazon.in"
"406-9277152-6310768",2022-05-08,"Cancelled",true,,0,"Rajasthan","JAIPUR","Top","J0213-TP-M","Amazon","Amazon.in"
"407-2138427-4690718",2022-05-08,"Shipped",false,855,1,"Rajasthan","JAIPUR","Set","SET087-KR-PP-XS","Amazon","Amazon.in"
"407-7055065-9965931",2022-05-08,"Shipped",false,909,1,"Rajasthan","JAIPUR","Set","SET333-KR-DPT-S","Amazon","Amazon.in"
"408-0713029-3186722",2022-05-08,"Shipped - Delivered to Buyer",false,521,1,"Rajasthan","JAIPUR","Set","NW014-ST-SR-L","Merchant","Amazon.in"
"408-5379838-4181142",2022-05-08,"Shipped",false,410,1,"Rajasthan","ALWAR","Top","J0111-TP-XL","Amazon","Amazon.in"
"408-7712012-9682721",2022-05-08,"Shipped",false,435,1,"Rajasthan","JAIPUR","kurta","JNE3405-KR-S","Amazon","Amazon.in"
"408-9085608-2184332",2022-05-08,"Shipped - Delivered to Buyer",false,0,1,"Rajasthan","BIKANER","Western Dress","JNE3797-KR-M","Merchant","Amazon.in"
"171-2877655-2015564",2022-05-09,"Shipped",false,537,1,"Rajasthan","JAIPUR","Set","NW014-ST-SR-XS","Amazon","Amazon.in"
"171-5535124-6353137",2022-05-09,"Shipped",false,842,1,"Rajasthan","KOTA","Ethnic Dress","J0101-DR-S","Amazon","Amazon.in"
"402-7419129-3655503",2022-05-09,"Shipped",false,814,1,"Rajasthan","JODHPUR","Set","SET280-KR-PP-XXL","Amazon","Amazon.in"
"402-8341738-4451517",2022-05-09,"Shipped",false,382,1,"Rajasthan","DIDWANA","kurta","JNE3373-KR-L","Amazon","Amazon.in"
"403-0089167-2021917",2022-05-09,"Shipped - Delivered to Buyer",false,382,1,"Rajasthan","JODHPUR","kurta","JNE3261-KR-S","Merchant","Amazon.in"
"404-2405765-0793108",2022-05-09,"Shipped",false,690,1,"Rajasthan","CHIRAWA","Top","J0340-TP-XXL","Amazon","Amazon.in"
"404-2405765-0793108",2022-05-09,"Shipped",false,574,1,"Rajasthan","CHIRAWA","Top","JNE3675-TU-XXL","Amazon","Amazon.in"
"404-3111683-6257112",2022-05-09,"Shipped",false,762,1,"Rajasthan","Jodhpur","Set","SET247-KR-SHA-S","Amazon","Amazon.in"
"405-2407124-0393958",2022-05-09,"Shipped - Delivered to Buyer",false,1112,1,"Rajasthan","BIKANER","Set","SET172-KR-PP-B-XL","Merchant","Amazon.in"
"405-3815983-2552323",2022-05-09,"Shipped",false,475,1,"Rajasthan","HANUMANGARH","kurta","JNE3273-KR-XL","Amazon","Amazon.in"
"405-3815983-2552323",2022-05-09,"Shipped",false,469,1,"Rajasthan","HANUMANGARH","kurta","J0104-KR-M","Amazon","Amazon.in"
"406-0711058-6159565",2022-05-09,"Shipped",false,1338,1,"Rajasthan","KOTPUTLI","Set","SET364-KR-NP-XXL","Amazon","Amazon.in"
"406-2547373-6717149",2022-05-09,"Shipped",false,1133,1,"Rajasthan","JAIPUR","Set","J0008-SKD-S","Amazon","Amazon.in"
"407-9705897-2302742",2022-05-09,"Shipped",false,899,1,"Rajasthan","UDAIPUR","Set","SET359-KR-NP-M","Amazon","Amazon.in"
"408-0447226-4865942",2022-05-09,"Shipped",false,1499,1,"Rajasthan","JAIPUR","Set","SET388-KR-NP-XXL","Amazon","Amazon.in"
"408-1653918-7310745",2022-05-09,"Shipped",false,0,1,"Rajasthan","Jaipur","Top","JNE3645-TP-N-XL","Amazon","Amazon.in"
"408-4680774-5224334",2022-05-09,"Shipped - Delivered to Buyer",false,0,1,"Rajasthan","BHARATPUR","Set","J0285-SKD-L","Merchant","Amazon.in"
"408-5179122-2081164",2022-05-09,"Shipped - Delivered to Buyer",false,0,1,"Rajasthan","Kota","kurta","JNE3543-KR-L","Merchant","Amazon.in"
"408-5642663-6354758",2022-05-09,"Shipped",false,612,1,"Rajasthan","jaipur","Set","SET273-KR-NP-M","Amazon","Amazon.in"
"408-5765822-7308333",2022-05-09,"Shipped - Delivered to Buyer",false,771,1,"Rajasthan","GANGANAGAR","Western Dress","JNE3797-KR-A-S","Merchant","Amazon.in"
"408-5828235-3055524",2022-05-09,"Cancelled",true,,0,"Rajasthan","JAIPUR","Set","SET388-KR-NP-XXL","Amazon","Amazon.in"
"408-6866967-9405130",2022-05-09,"Shipped - Delivered to Buyer",false,1068,1,"Rajasthan","RAWATBHATA","Set","SET400-KR-NP-XXXL","Merchant","Amazon.in"
"171-3205262-4636344",2022-05-10,"Shipped",false,399,1,"Rajasthan","BIKANER","kurta","JNE3567-KR-M","Amazon","Amazon.in"
"171-6035832-0193946",2022-05-10,"Shipped - Delivered to Buyer",false,771,1,"Rajasthan","JODHPUR","Western Dress","JNE3797-KR-L","Merchant","Amazon.in"
"402-1180553-7377936",2022-05-10,"Cancelled",true,,0,"Rajasthan","JAIPUR","kurta","MEN5032-KR-XXL","Merchant","Amazon.in"
"402-2277973-7869119",2022-05-10,"Shipped - Delivered to Buyer",false,568,1,"Rajasthan","BHIWADI","kurta","J0097-KR-M","Merchant","Amazon.in"
"402-4385583-5898758",2022-05-10,"Shipped - Delivered to Buyer",false,537,1,"Rajasthan","JODHPUR","Set","NW014-ST-SR-M","Merchant","Amazon.in"
"403-0935072-6941114",2022-05-10,"Shipped - Delivered to Buyer",false,345,1,"Rajasthan","UDAIPUR","kurta","JNE3487-KR-L","Merchant","Amazon.in"
"403-6071531-1905923",2022-05-10,"Shipped",false,399,1,"Rajasthan","UDAIPUR","kurta","JNE3838-KR-L","Amazon","Amazon.in"
"403-7185319-7563531",2022-05-10,"Shipped - Delivered to Buyer",false,759,1,"Rajasthan","HINDAUN city","Set","SET183-KR-DH-M","Merchant","Amazon.in"
"403-7195341-5489165",2022-05-10,"Shipped - Delivered to Buyer",false,771,1,"Rajasthan","ANTAH","Western Dress","JNE3797-KR-XL","Merchant","Amazon.in"
"404-1970786-1166701",2022-05-10,"Shipped",false,315,1,"Rajasthan","JAIPUR","kurta","J0167-KR-L","Amazon","Amazon.in"
"404-4042758-8315527",2022-05-10,"Shipped",false,487,1,"Rajasthan","JAIPUR","kurta","JNE3714-KR-XXXL","Amazon","Amazon.in"
"404-5540273-1877122",2022-05-10,"Shipped",false,699,1,"Rajasthan","UDAIPUR","Set","SET221-KR-NP-M","Amazon","Amazon.in"
"405-6244461-9485127",2022-05-10,"Shipped - Delivered to Buyer",false,579,1,"Rajasthan","UDAIPUR","Set","NW005-ST-PJ-XS","Merchant","Amazon.in"
"406-4221648-5601910",2022-05-10,"Shipped - Delivered to Buyer",false,1238,1,"Rajasthan","NATHDWARA","Set","J0244-SKD-S","Merchant","Amazon.in"
"406-4501335-0437139",2022-05-10,"Shipped - Delivered to Buyer",false,1523,1,"Rajasthan","PHALODI","Set","SET278-KR-NP-XS","Merchant","Amazon.in"
"406-5509725-0959522",2022-05-10,"Shipped - Delivered to Buyer",false,759,1,"Rajasthan","JAIPUR","Set","SET183-KR-DH-M","Merchant","Amazon.in"
"407-2082709-4798728",2022-05-10,"Shipped",false,582,1,"Rajasthan","JAIPUR","Set","NW030-TP-PJ-XL","Amazon","Amazon.in"
"407-5009130-3097102",2022-05-10,"Shipped - Delivered to Buyer",false,1299,1,"Rajasthan","NADBAI","Set","SET365-KR-NP-L","Merchant","Amazon.in"
"407-8574511-8151509",2022-05-10,"Shipped - Delivered to Buyer",false,432,1,"Rajasthan","KOTA","kurta","JNE3781-KR-XS","Merchant","Amazon.in"
"408-0106883-9317944",2022-05-10,"Shipped - Delivered to Buyer",false,0,1,"Rajasthan","BHARATPUR","Set","SET269-KR-NP-XS","Merchant","Amazon.in"
"408-7053934-6044345",2022-05-10,"Shipped - Delivered to Buyer",false,641,1,"Rajasthan","Kota","Set","SET345-KR-NP-XS","Merchant","Amazon.in"
"171-1658898-0013104",2022-05-11,"Shipped",false,432,1,"Rajasthan","KOTA","kurta","JNE3716-KR-M","Amazon","Amazon.in"
"171-1778909-9018717",2022-05-11,"Shipped - Delivered to Buyer",false,568,1,"Rajasthan","JHALAWAR","Set","SET257-KR-PP-S","Merchant","Amazon.in"
"171-2078708-7552349",2022-05-11,"Shipped",false,301,1,"Rajasthan","AJMER","kurta","JNE3484-KR-L","Amazon","Amazon.in"
"171-6260697-7601931",2022-05-11,"Shipped",false,825,1,"Rajasthan","SALASAR","Western Dress","J0158-DR-XL","Amazon","Amazon.in"
"171-8277999-2565919",2022-05-11,"Cancelled",true,,0,"Rajasthan","AJMER","kurta","JNE3484-KR-L","Amazon","Amazon.in"
"171-9739413-1961111",2022-05-11,"Shipped - Delivered to Buyer",false,399,1,"Rajasthan","CHITTAURGARH","kurta","J0150-KR-S","Merchant","Amazon.in"
"402-1514974-3249140",2022-05-11,"Shipped",false,759,1,"Rajasthan","MANDAWA","Set","SET197-KR-NP-S","Amazon","Amazon.in"
"402-9002347-3177166",2022-05-11,"Shipped",false,774,1,"Rajasthan","BHIWADI","Set","SET346-KR-PP-L","Amazon","Amazon.in"
"403-4885380-2139507",2022-05-11,"Shipped - Delivered to Buyer",false,371,1,"Rajasthan","ALWAR","Top","JNE3654-TP-L","Merchant","Amazon.in"
"404-1437503-0119552",2022-05-11,"Shipped - Delivered to Buyer",false,771,1,"Rajasthan","UDAIPUR","Western Dress","JNE3797-KR-M","Merchant","Amazon.in"
"404-1472570-9371503",2022-05-11,"Shipped - Delivered to Buyer",false,771,1,"Rajasthan","JAIPUR","Western Dress","JNE3800-KR-M","Merchant","Amazon.in"
"404-3078000-6865956",2022-05-11,"Shipped",false,1349,1,"Rajasthan","JAIPUR","Set","J0230-SKD-L","Amazon","Amazon.in"
"404-4356649-7920366",2022-05-11,"Shipped",false,1149,1,"Rajasthan","NOHAR","Set","SET363-KR-NP-S","Amazon","Amazon.in"
"404-6681831-4953144",2022-05-11,"Shipped",false,625,1,"Rajasthan","JODHPUR","kurta","MEN5029-KR-M","Amazon","Amazon.in"
"404-6800566-3808332",2022-05-11,"Shipped",false,625,1,"Rajasthan","JODHPUR","kurta","MEN5029-KR-XL","Amazon","Amazon.in"
"404-9086102-6848343",2022-05-11,"Shipped",false,544,1,"Rajasthan","JAIPUR","kurta","JNE3634-KR-XXL","Amazon","Amazon.in"
"405-1981075-9391510",2022-05-11,"Cancelled",true,734.29,0,"Rajasthan","JAIPUR","Western Dress","JNE3797-KR-XS","Merchant","Amazon.in"
"405-7225798-7217101",2022-05-11,"Shipped - Delivered to Buyer",false,545,1,"Rajasthan","JODHPUR","Set","SET233-KR-PP-XXL","Merchant","Amazon.in"
"405-7712120-1401105",2022-05-11,"Shipped",false,999,1,"Rajasthan","NIMBAHERA","Ethnic Dress","J0243-DR-XXXL","Amazon","Amazon.in"
"406-2013924-9827564",2022-05-11,"Shipped - Delivered to Buyer",false,693,1,"Rajasthan","BHARATPUR","Set","SET239-KR-NP-XXXL","Merchant","Amazon.in"
"406-2286249-0413110",2022-05-11,"Shipped",false,824,1,"Rajasthan","KHAIRTHAL","Set","SET269-KR-NP-L","Amazon","Amazon.in"
"408-1160271-7568342",2022-05-11,"Shipped - Delivered to Buyer",false,0,1,"Rajasthan","JAIPUR","Set","SET278-KR-NP-XS","Merchant","Amazon.in"
"408-1433106-6263557",2022-05-11,"Shipped",false,777,1,"Rajasthan","JAIPUR","kurta","MEN5025-KR-XL","Amazon","Amazon.in"
"408-2107852-0816352",2022-05-11,"Shipped - Returned to Seller",false,899,1,"Rajasthan","ALWAR","Western Dress","J0005-DR-XXL","Merchant","Amazon.in"
"408-2446727-4592362",2022-05-11,"Shipped",false,435,1,"Rajasthan","KOTA","kurta","JNE3405-KR-M","Amazon","Amazon.in"
"408-5398722-9553946",2022-05-11,"Shipped - Delivered to Buyer",false,0,1,"Rajasthan","RIICO INDUSTRIAL AREA NEEMRANA","kurta","JNE3568-KR-XXL","Merchant","Amazon.in"
"408-9998736-9918719",2022-05-11,"Shipped - Returned to Seller",false,499,1,"Rajasthan","JAIPUR","Set","J0144-SET-XS","Merchant","Amazon.in"
"171-0832836-3562767",2022-05-12,"Shipped - Delivered to Buyer",false,771,1,"Rajasthan","AHORE","Western Dress","JNE3797-KR-M","Merchant","Amazon.in"
"171-6201831-3925943",2022-05-12,"Shipped - Delivered to Buyer",false,699,1,"Rajasthan","JAIPUR","Set","SET187-KR-DH-XL","Merchant","Amazon.in"
"171-6660546-3573965",2022-05-12,"Shipped - Delivered to Buyer",false,771,1,"Rajasthan","JAIPUR","Western Dress","JNE3797-KR-XL","Merchant","Amazon.in"
"171-7390533-8802726",2022-05-12,"Shipped - Delivered to Buyer",false,399,1,"Rajasthan","JAIPUR","kurta","JNE3468-KR-L","Merchant","Amazon.in"
"402-5677874-5456320",2022-05-12,"Shipped",false,529,1,"Rajasthan","JAIPUR","Top","J0118-TP-XXL","Amazon","Amazon.in"
"403-2306952-3569110",2022-05-12,"Shipped - Delivered to Buyer",false,307,1,"Rajasthan","JAIPUR","kurta","JNE3790-KR-XXL","Merchant","Amazon.in"
"403-9073292-2109135",2022-05-12,"Shipped",false,1523,1,"Rajasthan","JODHPUR","Set","SET278-KR-NP-M","Amazon","Amazon.in"
"404-0897414-0432354",2022-05-12,"Shipped - Delivered to Buyer",false,1186,1,"Rajasthan","Neemrana","Set","J0004-SKD-S","Merchant","Amazon.in"
"404-8247215-1467526",2022-05-12,"Cancelled",true,,0,"Rajasthan","KOTA","Set","SET342-KR-NP-N-M","Amazon","Amazon.in"
"404-8699990-0977910",2022-05-12,"Shipped",false,582,1,"Rajasthan","JAIPUR","kurta","JNE3313-KR-A-XXXL","Amazon","Amazon.in"
"405-3565045-8322733",2022-05-12,"Shipped - Delivered to Buyer",false,771,1,"Rajasthan","UDAIPUR","Western Dress","JNE3797-KR-M","Merchant","Amazon.in"
"405-6567039-6568364",2022-05-12,"Shipped - Delivered to Buyer",false,382,1,"Rajasthan","Jaipur","kurta","JNE3364-KR-1051-A-XXXL","Merchant","Amazon.in"
"406-5861940-9510716",2022-05-12,"Shipped - Delivered to Buyer",false,771,1,"Rajasthan","JODHPUR","Western Dress","JNE3797-KR-XL","Merchant","Amazon.in"
"407-0138808-8668350",2022-05-12,"Shipped",false,653,1,"Rajasthan","JAIPUR","Set","J0095-SET-M","Amazon","Amazon.in"
"407-0797394-4721128",2022-05-12,"Shipped",false,1299,1,"Rajasthan","RAJSAMAND","Set","SET365-KR-NP-S","Amazon","Amazon.in"
"407-1093384-1385949",2022-05-12,"Shipped",false,1477,1,"Rajasthan","RAJSAMAND","Set","SET361-KR-NP-S","Amazon","Amazon.in"
"407-3521253-0935516",2022-05-12,"Shipped - Delivered to Buyer",false,517,1,"Rajasthan","JAIPUR","Set","NW020-ST-SR-XL","Merchant","Amazon.in"
"407-4873487-9404327",2022-05-12,"Shipped - Delivered to Buyer",false,699,1,"Rajasthan","UDAIPUR","kurta","JNE2086-KR-389-M","Merchant","Amazon.in"
"408-1403038-2692327",2022-05-12,"Shipped - Delivered to Buyer",false,0,1,"Rajasthan","KOTA","Set","J0199-SET-XXXL","Merchant","Amazon.in"
"408-2890680-5258741",2022-05-12,"Shipped",false,1349,1,"Rajasthan","JAIPUR","Set","J0230-SKD-S","Amazon","Amazon.in"
"408-8496377-1480334",2022-05-12,"Shipped",false,988,1,"Rajasthan","SIROHI","Set","SET396-KR-PP-M","Amazon","Amazon.in"
"408-8496377-1480334",2022-05-12,"Shipped",false,899,1,"Rajasthan","SIROHI","Set","SET344-KR-NP-M","Amazon","Amazon.in"
"408-8828515-9725167",2022-05-12,"Shipped - Delivered to Buyer",false,1068,1,"Rajasthan","BIKANER","Set","SET377-KR-NP-XXL","Merchant","Amazon.in"
"171-0815756-5418701",2022-05-13,"Shipped - Delivered to Buyer",false,613,1,"Rajasthan","JAIPUR","Set","NW034-TP-PJ-XL","Merchant","Amazon.in"
"171-2353813-6286727",2022-05-13,"Shipped - Delivered to Buyer",false,771,1,"Rajasthan","BHARATPUR","Set","SET357-KR-NP-XS","Merchant","Amazon.in"
"171-2599720-9948355",2022-05-13,"Shipped",false,574,1,"Rajasthan","JAIPUR","Top","J0119-TP-XL","Amazon","Amazon.in"
"171-7504575-1169931",2022-05-13,"Shipped",false,709,1,"Rajasthan","KHETRI","kurta","MEN5009-KR-XL","Amazon","Amazon.in"
"171-7998592-5053161",2022-05-13,"Cancelled",true,,0,"Rajasthan","Bhiwadi","kurta","JNE3618-KR-XXL","Amazon","Amazon.in"
"402-0409348-1422760",2022-05-13,"Shipped",false,1186,1,"Rajasthan","JAIPUR","Set","SET398-KR-PP-XXL","Amazon","Amazon.in"
"402-8870400-2959554",2022-05-13,"Cancelled",true,,0,"Rajasthan","DAUSA","Set","J0010-LCD-XXL","Amazon","Amazon.in"
"402-9608947-4685951",2022-05-13,"Shipped - Delivered to Buyer",false,999,1,"Rajasthan","JAIPUR","Set","SET356-KR-NP-XL","Merchant","Amazon.in"
"404-2030663-1838767",2022-05-13,"Shipped",false,1438,1,"Rajasthan","CHAKSU","Set","SET366-KR-NP-XS","Amazon","Amazon.in"
"404-4044352-2363527",2022-05-13,"Shipped - Delivered to Buyer",false,591,1,"Rajasthan","POKARAN","Set","SET116-KR-NP-XS","Merchant","Amazon.in"
"404-4961739-9185135",2022-05-13,"Shipped - Delivered to Buyer",false,885,1,"Rajasthan","Jaipur","Western Dress","J0341-DR-M","Merchant","Amazon.in"
"404-6730914-8300362",2022-05-13,"Shipped",false,885,1,"Rajasthan","BANSWARA","Ethnic Dress","J0209-DR-XS","Amazon","Amazon.in"
"404-7028815-7542751",2022-05-13,"Shipped - Delivered to Buyer",false,771,1,"Rajasthan","DHAULPUR","Western Dress","JNE3797-KR-M","Merchant","Amazon.in"
"404-7067994-2312337",2022-05-13,"Shipped",false,666,1,"Rajasthan","JAIPUR","Set","SET286-KR-NP-XXL","Amazon","Amazon.in"
"404-7706233-2549933",2022-05-13,"Shipped - Delivered to Buyer",false,771,1,"Rajasthan","JAIPUR","Western Dress","JNE3797-KR-XL","Merchant","Amazon.in"
"405-2232270-0308324",2022-05-13,"Shipped",false,709,1,"Rajasthan","JAIPUR","kurta","MEN5011-KR-L","Amazon","Amazon.in"
"405-6026000-7273136",2022-05-13,"Shipped",false,435,1,"Rajasthan","JAIPUR","kurta","JNE3568-KR-M","Amazon","Amazon.in"
"405-8255623-7107535",2022-05-13,"Shipped",false,667,1,"Rajasthan","PHULERA","Set","SET372-KR-PP-XXXL","Amazon","Amazon.in"
"405-9758425-2962729",2022-05-13,"Shipped",false,1523,1,"Rajasthan","JAIPUR","Set","J0285-SKD-XS","Amazon","Amazon.in"
"407-0088730-6047563",2022-05-13,"Shipped",false,999,1,"Rajasthan","PALI","Set","SET415-KR-NP-M","Amazon","Amazon.in"
"408-0615908-1895525",2022-05-13,"Shipped - Delivered to Buyer",false,666,1,"Rajasthan","JAIPUR","Set","SET325-KR-NP-S","Merchant","Amazon.in"
"408-8795942-9669166",2022-05-13,"Shipped",false,885,1,"Rajasthan","JAIPUR","Western Dress","J0343-DR-L","Amazon","Amazon.in"
"171-1991949-8183545",2022-05-14,"Shipped",false,759,1,"Rajasthan","KOTA","Set","SET197-KR-NP-L","Amazon","Amazon.in"
"402-3436607-8673938",2022-05-14,"Shipped",false,581,1,"Rajasthan","JAIPUR","Western Dress","JNE3880-DR-L","Amazon","Amazon.in"
"403-1602134-7297968",2022-05-14,"Cancelled",true,583.81,0,"Rajasthan","SRI GANGANAGAR","Set","NW034-TP-PJ-XXXL","Merchant","Amazon.in"
"403-3299432-9546740",2022-05-14,"Cancelled",true,583.81,0,"Rajasthan","SRI GANGANAGAR","Set","NW034-TP-PJ-XXXL","Merchant","Amazon.in"
"403-5169795-7862754",2022-05-14,"Shipped - Delivered to Buyer",false,648,1,"Rajasthan","KOTA","Set","SET389-KR-NP-L","Merchant","Amazon.in"
"403-6925180-2108312",2022-05-14,"Shipped",false,318,1,"Rajasthan","BIKANER","kurta","JNE3446-KR-S","Amazon","Amazon.in"
"403-6925180-2108312",2022-05-14,"Shipped",false,301,1,"Rajasthan","BIKANER","kurta","JNE3456-KR-S","Amazon","Amazon.in"
"403-9698166-7229920",2022-05-14,"Shipped - Delivered to Buyer",false,517,1,"Rajasthan","KOTA","kurta","JNE3697-KR-L","Merchant","Amazon.in"
"403-9793055-0415505",2022-05-14,"Shipped",false,736,1,"Rajasthan","Jodhpur","Set","SET293-KR-NP-XXL","Amazon","Amazon.in"
"404-0820268-9768337",2022-05-14,"Cancelled",true,885,1,"Rajasthan","Udaipur","Western Dress","J0341-DR-XXL","Amazon","Amazon.in"
"404-2245216-0388322",2022-05-14,"Shipped - Delivered to Buyer",false,379,1,"Rajasthan","JODHPUR","Bottom","BTM043-PP-XXL","Merchant","Amazon.in"
"405-1871834-6329912",2022-05-14,"Cancelled",true,978.57,0,"Rajasthan","AJMER","Set","SET394-KR-NP-L","Merchant","Amazon.in"
"405-4786534-2293101",2022-05-14,"Shipped",false,1099,1,"Rajasthan","JAIPUR","kurta","PJNE3068-KR-6XL","Amazon","Amazon.in"
"405-8298615-3601949",2022-05-14,"Shipped - Delivered to Buyer",false,925,1,"Rajasthan","JAIPUR","kurta","PJNE3252-KR-N-6XL","Merchant","Amazon.in"
"406-5812791-7396348",2022-05-14,"Shipped",false,1349,1,"Rajasthan","UDAIPUR","Set","J0230-SKD-M","Amazon","Amazon.in"
"406-6488977-6457114",2022-05-14,"Shipped - Delivered to Buyer",false,771,1,"Rajasthan","BHARATPUR","Set","SET357-KR-NP-M","Merchant","Amazon.in"
"407-5491155-4240362",2022-05-14,"Cancelled",true,734.29,0,"Rajasthan","JAIPUR","Western Dress","JNE3797-KR-M","Merchant","Amazon.in"
"408-7968961-7443539",2022-05-14,"Shipped",false,0,1,"Rajasthan","UDAIPUR","kurta","JNE3838-KR-XL","Amazon","Amazon.in"
"171-0232998-7541174",2022-05-15,"Shipped - Delivered to Buyer",false,1068,1,"Rajasthan","AJMER","Set","SET377-KR-NP-S","Merchant","Amazon.in"
"171-3341247-7341935",2022-05-15,"Cancelled",true,617.14,0,"Rajasthan","JAIPUR","Set","SET389-KR-NP-XXXL","Merchant","Amazon.in"
"171-3341247-7341935",2022-05-15,"Cancelled",true,427.62,0,"Rajasthan","JAIPUR","kurta","JNE3825-KR-L","Merchant","Amazon.in"
"171-3341247-7341935",2022-05-15,"Cancelled",true,811.43,0,"Rajasthan","JAIPUR","Set","SET347-KR-NP-XXXL","Merchant","Amazon.in"
"171-4859478-0839531",2022-05-15,"Shipped - Delivered to Buyer",false,852,1,"Rajasthan","Jaipur","Set","SET320-KR-NP-M","Merchant","Amazon.in"
"171-6857044-9394750",2022-05-15,"Shipped",false,435,1,"Rajasthan","ALWAR","kurta","JNE3440-KR-N-XS","Amazon","Amazon.in"
"171-6857044-9394750",2022-05-15,"Shipped",false,999,1,"Rajasthan","ALWAR","Set","SET397-KR-NP-XS","Amazon","Amazon.in"
"171-7505949-2574723",2022-05-15,"Cancelled",true,546.67,0,"Rajasthan","CHURU","Top","JNE3656-TP-N-M","Merchant","Amazon.in"
"402-0808005-9425157",2022-05-15,"Shipped",false,1072,1,"Rajasthan","UDAIPUR","Set","J0283-SET-XXL","Amazon","Amazon.in"
"402-1513741-7167529",2022-05-15,"Shipped",false,368,1,"Rajasthan","BHADRA","kurta","JNE3543-KR-S","Amazon","Amazon.in"
"402-1513741-7167529",2022-05-15,"Shipped",false,999,1,"Rajasthan","BHADRA","Set","SET397-KR-NP-S","Amazon","Amazon.in"
"402-7630418-8714705",2022-05-15,"Shipped - Delivered to Buyer",false,899,1,"Rajasthan","BIKANER 9680830319","Set","SET344-KR-NP-XXXL","Merchant","Amazon.in"
"404-2183469-8997958",2022-05-15,"Shipped - Delivered to Buyer",false,925,1,"Rajasthan","JAIPUR","kurta","PJNE3252-KR-N-5XL","Merchant","Amazon.in"
"404-3297643-2709133",2022-05-15,"Cancelled",true,,0,"Rajasthan","JALOR","kurta","J0150-KR-S","Merchant","Amazon.in"
"404-4465464-7909912",2022-05-15,"Shipped",false,517,1,"Rajasthan","UDAIPUR","kurta","JNE3784-KR-M","Amazon","Amazon.in"
"404-6299838-4005135",2022-05-15,"Shipped",false,301,1,"Rajasthan","Keshorai patan district bundi","kurta","JNE3721-KR-XL","Amazon","Amazon.in"
"405-1789950-5625105",2022-05-15,"Shipped - Delivered to Buyer",false,1477,1,"Rajasthan","JHALAWAR","Set","SET361-KR-NP-M","Merchant","Amazon.in"
"405-1790206-0405929",2022-05-15,"Shipped",false,899,1,"Rajasthan","Masuda","Set","SET344-KR-NP-XXL","Amazon","Amazon.in"
"405-4745709-8153934",2022-05-15,"Shipped",false,455,1,"Rajasthan","JAIPUR","Set","NW029-ST-SR-XL","Amazon","Amazon.in"
"406-0207843-8044301",2022-05-15,"Shipped - Delivered to Buyer",false,2598,1,"Rajasthan","SARDARSHAHAR","Set","J0238-LCD-L","Merchant","Amazon.in"
"406-1523170-9449958",2022-05-15,"Shipped",false,471,1,"Rajasthan","KOTA","kurta","JNE3510-KR-L","Amazon","Amazon.in"
"406-2714981-7195554",2022-05-15,"Shipped",false,568,1,"Rajasthan","SIKAR","Set","SET270-KR-PP-XXL","Amazon","Amazon.in"
"406-8031748-5777957",2022-05-15,"Shipped - Delivered to Buyer",false,443,1,"Rajasthan","JAIPUR","Western Dress","J0153-DR-M","Merchant","Amazon.in"
"406-9536900-5931537",2022-05-15,"Cancelled",true,951.43,0,"Rajasthan","Bikaner","Set","SET356-KR-NP-XS","Merchant","Amazon.in"
"407-3292374-8615538",2022-05-15,"Shipped - Returned to Seller",false,545,1,"Rajasthan","JAIPUR","Top","J0337-TP-XS","Merchant","Amazon.in"
"407-3414630-3385137",2022-05-15,"Cancelled",true,386,1,"Rajasthan","UDAIPUR","kurta","JNE3735-KR-S","Amazon","Amazon.in"
"407-3414630-3385137",2022-05-15,"Cancelled",true,359,1,"Rajasthan","UDAIPUR","kurta","JNE3532-KR-S","Amazon","Amazon.in"
"407-3872238-0259503",2022-05-15,"Cancelled",true,856.19,0,"Rajasthan","TARANAGAR","Set","SET348-KR-NP-L","Merchant","Amazon.in"
"407-5994368-9473158",2022-05-15,"Cancelled",true,856.19,0,"Rajasthan","TARANAGAR","Set","SET348-KR-NP-L","Merchant","Amazon.in"
"407-7019354-5741106",2022-05-15,"Cancelled",true,,0,"Rajasthan","JODHPUR","kurta","JNE3806-KR-M","Amazon","Amazon.in"
"407-7872058-4281900",2022-05-15,"Shipped",false,471,1,"Rajasthan","BIKANER","kurta","JNE3368-KR-XXL","Amazon","Amazon.in"
"407-9008912-0290755",2022-05-15,"Cancelled",true,856.19,0,"Rajasthan","TARANAGAR","Set","SET348-KR-NP-L","Merchant","Amazon.in"
"407-9906726-6094706",2022-05-15,"Shipped - Delivered to Buyer",false,885,1,"Rajasthan","JAIPUR","Western Dress","J0333-DR-L","Merchant","Amazon.in"
"408-2594081-7592319",2022-05-15,"Shipped - Delivered to Buyer",false,449,1,"Rajasthan","KOTA","kurta","JNE3825-KR-XXL","Merchant","Amazon.in"
"408-4066547-3465956",2022-05-15,"Shipped - Delivered to Buyer",false,618,1,"Rajasthan","JAIPUR","kurta","MEN5010-KR-L","Merchant","Amazon.in"
"408-8106437-1857111",2022-05-15,"Shipped",false,1186,1,"Rajasthan","JAIPUR","Set","SET304-KR-DPT-L","Amazon","Amazon.in"
"408-9112108-7803506",2022-05-15,"Shipped - Delivered to Buyer",false,0,1,"Rajasthan","UDAIPUR","kurta","JNE3487-KR-XL","Merchant","Amazon.in"
"171-8994008-4629926",2022-05-16,"Shipped - Delivered to Buyer",false,475,1,"Rajasthan","SRIDUNGARGARH","kurta","JNE3820-KR-XL","Merchant","Amazon.in"
"402-0355763-6823568",2022-05-16,"Shipped - Delivered to Buyer",false,1523,1,"Rajasthan","SIKAR","Set","J0285-SKD-L","Merchant","Amazon.in"
"402-3655140-1429105",2022-05-16,"Shipped - Delivered to Buyer",false,549,1,"Rajasthan","JAIPUR","Set","SET332-KR-PP-S","Merchant","Amazon.in"
"402-3917610-5404302",2022-05-16,"Shipped - Delivered to Buyer",false,356,1,"Rajasthan","JAIPUR","kurta","JNE2205-KR-467-A-XL","Merchant","Amazon.in"
"402-6254641-5243532",2022-05-16,"Shipped",false,847,1,"Rajasthan","JAIPUR","Set","SET058-KR-NP-XXXL","Amazon","Amazon.in"
"402-9864853-1513116",2022-05-16,"Shipped",false,771,1,"Rajasthan","baram","Western Dress","JNE3800-KR-M","Amazon","Amazon.in"
"404-0607796-3853939",2022-05-16,"Shipped",false,635,1,"Rajasthan","SIKAR","Set","SET324-KR-NP-XS","Amazon","Amazon.in"
"404-2045943-6520348",2022-05-16,"Shipped - Delivered to Buyer",false,899,1,"Rajasthan","Sriganganagar","Western Dress","J0005-DR-L","Merchant","Amazon.in"
"404-8107243-4606751",2022-05-16,"Shipped - Returned to Seller",false,666,1,"Rajasthan","DUNGARGARH","Set","SET329-KR-NP-S","Merchant","Amazon.in"
"404-9641931-6206705",2022-05-16,"Cancelled",true,519.05,0,"Rajasthan","Jaipur","Set","SET328-KR-NP-XS","Merchant","Amazon.in"
"405-0730106-6031518",2022-05-16,"Shipped",false,356,1,"Rajasthan","JAISALMER","kurta","JNE2205-KR-467-A-L","Amazon","Amazon.in"
"405-8144052-8921940",2022-05-16,"Shipped",false,777,1,"Rajasthan","JAIPUR","kurta","MEN5023-KR-M","Amazon","Amazon.in"
"405-9056774-1960366",2022-05-16,"Shipped",false,599,1,"Rajasthan","Jaipur","Top","J0334-TP-XS","Amazon","Amazon.in"
"406-3274341-9099545",2022-05-16,"Shipped",false,764,1,"Rajasthan","JAIPUR","kurta","PJNE2199-KR-N-6XL","Amazon","Amazon.in"
"406-5021570-1685964",2022-05-16,"Shipped",false,1099,1,"Rajasthan","Bharatpur","kurta","PJNE2171-KR-N-4XL","Amazon","Amazon.in"
"407-0437724-2917164",2022-05-16,"Shipped",false,641,1,"Rajasthan","AJMER","Set","SET331-KR-NP-M","Amazon","Amazon.in"
"407-0629373-4749111",2022-05-16,"Cancelled",true,662.86,0,"Rajasthan","KOTA","kurta","JNE3577-KR-XXXL","Merchant","Amazon.in"
"407-1694434-0852319",2022-05-16,"Shipped - Delivered to Buyer",false,709,1,"Rajasthan","KOTA","kurta","MEN5009-KR-L","Merchant","Amazon.in"
"407-1694434-0852319",2022-05-16,"Shipped - Delivered to Buyer",false,709,1,"Rajasthan","KOTA","kurta","MEN5002-KR-L","Merchant","Amazon.in"
"407-2636382-8209920",2022-05-16,"Shipped - Delivered to Buyer",false,857,1,"Rajasthan","SIKAR","Set","SET341-KR-NP-XL","Merchant","Amazon.in"
"407-7520261-9117128",2022-05-16,"Shipped - Delivered to Buyer",false,345,1,"Rajasthan","BHAWANI MANDI","kurta","JNE3487-KR-XS","Merchant","Amazon.in"
"408-2453824-3911545",2022-05-16,"Shipped - Delivered to Buyer",false,771,1,"Rajasthan","LADNU","Western Dress","JNE3798-KR-S","Merchant","Amazon.in"
"408-3539702-2380352",2022-05-16,"Shipped - Delivered to Buyer",false,545,1,"Rajasthan","JAIPUR","Top","J0117-TP-XS","Merchant","Amazon.in"
"408-6294424-1369969",2022-05-16,"Cancelled",true,329.52,0,"Rajasthan","AJMER","Top","J0089-TP-M","Merchant","Amazon.in"
"408-6634476-9992307",2022-05-16,"Cancelled",true,,0,"Rajasthan","JAIPUR","Top","J0117-TP-XS","Merchant","Amazon.in"
"408-9745047-2053962",2022-05-16,"Shipped",false,0,1,"Rajasthan","JAIPUR","kurta","MEN5011-KR-M","Amazon","Amazon.in"
"171-0407056-1531536",2022-05-17,"Shipped",false,1099,1,"Rajasthan","AJMER","Set","SET282-KR-PP-M","Amazon","Amazon.in"
"171-5111951-5654750",2022-05-17,"Shipped - Delivered to Buyer",false,759,1,"Rajasthan","SIKAR","Set","SET183-KR-DH-M","Merchant","Amazon.in"
"171-8023628-0102748",2022-05-17,"Shipped",false,582,1,"Rajasthan","JAIPUR","kurta","JNE3896-KR-XXXL","Amazon","Amazon.in"
"403-4441455-3010709",2022-05-17,"Shipped - Delivered to Buyer",false,1072,1,"Rajasthan","JODHPUR","Set","J0013-SKD-XXL","Merchant","Amazon.in"
"403-9179710-0825113",2022-05-17,"Shipped",false,777,1,"Rajasthan","JAIPUR","kurta","MEN5023-KR-XL","Amazon","Amazon.in"
"404-5358632-5379541",2022-05-17,"Shipped",false,771,1,"Rajasthan","JAIPUR","kurta","JNE3801-KR-XXL","Amazon","Amazon.in"
"404-8760331-3021917",2022-05-17,"Shipped - Delivered to Buyer",false,850,1,"Rajasthan","KOTA","Set","SET343-KR-NP-M","Merchant","Amazon.in"
"404-9809497-2337141",2022-05-17,"Shipped",false,574,1,"Rajasthan","NAWALGARH","Top","J0344-TP-XXXL","Amazon","Amazon.in"
"405-4487770-1670755",2022-05-17,"Shipped",false,824,1,"Rajasthan","JAIPUR","Set","SET264-KR-NP-XL","Amazon","Amazon.in"
"405-7613523-3675511",2022-05-17,"Shipped - Returned to Seller",false,599,1,"Rajasthan","JAIPUR","Top","J0334-TP-M","Merchant","Amazon.in"
"406-1602204-4510723",2022-05-17,"Shipped - Delivered to Buyer",false,899,1,"Rajasthan","UDAIPURudaipur","Western Dress","J0005-DR-S","Merchant","Amazon.in"
"406-6439041-3634705",2022-05-17,"Shipped",false,547,1,"Rajasthan","BHARATPUR","Top","J0080-TP-XS","Amazon","Amazon.in"
"406-8479244-9667509",2022-05-17,"Shipped",false,1186,1,"Rajasthan","RATANGARH","Set","SET304-KR-DPT-XL","Amazon","Amazon.in"
"407-1323217-5588334",2022-05-17,"Shipped - Delivered to Buyer",false,899,1,"Rajasthan","TARANAGAR","Set","SET348-KR-NP-L","Merchant","Amazon.in"
"407-1421974-3278741",2022-05-17,"Shipped",false,852,1,"Rajasthan","KOTA","Set","SET347-KR-NP-S","Amazon","Amazon.in"
"407-3842083-4945145",2022-05-17,"Shipped",false,399,1,"Rajasthan","Jaipur","kurta","JNE3618-KR-L","Amazon","Amazon.in"
"407-4593256-0138707",2022-05-17,"Cancelled",true,753.33,0,"Rajasthan","JAIPUR","Western Dress","JNE3861-DR-XXL","Merchant","Amazon.in"
"407-7264567-6513953",2022-05-17,"Cancelled",true,386,1,"Rajasthan","UDAIPUR","kurta","JNE3735-KR-S","Amazon","Amazon.in"
"407-9337743-1569159",2022-05-17,"Shipped - Delivered to Buyer",false,999,1,"Rajasthan","JAIPUR","Set","SET397-KR-NP  -M","Merchant","Amazon.in"
"408-0028534-2031545",2022-05-17,"Shipped",false,318,1,"Rajasthan","AJMER","kurta","JNE3482-KR-M","Amazon","Amazon.in"
"408-1587273-4902750",2022-05-17,"Shipped - Returned to Seller",false,574,1,"Rajasthan","CHURU","Top","JNE3656-TP-N-M","Merchant","Amazon.in"
"408-3232910-4384321",2022-05-17,"Shipped - Delivered to Buyer",false,346,1,"Rajasthan","AJMER","Top","J0089-TP-M","Merchant","Amazon.in"
"408-7821808-5196302",2022-05-17,"Cancelled",true,,0,"Rajasthan","NATHDWARA","Set","J0244-SKD-S","Merchant","Amazon.in"
"408-8337808-1528356",2022-05-17,"Cancelled",true,,0,"Rajasthan","JAIPUR","Western Dress","J0343-DR-XXXL","Amazon","Amazon.in"
"171-1296523-3785944",2022-05-18,"Shipped - Delivered to Buyer",false,666,1,"Rajasthan","JAIPUR","Set","SET374-KR-NP-M","Merchant","Amazon.in"
"171-5470469-3333915",2022-05-18,"Cancelled",true,634.29,0,"Rajasthan","JAIPUR","Set","SET374-KR-NP-M","Merchant","Amazon.in"
"171-7472835-7006749",2022-05-18,"Cancelled",true,940.95,0,"Rajasthan","CHURU","Set","SET396-KR-PP-M","Merchant","Amazon.in"
"171-9290152-8088327",2022-05-18,"Shipped",false,382,1,"Rajasthan","Madanganj Kishangarh","kurta","JNE3373-KR-XXXL","Amazon","Amazon.in"
"402-0814942-6811502",2022-05-18,"Shipped",false,852,1,"Rajasthan","JAIPUR","Set","SET353-KR-NP-XXXL","Amazon","Amazon.in"
"402-1259757-0398712",2022-05-18,"Shipped - Delivered to Buyer",false,581,1,"Rajasthan","JAIPUR","Western Dress","JNE3880-DR-L","Merchant","Amazon.in"
"402-2072149-2862732",2022-05-18,"Shipped - Delivered to Buyer",false,545,1,"Rajasthan","JAIPUR","Top","J0117-TP-XXL","Merchant","Amazon.in"
"402-2072149-2862732",2022-05-18,"Shipped - Delivered to Buyer",false,648,1,"Rajasthan","JAIPUR","Top","JNE3892-TP-XXL","Merchant","Amazon.in"
"402-2072149-2862732",2022-05-18,"Shipped - Delivered to Buyer",false,690,1,"Rajasthan","JAIPUR","Top","JNE3691-TU-XXXL","Merchant","Amazon.in"
"402-2698061-0409920",2022-05-18,"Shipped",false,517,1,"Rajasthan","Alwar","Set","NW020-ST-SR-L","Amazon","Amazon.in"
"402-8073422-6476334",2022-05-18,"Shipped - Delivered to Buyer",false,721,1,"Rajasthan","JAIPUR","Western Dress","JNE3869-DR-S","Merchant","Amazon.in"
"403-0771453-2724305",2022-05-18,"Cancelled",true,,0,"Rajasthan","ALWAR","Western Dress","J0338-DR-L","Merchant","Amazon.in"
"403-5814988-6274720",2022-05-18,"Shipped - Delivered to Buyer",false,885,1,"Rajasthan","Kishangarh","Western Dress","J0341-DR-S","Merchant","Amazon.in"
"403-5814988-6274720",2022-05-18,"Shipped - Delivered to Buyer",false,885,1,"Rajasthan","Kishangarh","Western Dress","J0343-DR-S","Merchant","Amazon.in"
"403-8939240-8017908",2022-05-18,"Shipped",false,382,1,"Rajasthan","Aburoad","kurta","JNE3373-KR-XXXL","Amazon","Amazon.in"
"404-4156070-4956365",2022-05-18,"Shipped - Delivered to Buyer",false,591,1,"Rajasthan","RIICO INDUSTRIAL AREA NEEMRANA","Set","J0135-SET-M","Merchant","Amazon.in"
"404-9165097-5392311",2022-05-18,"Shipped - Delivered to Buyer",false,899,1,"Rajasthan","ALWAR","Western Dress","J0338-DR-L","Merchant","Amazon.in"
"405-0156195-8144350",2022-05-18,"Shipped - Delivered to Buyer",false,988,1,"Rajasthan","JHUNJHUNUN","Set","SET396-KR-PP-M","Merchant","Amazon.in"
"405-0943266-1496358",2022-05-18,"Shipped",false,666,1,"Rajasthan","JAIPUR","Set","SET374-KR-NP-XS","Amazon","Amazon.in"
"405-0976273-3856343",2022-05-18,"Cancelled",true,,0,"Rajasthan","JAIPUR","Set","SET374-KR-NP-XS","Amazon","Amazon.in"
"405-6320102-2819510",2022-05-18,"Cancelled",true,,0,"Rajasthan","JAIPUR","Set","J0285-SKD-M","Amazon","Amazon.in"
"406-0911397-1098757",2022-05-18,"Shipped",false,1523,1,"Rajasthan","jaipur","Set","J0285-SKD-XL","Amazon","Amazon.in"
"406-3868131-0605162",2022-05-18,"Shipped - Delivered to Buyer",false,1238,1,"Rajasthan","JODHPUR","Set","J0231-SKD-XXXL","Merchant","Amazon.in"
"406-4062510-5064300",2022-05-18,"Shipped",false,888,1,"Rajasthan","AJMER","Set","J0349-SET-XXXL","Amazon","Amazon.in"
"407-3304725-4457954",2022-05-18,"Shipped",false,999,1,"Rajasthan","JAIPUR","Set","SET403-KR-NP-L","Amazon","Amazon.in"
"407-4406483-4668301",2022-05-18,"Shipped - Delivered to Buyer",false,696,1,"Rajasthan","Jaipur","Set","SET375-KR-NP-S","Merchant","Amazon.in"
"407-4703311-5349917",2022-05-18,"Shipped",false,574,1,"Rajasthan","JAIPUR","Top","JNE3672-TU-XS","Amazon","Amazon.in"
"407-6748944-5144349",2022-05-18,"Shipped",false,666,1,"Rajasthan","UDAIPUR","kurta","JNE3799-KR-XS","Amazon","Amazon.in"
"407-6996161-0737912",2022-05-18,"Cancelled",true,,0,"Rajasthan","JAIPUR","Top","JNE3672-TU-XS","Amazon","Amazon.in"
"407-8110819-3464313",2022-05-18,"Shipped",false,635,1,"Rajasthan","Jaipur","Set","SET324-KR-NP-XL","Amazon","Amazon.in"
"408-3738022-7805933",2022-05-18,"Shipped - Delivered to Buyer",false,635,1,"Rajasthan","JAIPUR","kurta","J0353-KR-M","Merchant","Amazon.in"
"408-6670044-4397105",2022-05-18,"Cancelled",true,610.48,0,"Rajasthan","JAIPUR","Set","SET331-KR-NP-S","Merchant","Amazon.in"
"171-3123705-9647536",2022-05-19,"Shipped - Delivered to Buyer",false,499,1,"Rajasthan","BHIWADI","Set","SET281-KR-PP-XXL","Merchant","Amazon.in"
"171-3531045-7633911",2022-05-19,"Shipped",false,885,1,"Rajasthan","sojat city","Western Dress","J0341-DR-XXXL","Amazon","Amazon.in"
"402-1919416-5079512",2022-05-19,"Shipped - Delivered to Buyer",false,354,1,"Rajasthan","ABU ROAD","Top","JNE3658-TP-XS","Merchant","Amazon.in"
"402-7234968-4362732",2022-05-19,"Shipped - Returned to Seller",false,690,1,"Rajasthan","JAIPUR","Top","J0340-TP-S","Merchant","Amazon.in"
"403-1191673-2742744",2022-05-19,"Shipped",false,764,1,"Rajasthan","JAIPUR","kurta","PJNE3363-KR-N-5XL","Amazon","Amazon.in"
"404-3017061-5579558",2022-05-19,"Shipped - Delivered to Buyer",false,379,1,"Rajasthan","JAIPUR","Bottom","BTM038-PP-XXL","Merchant","Amazon.in"
"404-5977885-3718715",2022-05-19,"Shipped - Delivered to Buyer",false,513,1,"Rajasthan","JAIPUR","Top","JNE3865-TP-XXL","Merchant","Amazon.in"
"404-6582152-0305941",2022-05-19,"Shipped",false,774,1,"Rajasthan","JAIPUR","Set","SET346-KR-PP-XL","Amazon","Amazon.in"
"404-9452563-8681911",2022-05-19,"Shipped - Returned to Seller",false,301,1,"Rajasthan","RAMGANJ MANDI","kurta","JNE3721-KR-XS","Merchant","Amazon.in"
"405-2969637-8532356",2022-05-19,"Shipped - Delivered to Buyer",false,771,1,"Rajasthan","UDAIPUR","kurta","JNE3801-KR-XS","Merchant","Amazon.in"
"405-7619089-2151514",2022-05-19,"Shipped - Delivered to Buyer",false,771,1,"Rajasthan","BEAWAR","kurta","JNE3801-KR-XXXL","Merchant","Amazon.in"
"405-8818154-9490722",2022-05-19,"Shipped",false,613,1,"Rajasthan","JODHPUR","Set","NW034-TP-PJ-M","Amazon","Amazon.in"
"406-2070537-7120341",2022-05-19,"Shipped",false,399,1,"Rajasthan","JAIPUR","kurta","JNE3468-KR-XXL","Amazon","Amazon.in"
"406-8595819-6558738",2022-05-19,"Shipped",false,574,1,"Rajasthan","BHARATPUR","Top","JNE3680-TU-S","Amazon","Amazon.in"
"407-0228732-1679563",2022-05-19,"Shipped - Returned to Seller",false,499,1,"Rajasthan","SRI GANGANAGAR","Set","SET281-KR-PP-XXL","Merchant","Amazon.in"
"407-0862960-3573967",2022-05-19,"Shipped",false,1349,1,"Rajasthan","JAIPUR","Set","J0230-SKD-L","Amazon","Amazon.in"
"407-1261972-7825165",2022-05-19,"Shipped",false,386,1,"Rajasthan","UDAIPUR","kurta","JNE3735-KR-S","Amazon","Amazon.in"
"407-2025367-4329126",2022-05-19,"Shipped",false,1068,1,"Rajasthan","BIKANER","Set","SET377-KR-NP-XL","Amazon","Amazon.in"
"407-2238032-7785901",2022-05-19,"Shipped",false,301,1,"Rajasthan","SRI GANGANAGAR","kurta","JNE3703-KR-XXL","Amazon","Amazon.in"
"407-4430575-6551559",2022-05-19,"Shipped",false,539,1,"Rajasthan","RIICO INDUSTRIAL AREA NEEMRANA","Set","NW036-ST-SR-XXXL","Amazon","Amazon.in"
"407-5313367-8058726",2022-05-19,"Shipped",false,1133,1,"Rajasthan","JAIPUR","Set","J0008-SKD-M","Amazon","Amazon.in"
"407-9911627-9745956",2022-05-19,"Shipped",false,499,1,"Rajasthan","JAIPUR","kurta","JNE3724-KR-M","Amazon","Amazon.in"
"408-0326680-9170776",2022-05-19,"Shipped",false,869,1,"Rajasthan","Kota","Set","SET267-KR-NP-XXL","Amazon","Amazon.in"
"408-4449193-6283539",2022-05-19,"Shipped",false,771,1,"Rajasthan","GANGANAGAR","kurta","JNE3801-KR-M","Amazon","Amazon.in"
"408-5004631-1093941",2022-05-19,"Shipped - Delivered to Buyer",false,999,1,"Rajasthan","JAIPUR","Set","SET356-KR-NP-L","Merchant","Amazon.in"
"408-6560232-0084304",2022-05-19,"Shipped",false,629,1,"Rajasthan","JAIPUR","Set","SET385-KR-NP-M","Amazon","Amazon.in"
"408-8441023-0535512",2022-05-19,"Shipped - Delivered to Buyer",false,1096,1,"Rajasthan","JAIPUR","Set","SET394-KR-NP-XS","Merchant","Amazon.in"
"408-8529843-0462753",2022-05-19,"Shipped",false,771,1,"Rajasthan","KOTA","Western Dress","JNE3797-KR-XXL","Amazon","Amazon.in"
"171-0234093-1199534",2022-05-20,"Shipped",false,1338,1,"Rajasthan","ALWAR","Set","SET277-KR-NP-XS","Amazon","Amazon.in"
"171-1011931-6908342",2022-05-20,"Shipped - Delivered to Buyer",false,699,1,"Rajasthan","KARAULI","kurta","JNE2086-KR-389-M","Merchant","Amazon.in"
"171-1011931-6908342",2022-05-20,"Shipped - Delivered to Buyer",false,788,1,"Rajasthan","KARAULI","Set","SET145-KR-NP-M","Merchant","Amazon.in"
"171-1011931-6908342",2022-05-20,"Shipped - Delivered to Buyer",false,988,1,"Rajasthan","KARAULI","Set","SET402-KR-NP-M","Merchant","Amazon.in"
"171-1011931-6908342",2022-05-20,"Shipped - Delivered to Buyer",false,999,1,"Rajasthan","KARAULI","Set","SET310-KR-NP-M","Merchant","Amazon.in"
"171-6011215-7144350",2022-05-20,"Shipped - Delivered to Buyer",false,799,1,"Rajasthan","ALWAR","Set","SET295-KR-NP-XS","Merchant","Amazon.in"
"171-6011215-7144350",2022-05-20,"Shipped - Delivered to Buyer",false,2372,2,"Rajasthan","ALWAR","Set","SET398-KR-PP-XS","Merchant","Amazon.in"
"171-6164546-4285164",2022-05-20,"Shipped",false,459,1,"Rajasthan","ALWAR","kurta","JNE3739-KR-L","Amazon","Amazon.in"
"402-1745657-1767514",2022-05-20,"Shipped - Delivered to Buyer",false,788,1,"Rajasthan","Sagwara","Set","SET144-KR-NP-L","Merchant","Amazon.in"
"402-2915399-3830746",2022-05-20,"Shipped - Delivered to Buyer",false,786,1,"Rajasthan","AJMER","Set","SET217-KR-PP-M","Merchant","Amazon.in"
"403-5911002-2796318",2022-05-20,"Shipped - Delivered to Buyer",false,1499,1,"Rajasthan","BEAWAR","Set","SET388-KR-NP-XS","Merchant","Amazon.in"
"405-0475707-4024315",2022-05-20,"Shipped - Delivered to Buyer",false,825,1,"Rajasthan","BIKANER","Western Dress","J0339-DR-XS","Merchant","Amazon.in"
"405-3794969-0969119",2022-05-20,"Shipped - Delivered to Buyer",false,885,1,"Rajasthan","JAIPUR","Western Dress","J0401-DR-XL","Merchant","Amazon.in"
"406-4353714-9818764",2022-05-20,"Shipped - Delivered to Buyer",false,487,1,"Rajasthan","JAIPUR","kurta","JNE3714-KR-L","Merchant","Amazon.in"
"408-0339208-2947546",2022-05-20,"Shipped",false,0,1,"Rajasthan","PHALODI","kurta","JNE3440-KR-N-S","Amazon","Amazon.in"
"408-1333352-5250730",2022-05-20,"Cancelled",true,,0,"Rajasthan","UDAIPUR","Set","J0250-SKD-XXL","Amazon","Amazon.in"
"408-4222415-0329927",2022-05-20,"Shipped - Delivered to Buyer",false,1399,1,"Rajasthan","JAIPUR","Set","SET369-KR-NP-S","Merchant","Amazon.in"
"408-8571787-7192312",2022-05-20,"Shipped - Delivered to Buyer",false,648,1,"Rajasthan","JAIPUR","Set","SET389-KR-NP-S","Merchant","Amazon.in"
"171-2195971-1449960",2022-05-21,"Shipped",false,382,1,"Rajasthan","Barmer","kurta","JNE3373-KR-XXL","Amazon","Amazon.in"
"171-4676064-5780360",2022-05-21,"Shipped",false,788,1,"Rajasthan","JAIPUR","Set","SET145-KR-NP-XXL","Amazon","Amazon.in"
"171-8666646-0821921",2022-05-21,"Shipped",false,967,1,"Rajasthan","BAGRU","kurta","J0386-KR-XL","Amazon","Amazon.in"
"402-1416997-0657106",2022-05-21,"Shipped - Delivered to Buyer",false,653,1,"Rajasthan","CHITTAURGARH","Set","J0095-SET-XXXL","Merchant","Amazon.in"
"403-3356730-2938737",2022-05-21,"Shipped",false,1099,1,"Rajasthan","JAIPUR","kurta","PJNE2270-KR-N-6XL","Amazon","Amazon.in"
"404-4889736-0776302",2022-05-21,"Shipped",false,777,1,"Rajasthan","UDAIPUR","kurta","MEN5025-KR-XXXL","Amazon","Amazon.in"
"405-4819325-1653928",2022-05-21,"Cancelled",true,574,1,"Rajasthan","JAIPUR","Top","J0344-TP-XXXL","Amazon","Amazon.in"
"405-7109586-8191548",2022-05-21,"Shipped",false,771,1,"Rajasthan","JAIPUR","Western Dress","JNE3797-KR-XXL","Amazon","Amazon.in"
"405-8490799-2481951",2022-05-21,"Shipped",false,771,1,"Rajasthan","PRATAPGARH","Western Dress","JNE3797-KR-S","Amazon","Amazon.in"
"406-0468065-0037128",2022-05-21,"Cancelled",true,380,0,"Rajasthan","BIKANER","kurta","JNE3468-KR-L","Merchant","Amazon.in"
"406-0618989-4065932",2022-05-21,"Shipped - Returned to Seller",false,574,1,"Rajasthan","JAIPUR","Top","J0297-TP-M","Merchant","Amazon.in"
"406-1184237-3510749",2022-05-21,"Shipped - Delivered to Buyer",false,874,1,"Rajasthan","ANTAH","Set","SET337-KR-NP-M","Merchant","Amazon.in"
"406-1184237-3510749",2022-05-21,"Shipped - Delivered to Buyer",false,1349,1,"Rajasthan","ANTAH","Set","J0230-SKD-M","Merchant","Amazon.in"
"406-1184237-3510749",2022-05-21,"Shipped - Delivered to Buyer",false,1199,1,"Rajasthan","ANTAH","Set","SET220-KR-PP-M","Merchant","Amazon.in"
"406-1184237-3510749",2022-05-21,"Shipped - Delivered to Buyer",false,771,1,"Rajasthan","ANTAH","Western Dress","JNE3797-KR-M","Merchant","Amazon.in"
"406-1184237-3510749",2022-05-21,"Shipped - Delivered to Buyer",false,539,1,"Rajasthan","ANTAH","Top","J0090-TP-L","Merchant","Amazon.in"
"406-1184237-3510749",2022-05-21,"Shipped - Delivered to Buyer",false,736,1,"Rajasthan","ANTAH","Set","SET293-KR-NP-M","Merchant","Amazon.in"
"406-6362811-2344343",2022-05-21,"Shipped",false,641,1,"Rajasthan","ANTAH","Set","SET345-KR-NP-M","Amazon","Amazon.in"
"406-6362811-2344343",2022-05-21,"Shipped",false,1186,1,"Rajasthan","ANTAH","Set","SET398-KR-PP-S","Amazon","Amazon.in"
"406-7168630-2935556",2022-05-21,"Cancelled",true,888,1,"Rajasthan","KISHANGARH RENWAL","Set","J0349-SET-S","Amazon","Amazon.in"
"406-8285348-6394739",2022-05-21,"Shipped",false,486,1,"Rajasthan","DHAULPUR","Set","SET352-KR-NP-S","Amazon","Amazon.in"
"407-3142658-6169120",2022-05-21,"Shipped",false,771,1,"Rajasthan","Barmer","Western Dress","JNE3797-KR-XXL","Amazon","Amazon.in"
"408-0341606-6057956",2022-05-21,"Shipped - Delivered to Buyer",false,771,1,"Rajasthan","SRI GANGANAGAR","Western Dress","JNE3797-KR-M","Merchant","Amazon.in"
"408-2467987-5769106",2022-05-21,"Shipped - Delivered to Buyer",false,1349,1,"Rajasthan","JAIPUR","Set","J0230-SKD-M","Merchant","Amazon.in"
"408-4267336-3905958",2022-05-21,"Shipped",false,0,1,"Rajasthan","JAIPUR","Set","J0008-SKD-L","Amazon","Amazon.in"
"408-5574056-3282713",2022-05-21,"Shipped - Delivered to Buyer",false,899,1,"Rajasthan","UDAIPURudaipur","Western Dress","J0005-DR-L","Merchant","Amazon.in"
"408-6212591-4443559",2022-05-21,"Cancelled",true,,0,"Rajasthan","JAIPUR","kurta","JNE3364-KR-1051-A-M","Amazon","Amazon.in"
"408-9611449-2497940",2022-05-21,"Shipped",false,631,1,"Rajasthan","JAIPUR","Set","J0041-SET-L","Amazon","Amazon.in"
"408-9628616-2327569",2022-05-21,"Shipped",false,771,1,"Rajasthan","AJMER","kurta","JNE3801-KR-L","Amazon","Amazon.in"
"171-1497147-7152305",2022-05-22,"Shipped",false,544,1,"Rajasthan","JAIPUR","kurta","JNE3634-KR-XL","Amazon","Amazon.in"
"171-1815126-3356338",2022-05-22,"Cancelled",true,,0,"Rajasthan","JODHPUR","Set","SET325-KR-NP-S","Merchant","Amazon.in"
"171-2952978-7577107",2022-05-22,"Shipped - Delivered to Buyer",false,749,1,"Rajasthan","JALORE","kurta","JNE3160-KR-G-XXXL","Merchant","Amazon.in"
"171-4562699-1202746",2022-05-22,"Cancelled",true,686.67,0,"Rajasthan","JAIPUR","Western Dress","JNE3870-DR-M","Merchant","Amazon.in"
"171-5126842-9204318",2022-05-22,"Shipped",false,629,1,"Rajasthan","JAIPUR","Set","SET385-KR-NP-M","Amazon","Amazon.in"
"402-3039727-0713105",2022-05-22,"Cancelled",true,332.38,0,"Rajasthan","GULABPURA","kurta","JNE3751-KR-XXL","Merchant","Amazon.in"
"402-7949454-7746721",2022-05-22,"Shipped",false,382,1,"Rajasthan","TONK","kurta","JNE3373-KR-XXXL","Amazon","Amazon.in"
"403-5049047-3148340",2022-05-22,"Shipped - Delivered to Buyer",false,811,1,"Rajasthan","Alwar","kurta","MEN5032-KR-XXL","Merchant","Amazon.in"
"404-3625916-3917916",2022-05-22,"Shipped",false,574,1,"Rajasthan","Kota","Top","J0119-TP-XXL","Amazon","Amazon.in"
"404-3852216-9039524",2022-05-22,"Shipped",false,383,1,"Rajasthan","jaipur","Set","SET202-KR-NP-XXXL","Amazon","Amazon.in"
"404-3852216-9039524",2022-05-22,"Shipped",false,329,1,"Rajasthan","jaipur","kurta","JNE3627-KR-XXXL","Amazon","Amazon.in"
"404-6234569-5673162",2022-05-22,"Shipped",false,582,1,"Rajasthan","Udaipur","Set","NW030-TP-PJ-M","Amazon","Amazon.in"
"404-7191163-0053955",2022-05-22,"Shipped - Delivered to Buyer",false,721,1,"Rajasthan","JODHPUR","Western Dress","JNE3870-DR-XL","Merchant","Amazon.in"
"404-7191163-0053955",2022-05-22,"Shipped - Delivered to Buyer",false,825,1,"Rajasthan","JODHPUR","Western Dress","JNE3881-DR-XL","Merchant","Amazon.in"
"404-7972817-6684312",2022-05-22,"Shipped",false,791,1,"Rajasthan","JODHPUR","Western Dress","JNE3861-DR-XL","Amazon","Amazon.in"
"404-7972817-6684312",2022-05-22,"Shipped",false,614,1,"Rajasthan","JODHPUR","Western Dress","JNE3860-DR-XL","Amazon","Amazon.in"
"405-3216386-1234763",2022-05-22,"Shipped - Delivered to Buyer",false,885,1,"Rajasthan","JAIPUR","Western Dress","J0341-DR-XXL","Merchant","Amazon.in"
"405-6963057-5618742",2022-05-22,"Shipped",false,545,1,"Rajasthan","JAIPUR","Top","J0337-TP-XXL","Amazon","Amazon.in"
"406-0566047-5914725",2022-05-22,"Shipped",false,574,1,"Rajasthan","JAIPUR","Top","J0344-TP-M","Amazon","Amazon.in"
"406-4859956-7832357",2022-05-22,"Shipped",false,989,1,"Rajasthan","JAIPUR","Western Dress","J0335-DR-XL","Amazon","Amazon.in"
"406-5109687-8297158",2022-05-22,"Shipped",false,989,1,"Rajasthan","NASIRABAD","Western Dress","J0335-DR-L","Amazon","Amazon.in"
"406-6615461-2209169",2022-05-22,"Shipped - Delivered to Buyer",false,526,1,"Rajasthan","ALWAR","kurta","JNE3887-KR-L","Merchant","Amazon.in"
"406-8435362-5806748",2022-05-22,"Shipped",false,544,1,"Rajasthan","JAIPUR","kurta","JNE3560-KR-M","Amazon","Amazon.in"
"407-2785818-5533151",2022-05-22,"Shipped",false,574,1,"Rajasthan","SANCHORE","Top","J0119-TP-XL","Amazon","Amazon.in"
"407-2835150-8582756",2022-05-22,"Shipped",false,545,1,"Rajasthan","UDAIPUR","Top","JNE3687-TU-XL","Amazon","Amazon.in"
"407-6601353-3253965",2022-05-22,"Shipped",false,783,1,"Rajasthan","JAIPUR","Set","J0126-SKD-XXL","Amazon","Amazon.in"
"407-7060649-3686763",2022-05-22,"Shipped - Delivered to Buyer",false,574,1,"Rajasthan","UDAIPUR","Top","JNE3674-TU-XL","Merchant","Amazon.in"
"408-0896969-5669910",2022-05-22,"Shipped",false,761,1,"Rajasthan","JAIPUR","Set","J0278-SET-S","Amazon","Amazon.in"
"408-9282096-8151536",2022-05-22,"Cancelled",true,,0,"Rajasthan","BHILWARA","kurta","JNE3373-KR-XXL","Amazon","Amazon.in"
"171-0822445-3593964",2022-05-23,"Shipped",false,517,1,"Rajasthan","JAIPUR","kurta","JNE3783-KR-XXL","Amazon","Amazon.in"
"171-6823600-3978706",2022-05-23,"Shipped",false,847,1,"Rajasthan","UDAIPUR","Set","SET058-KR-NP-L","Amazon","Amazon.in"
"402-2868523-1188310",2022-05-23,"Shipped",false,1338,1,"Rajasthan","DHAULPUR","Set","SET360-KR-NP-XXL","Amazon","Amazon.in"
"402-3830268-8743501",2022-05-23,"Shipped",false,345,1,"Rajasthan","JODHPUR","kurta","JNE3487-KR-S","Amazon","Amazon.in"
"403-1242705-1353929",2022-05-23,"Shipped",false,736,1,"Rajasthan","Alwar","Set","SET293-KR-NP-XS","Amazon","Amazon.in"
"403-2969138-3762700",2022-05-23,"Shipped",false,518,1,"Rajasthan","Jaipur","Top","JNE3648-TP-N-M","Amazon","Amazon.in"
"403-9323144-7350711",2022-05-23,"Shipped - Delivered to Buyer",false,1186,1,"Rajasthan","UDAIPUR","Set","SET398-KR-PP-M","Merchant","Amazon.in"
"404-2701175-7404329",2022-05-23,"Shipped",false,791,1,"Rajasthan","PILANI TOWN","Western Dress","JNE3861-DR-XL","Amazon","Amazon.in"
"404-6617893-4108348",2022-05-23,"Shipped - Delivered to Buyer",false,1477,1,"Rajasthan","TARANAGAR","Set","J0281-SKD-L","Merchant","Amazon.in"
"405-0680118-7544340",2022-05-23,"Shipped",false,1199,1,"Rajasthan","JAIPUR","Set","J0012-SKD-XS","Amazon","Amazon.in"
"405-1574108-2253137",2022-05-23,"Shipped",false,885,1,"Rajasthan","JAIPUR","Western Dress","J0341-DR-L","Amazon","Amazon.in"
"405-3445155-8513148",2022-05-23,"Shipped - Delivered to Buyer",false,355,1,"Rajasthan","DARIBA","kurta","JNE3793-KR-XXXL","Merchant","Amazon.in"
"405-4298592-3080369",2022-05-23,"Shipped - Delivered to Buyer",false,582,1,"Rajasthan","CHURU","Set","NW035-ST-CP-XS","Merchant","Amazon.in"
"405-8654205-3287554",2022-05-23,"Shipped",false,696,1,"Rajasthan","SRI GANGANAGAR","kurta","JNE3888-KR-XXXL","Amazon","Amazon.in"
"406-1259473-9439546",2022-05-23,"Shipped",false,517,1,"Rajasthan","JAIPUR","kurta","JNE3784-KR-XL","Amazon","Amazon.in"
"406-4377207-6196369",2022-05-23,"Shipped",false,899,1,"Rajasthan","AJMER","Set","SET348-KR-NP-XS","Amazon","Amazon.in"
"406-4535445-2436311",2022-05-23,"Shipped - Delivered to Buyer",false,346,1,"Rajasthan","BHARATPUR","Top","J0089-TP-XXXL","Merchant","Amazon.in"
"406-6558856-8705939",2022-05-23,"Shipped",false,885,1,"Rajasthan","JAIPUR","Western Dress","J0341-DR-M","Amazon","Amazon.in"
"407-2975190-6767549",2022-05-23,"Shipped",false,885,1,"Rajasthan","JAIPUR","Western Dress","J0341-DR-L","Amazon","Amazon.in"
"407-5091755-2887550",2022-05-23,"Shipped",false,382,1,"Rajasthan","KARAULI","kurta","JNE3373-KR-XXXL","Amazon","Amazon.in"
"407-7354653-5464318",2022-05-23,"Shipped",false,318,1,"Rajasthan","ALWAR","kurta","J0026-KR-S","Amazon","Amazon.in"
"408-4667637-3528350",2022-05-23,"Shipped - Delivered to Buyer",false,771,1,"Rajasthan","BHIWADI","Set","SET357-KR-NP-M","Merchant","Amazon.in"
"408-7217774-7521918",2022-05-23,"Shipped - Delivered to Buyer",false,0,1,"Rajasthan","SIKAR","Set","J0285-SKD-XL","Merchant","Amazon.in"
"408-8788587-1339501",2022-05-23,"Shipped",false,709,1,"Rajasthan","JAIPUR","kurta","MEN5008-KR-XL","Amazon","Amazon.in"
"171-5211248-1383549",2022-05-24,"Shipped",false,641,1,"Rajasthan","JAIPUR","Set","SET331-KR-NP-M","Amazon","Amazon.in"
"171-5211248-1383549",2022-05-24,"Shipped",false,545,1,"Rajasthan","JAIPUR","Top","J0117-TP-M","Amazon","Amazon.in"
"171-7934388-8052351",2022-05-24,"Shipped",false,612,1,"Rajasthan","JAIPUR","Set","SET044-KR-NP-S","Amazon","Amazon.in"
"402-4272080-6840308",2022-05-24,"Cancelled",true,788,1,"Rajasthan","BIJAINAGAR AJMER DISTRICT","Set","SET145-KR-NP-XS","Amazon","Amazon.in"
"403-0136271-2728369",2022-05-24,"Shipped",false,999,1,"Rajasthan","NAGAUR","Set","SET401-KR-NP-S","Amazon","Amazon.in"
"403-0935409-1165931",2022-05-24,"Cancelled",true,951.43,0,"Rajasthan","NAGAUR","Set","SET401-KR-NP-XS","Merchant","Amazon.in"
"403-3361267-2565154",2022-05-24,"Shipped",false,882,1,"Rajasthan","JAIPUR","Set","SET390-KR-NP-XXXL","Amazon","Amazon.in"
"403-5717268-4333952",2022-05-24,"Shipped",false,999,1,"Rajasthan","JAIPUR","Western Dress","J0106-KR-XXXL","Amazon","Amazon.in"
"404-5274542-7158747",2022-05-24,"Shipped",false,888,1,"Rajasthan","DEEG","Set","J0349-SET-XL","Amazon","Amazon.in"
"404-6489058-6689150",2022-05-24,"Shipped",false,423,1,"Rajasthan","BHIWADI","Top","J0111-TP-XXL","Amazon","Amazon.in"
"405-1721484-5989139",2022-05-24,"Shipped",false,852,1,"Rajasthan","SIROHI","Set","SET347-KR-NP-XS","Amazon","Amazon.in"
"405-7504864-5385954",2022-05-24,"Shipped",false,771,1,"Rajasthan","JAIPUR","Western Dress","JNE3797-KR-L","Amazon","Amazon.in"
"405-8069279-6955535",2022-05-24,"Shipped",false,1199,1,"Rajasthan","Kishangarh","Set","J0012-SKD-XL","Amazon","Amazon.in"
"405-8373679-3943551",2022-05-24,"Shipped",false,696,1,"Rajasthan","SAMBHAR","Set","J0003-SET-XXXL","Amazon","Amazon.in"
"406-0088592-9053141",2022-05-24,"Shipped",false,1349,1,"Rajasthan","PILANI TOWN","Set","J0230-SKD-S","Amazon","Amazon.in"
"406-2282435-2703514",2022-05-24,"Shipped",false,1186,1,"Rajasthan","ALWAR","Set","SET398-KR-PP-XL","Amazon","Amazon.in"
"406-2767594-7506745",2022-05-24,"Shipped - Delivered to Buyer",false,405,1,"Rajasthan","BIKANER","kurta","JNE3630-KR-XXL","Merchant","Amazon.in"
"406-7129223-8302755",2022-05-24,"Cancelled",true,,0,"Rajasthan","KOTA","Top","J0113-TP-XXL","Merchant","Amazon.in"
"406-8909951-5474701",2022-05-24,"Shipped - Delivered to Buyer",false,331,1,"Rajasthan","JODHPUR","Bottom","BTM045-PP-XL","Merchant","Amazon.in"
"407-1059973-0794729",2022-05-24,"Shipped - Delivered to Buyer",false,771,1,"Rajasthan","KOTA","Western Dress","JNE3797-KR-XL","Merchant","Amazon.in"
"407-9340324-8506701",2022-05-24,"Shipped - Delivered to Buyer",false,574,1,"Rajasthan","UDAIPUR","Top","JNE3672-TU-XL","Merchant","Amazon.in"
"408-1465206-7774762",2022-05-24,"Shipped",false,382,1,"Rajasthan","BANSWARA","kurta","JNE3373-KR-XXXL","Amazon","Amazon.in"
"408-3963729-0433148",2022-05-24,"Shipped",false,641,1,"Rajasthan","UDAIPUR","Set","SET345-KR-NP-M","Amazon","Amazon.in"
"408-8366314-8857905",2022-05-24,"Shipped",false,383,1,"Rajasthan","Jaipur","kurta","JNE3738-KR-XL","Amazon","Amazon.in"
"171-6501972-6021905",2022-05-25,"Shipped",false,487,1,"Rajasthan","JODHPUR","kurta","JNE3628-KR-XXXL","Amazon","Amazon.in"
"402-1941357-5770740",2022-05-25,"Shipped",false,1096,1,"Rajasthan","BHINMAL","Set","SET394-KR-NP-XS","Amazon","Amazon.in"
"402-3987762-2178704",2022-05-25,"Shipped",false,988,1,"Rajasthan","ALWAR","Set","SET396-KR-PP-L","Amazon","Amazon.in"
"402-5708749-0637148",2022-05-25,"Shipped",false,574,1,"Rajasthan","JAIPUR","Top","J0344-TP-XXL","Amazon","Amazon.in"
"402-6974842-5033920",2022-05-25,"Shipped - Delivered to Buyer",false,721,1,"Rajasthan","JAIPUR","Western Dress","JNE3869-DR-XL","Merchant","Amazon.in"
"403-3329615-1983545",2022-05-25,"Shipped",false,599,1,"Rajasthan","JAIPUR","Set","SET383-KR-NP-XXL","Amazon","Amazon.in"
"404-2615229-7233945",2022-05-25,"Cancelled",true,666,1,"Rajasthan","BEAWAR","kurta","JNE3856-KR-XL","Amazon","Amazon.in"
"404-4733413-8391521",2022-05-25,"Shipped",false,666,1,"Rajasthan","BEAWAR","kurta","JNE3856-KR-XL","Amazon","Amazon.in"
"404-5286957-8460353",2022-05-25,"Shipped",false,574,1,"Rajasthan","ALWAR","Top","J0119-TP-M","Amazon","Amazon.in"
"404-5741140-0349100",2022-05-25,"Shipped",false,771,1,"Rajasthan","JODHPUR","Set","SET357-KR-NP-XL","Amazon","Amazon.in"
"405-0228522-5845973",2022-05-25,"Shipped",false,301,1,"Rajasthan","RAMGANJ MANDI","kurta","JNE3721-KR-XS","Amazon","Amazon.in"
"405-8375951-7868306",2022-05-25,"Shipped",false,1096,1,"Rajasthan","JODHPUR","Set","SET394-KR-NP-XS","Amazon","Amazon.in"
"405-8375951-7868306",2022-05-25,"Shipped",false,1229,1,"Rajasthan","JODHPUR","Set","SET355-KR-PP-XS","Amazon","Amazon.in"
"405-9150100-7774727",2022-05-25,"Cancelled",true,625,1,"Rajasthan","JAIPUR","Western Dress","JNE3905-DR-M","Amazon","Amazon.in"
"405-9558071-7924331",2022-05-25,"Shipped",false,696,1,"Rajasthan","DUNGARPUR","Set","J0003-SET-XL","Amazon","Amazon.in"
"405-9588142-1168352",2022-05-25,"Shipped",false,641,1,"Rajasthan","BARAN","Set","SET331-KR-NP-M","Amazon","Amazon.in"
"405-9588142-1168352",2022-05-25,"Shipped",false,635,1,"Rajasthan","BARAN","Set","SET324-KR-NP-M","Amazon","Amazon.in"
"406-0000694-0951511",2022-05-25,"Shipped - Delivered to Buyer",false,301,1,"Rajasthan","Kota","kurta","JNE3721-KR-M","Merchant","Amazon.in"
"406-0544833-6415551",2022-05-25,"Shipped",false,999,1,"Rajasthan","JAIPUR","Set","SET397-KR-NP  -M","Amazon","Amazon.in"
"406-1658231-6474732",2022-05-25,"Cancelled",true,,0,"Rajasthan","JAIPUR","Set","SET397-KR-NP  -M","Amazon","Amazon.in"
"406-1727388-5633161",2022-05-25,"Shipped",false,318,1,"Rajasthan","Kota","kurta","JNE3334-KR-M","Amazon","Amazon.in"
"406-1862045-2125956",2022-05-25,"Shipped - Delivered to Buyer",false,869,1,"Rajasthan","JAIPUR","Set","SET267-KR-NP-XL","Merchant","Amazon.in"
"406-3319922-4642767",2022-05-25,"Shipped - Delivered to Buyer",false,771,1,"Rajasthan","JHUNJHUNUN","Western Dress","JNE3797-KR-XS","Merchant","Amazon.in"
"406-5188328-2337902",2022-05-25,"Shipped",false,988,1,"Rajasthan","JAIPUR","Set","SET402-KR-NP-L","Amazon","Amazon.in"
"406-5640008-9282727",2022-05-25,"Shipped",false,382,1,"Rajasthan","JAIPUR","kurta","JNE3373-KR-XL","Amazon","Amazon.in"
"406-6986147-6883546",2022-05-25,"Shipped",false,605,1,"Rajasthan","JAIPUR","Set","SET291-KR-PP-XXXL","Amazon","Amazon.in"
"406-7047928-4938751",2022-05-25,"Shipped",false,1649,1,"Rajasthan","Kota","Set","J0240-SKD-M","Amazon","Amazon.in"
"406-8824677-2495501",2022-05-25,"Shipped",false,1523,1,"Rajasthan","SHAHJAHANPUR","Set","SET278-KR-NP-XXL","Amazon","Amazon.in"
"407-0464678-9946746",2022-05-25,"Shipped - Returned to Seller",false,771,1,"Rajasthan","JODHPUR","Western Dress","JNE3798-KR-XXXL","Merchant","Amazon.in"
"408-6986984-3096315",2022-05-25,"Shipped",false,525,1,"Rajasthan","KOTA","kurta","JNE3733-KR-M","Amazon","Amazon.in"
"171-3465549-0237915",2022-05-26,"Cancelled",true,709,1,"Rajasthan","JAIPUR","kurta","MEN5028-KR-M","Amazon","Amazon.in"
"402-8156289-7091535",2022-05-26,"Shipped",false,885,1,"Rajasthan","JAIPUR","Western Dress","J0341-DR-L","Amazon","Amazon.in"
"403-3371694-0269911",2022-05-26,"Shipped",false,653,1,"Rajasthan","JAIPUR","Set","J0095-SET-XXXL","Amazon","Amazon.in"
"403-5450298-8889926",2022-05-26,"Shipped - Delivered to Buyer",false,999,1,"Rajasthan","JAIPUR","Western Dress","J0106-KR-XXL","Merchant","Amazon.in"
"404-1088138-1167534",2022-05-26,"Shipped",false,792,1,"Rajasthan","KOTA","Western Dress","JNE3709-DR-S","Amazon","Amazon.in"
"404-3347891-2245964",2022-05-26,"Shipped",false,899,1,"Rajasthan","UDAIPUR","Set","SET348-KR-NP-L","Amazon","Amazon.in"
"404-8381022-5023504",2022-05-26,"Shipped - Delivered to Buyer",false,666,1,"Rajasthan","Beawer","Set","SET204-KR-DPT-XXL","Merchant","Amazon.in"
"404-8558585-0105159",2022-05-26,"Shipped",false,518,1,"Rajasthan","Churu","Top","JNE3640-TP-N-M","Amazon","Amazon.in"
"405-0271636-5613921",2022-05-26,"Shipped",false,318,1,"Rajasthan","JAIPUR","kurta","JNE3334-KR-XXL","Amazon","Amazon.in"
"405-3056942-1533941",2022-05-26,"Shipped",false,625,1,"Rajasthan","JAIPUR","Western Dress","JNE3905-DR-M","Amazon","Amazon.in"
"405-9098441-5138754",2022-05-26,"Cancelled",true,,0,"Rajasthan","JAIPUR","Western Dress","JNE3905-DR-M","Amazon","Amazon.in"
"405-9788422-3874767",2022-05-26,"Cancelled",true,544,1,"Rajasthan","JAIPUR","kurta","JNE3560-KR-M","Amazon","Amazon.in"
"407-7021251-7424343",2022-05-26,"Shipped",false,574,1,"Rajasthan","JAIPUR","Top","J0119-TP-L","Amazon","Amazon.in"
"407-8953704-1788311",2022-05-26,"Shipped",false,771,1,"Rajasthan","JAIPUR","Western Dress","JNE3797-KR-M","Amazon","Amazon.in"
"408-5648836-5159518",2022-05-26,"Shipped",false,635,1,"Rajasthan","UDAIPUR","Set","SET324-KR-NP-XXXL","Amazon","Amazon.in"
"408-6288680-5505167",2022-05-26,"Cancelled",true,,0,"Rajasthan","BIKANER","Set","SET268-KR-NP-S","Amazon","Amazon.in"
"408-8485139-0569906",2022-05-26,"Shipped",false,0,1,"Rajasthan","UDAIPUR","Top","JNE3687-TU-XXL","Amazon","Amazon.in"
"171-7254125-8884332",2022-05-27,"Cancelled",true,,0,"Rajasthan","JAIPUR","kurta","JNE3784-KR-XXL","Amazon","Amazon.in"
"171-9189638-2609113",2022-05-27,"Shipped",false,653,1,"Rajasthan","Jaipur","Set","J0095-SET-M","Amazon","Amazon.in"
"171-9189638-2609113",2022-05-27,"Shipped",false,850,1,"Rajasthan","Jaipur","Set","SET343-KR-NP-M","Amazon","Amazon.in"
"171-9189638-2609113",2022-05-27,"Shipped",false,854,1,"Rajasthan","Jaipur","Set","J0009-SKD-S","Amazon","Amazon.in"
"171-9252750-1045168",2022-05-27,"Shipped - Delivered to Buyer",false,852,1,"Rajasthan","Jaipur","Set","SET347-KR-NP-S","Merchant","Amazon.in"
"171-9589145-7047569",2022-05-27,"Shipped",false,574,1,"Rajasthan","JAIPUR","Top","J0119-TP-XXL","Amazon","Amazon.in"
"402-0153556-8665950",2022-05-27,"Shipped",false,1477,1,"Rajasthan","BIKANER","Set","J0281-SKD-XL","Amazon","Amazon.in"
"402-0655421-8045145",2022-05-27,"Shipped",false,635,1,"Rajasthan","JAIPUR","kurta","J0355-KR-M","Amazon","Amazon.in"
"403-0354695-0277950",2022-05-27,"Shipped",false,345,1,"Rajasthan","JAIPUR","kurta","JNE3487-KR-XL","Amazon","Amazon.in"
"403-6741525-7997901",2022-05-27,"Shipped",false,432,1,"Rajasthan","BHILWARA","kurta","JNE3781-KR-XL","Amazon","Amazon.in"
"403-7369742-0799527",2022-05-27,"Shipped",false,523,1,"Rajasthan","JAIPUR","kurta","JNE3465-KR-XXL","Amazon","Amazon.in"
"403-7506582-3091532",2022-05-27,"Shipped",false,999,1,"Rajasthan","BEAWAR","Set","SET415-KR-NP-XXXL","Amazon","Amazon.in"
"404-4780361-0426737",2022-05-27,"Shipped",false,1186,1,"Rajasthan","chittorgarh","Set","SET304-KR-DPT-XL","Amazon","Amazon.in"
"404-7844655-9013144",2022-05-27,"Shipped",false,771,1,"Rajasthan","ALWAR","Western Dress","JNE3798-KR-L","Amazon","Amazon.in"
"405-0889721-7555509",2022-05-27,"Shipped",false,382,1,"Rajasthan","JAIPUR","kurta","JNE3373-KR-XL","Amazon","Amazon.in"
"405-6633874-9254718",2022-05-27,"Shipped",false,999,1,"Rajasthan","Chittorgarh","Set","SET397-KR-NP-S","Amazon","Amazon.in"
"405-6633874-9254718",2022-05-27,"Shipped",false,368,1,"Rajasthan","Chittorgarh","kurta","JNE3543-KR-S","Amazon","Amazon.in"
"406-3608436-9249100",2022-05-27,"Shipped",false,899,1,"Rajasthan","JAIPUR","Western Dress","J0152-DR-XXL","Amazon","Amazon.in"
"406-6955356-4568333",2022-05-27,"Shipped",false,771,1,"Rajasthan","JAISALMER","Western Dress","JNE3797-KR-XL","Amazon","Amazon.in"
"407-3832476-9929932",2022-05-27,"Cancelled",true,435,1,"Rajasthan","JODHPUR","kurta","JNE3440-KR-N-XXL","Amazon","Amazon.in"
"407-5175797-8469911",2022-05-27,"Shipped - Delivered to Buyer",false,665,1,"Rajasthan","LAKHERI","kurta","MEN5024-KR-XXXL","Merchant","Amazon.in"
"407-8898641-0444343",2022-05-27,"Shipped",false,1349,1,"Rajasthan","BHILWARA","Set","J0230-SKD-XL","Amazon","Amazon.in"
"408-3141359-1803569",2022-05-27,"Shipped",false,517,1,"Rajasthan","JAIPUR","kurta","JNE3784-KR-XXL","Amazon","Amazon.in"
"408-3931922-3825901",2022-05-27,"Shipped - Delivered to Buyer",false,0,1,"Rajasthan","UDAIPUR","Top","JNE3674-TU-XXL","Merchant","Amazon.in"
"408-6475102-0487556",2022-05-27,"Shipped",false,345,1,"Rajasthan","JAIPUR","kurta","JNE3487-KR-L","Amazon","Amazon.in"
"408-6735612-6712328",2022-05-27,"Cancelled",true,,0,"Rajasthan","JAIPUR","Western Dress","J0339-DR-XL","Amazon","Amazon.in"
"408-9467257-6619513",2022-05-27,"Shipped",false,1349,1,"Rajasthan","JAIPUR","Set","J0230-SKD-M","Amazon","Amazon.in"
"171-3415734-8555533",2022-05-28,"Shipped",false,1072,1,"Rajasthan","JAIPUR","Set","J0013-SKD-M","Amazon","Amazon.in"
"171-9931812-5335556",2022-05-28,"Shipped",false,574,1,"Rajasthan","JAIPUR","Top","J0119-TP-XXL","Amazon","Amazon.in"
"171-9931812-5335556",2022-05-28,"Shipped",false,490,1,"Rajasthan","JAIPUR","Top","JNE3669-TU-XXL","Amazon","Amazon.in"
"402-3641153-9802721",2022-05-28,"Shipped",false,885,1,"Rajasthan","JAIPUR","Saree","SAR069","Amazon","Amazon.in"
"402-7304310-8006708",2022-05-28,"Shipped",false,1338,1,"Rajasthan","Jodhpur","Set","SET277-KR-NP-S","Amazon","Amazon.in"
"403-2498431-3539515",2022-05-28,"Cancelled",true,,0,"Rajasthan","JODHPUR","Western Dress","JNE3800-KR-A-XL","Merchant","Amazon.in"
"403-2577827-3702715",2022-05-28,"Shipped",false,434,1,"Rajasthan","UDAIPUR","Top","JNE3689-TU-L","Amazon","Amazon.in"
"403-4797875-7089932",2022-05-28,"Shipped",false,771,1,"Rajasthan","JODHPUR","Western Dress","JNE3797-KR-XXXL","Amazon","Amazon.in"
"403-5745134-7616348",2022-05-28,"Shipped",false,382,1,"Rajasthan","KOTA","kurta","JNE3373-KR-XL","Amazon","Amazon.in"
"403-9307863-4468309",2022-05-28,"Shipped",false,435,1,"Rajasthan","JODHPUR","kurta","JNE3440-KR-N-S","Amazon","Amazon.in"
"403-9307863-4468309",2022-05-28,"Shipped",false,368,1,"Rajasthan","JODHPUR","kurta","JNE3543-KR-S","Amazon","Amazon.in"
"404-0478006-7361963",2022-05-28,"Shipped - Delivered to Buyer",false,614,1,"Rajasthan","BEAWAR","Western Dress","JNE3860-DR-XXXL","Merchant","Amazon.in"
"404-7137071-4401146",2022-05-28,"Cancelled",true,,0,"Rajasthan","JODHPUR","Western Dress","JNE3800-KR-A-XL","Merchant","Amazon.in"
"404-8202533-1842708",2022-05-28,"Shipped - Delivered to Buyer",false,661,1,"Rajasthan","JODHPUR","Western Dress","JNE3879-DR-XL","Merchant","Amazon.in"
"404-8202533-1842708",2022-05-28,"Shipped - Delivered to Buyer",false,721,1,"Rajasthan","JODHPUR","Western Dress","JNE3869-DR-XL","Merchant","Amazon.in"
"404-8202533-1842708",2022-05-28,"Shipped - Delivered to Buyer",false,690,1,"Rajasthan","JODHPUR","Western Dress","J0157-DR-XL","Merchant","Amazon.in"
"404-9170624-6606712",2022-05-28,"Shipped",false,771,1,"Rajasthan","JODHPUR","Western Dress","JNE3800-KR-XL","Amazon","Amazon.in"
"405-6114767-8008350",2022-05-28,"Shipped - Delivered to Buyer",false,690,1,"Rajasthan","JAIPUR","Western Dress","J0157-DR-XL","Merchant","Amazon.in"
"405-9060058-7065168",2022-05-28,"Shipped",false,529,1,"Rajasthan","JAIPUR","kurta","JNE3795-KR-XXXL","Amazon","Amazon.in"
"406-4537494-9988367",2022-05-28,"Shipped",false,825,1,"Rajasthan","BHILWARA","Western Dress","J0339-DR-XS","Amazon","Amazon.in"
"407-4943950-9621967",2022-05-28,"Shipped",false,435,1,"Rajasthan","JODHPUR","kurta","JNE3440-KR-N-XXL","Amazon","Amazon.in"
"408-2522914-9305116",2022-05-28,"Cancelled",true,,0,"Rajasthan","PILANI TOWN","Western Dress","JNE3861-DR-L","Amazon","Amazon.in"
"408-2581333-9217121",2022-05-28,"Shipped",false,771,1,"Rajasthan","JAIPUR","Western Dress","JNE3797-KR-S","Amazon","Amazon.in"
"171-0770637-7118724",2022-05-29,"Shipped",false,635,1,"Rajasthan","SAGWARA","Set","SET324-KR-NP-M","Amazon","Amazon.in"
"171-5034310-2521143",2022-05-29,"Shipped",false,709,1,"Rajasthan","JAIPUR","kurta","MEN5028-KR-M","Amazon","Amazon.in"
"402-0183447-9276317",2022-05-29,"Cancelled",true,,0,"Rajasthan","JAIPUR","Set","NW016-ST-SR-S","Merchant","Amazon.in"
"402-1425443-1590728",2022-05-29,"Shipped - Delivered to Buyer",false,599,1,"Rajasthan","Jaipur","Western Dress","JNE3904-DR-XXL","Merchant","Amazon.in"
"402-3092086-7905940",2022-05-29,"Shipped - Lost in Transit",false,999,1,"Rajasthan","BHINMAL","Set","SET397-KR-NP-S","Merchant","Amazon.in"
"402-4382130-8778723",2022-05-29,"Shipped - Delivered to Buyer",false,517,1,"Rajasthan","JAIPUR","kurta","JNE3697-KR-S","Merchant","Amazon.in"
"402-6047717-6197118",2022-05-29,"Cancelled",true,500.95,0,"Rajasthan","BHIWADI","kurta","JNE3887-KR-XXXL","Merchant","Amazon.in"
"402-7548207-7753159",2022-05-29,"Shipped",false,709,1,"Rajasthan","JAIPUR","kurta","MEN5009-KR-L","Amazon","Amazon.in"
"402-8155335-5826713",2022-05-29,"Shipped",false,1556,1,"Rajasthan","JAIPUR","Set","J0280-SKD-XXXL","Amazon","Amazon.in"
"402-8155335-5826713",2022-05-29,"Shipped",false,1364,1,"Rajasthan","JAIPUR","Set","J0277-SKD-XXXL","Amazon","Amazon.in"
"402-8155335-5826713",2022-05-29,"Shipped",false,949,1,"Rajasthan","JAIPUR","Set","SET319-KR-NP-XXXL","Amazon","Amazon.in"
"403-0854641-9545961",2022-05-29,"Shipped",false,1186,1,"Rajasthan","CHHOTI SADRI","Set","SET304-KR-DPT-XS","Amazon","Amazon.in"
"403-3095437-1341134",2022-05-29,"Shipped",false,380,1,"Rajasthan","JAIPUR","kurta","JNE3501-KR-L","Amazon","Amazon.in"
"403-3152840-0384305",2022-05-29,"Shipped - Delivered to Buyer",false,648,1,"Rajasthan","JODHPUR","Set","SET389-KR-NP-S","Merchant","Amazon.in"
"403-3831932-8679526",2022-05-29,"Shipped",false,471,1,"Rajasthan","SIROHI","kurta","JNE3510-KR-XL","Amazon","Amazon.in"
"403-5520550-6771561",2022-05-29,"Shipped - Delivered to Buyer",false,575,1,"Rajasthan","JAIPUR","kurta","J0373-KR-XXXL","Merchant","Amazon.in"
"404-0403014-2661109",2022-05-29,"Shipped",false,885,1,"Rajasthan","KOTA","Western Dress","J0343-DR-S","Amazon","Amazon.in"
"404-9568410-8436338",2022-05-29,"Shipped",false,599,1,"Rajasthan","BIKANER","Blouse","J0219-BL-L","Amazon","Amazon.in"
"405-0924963-6892360",2022-05-29,"Shipped",false,382,1,"Rajasthan","JODHPUR","kurta","JNE3373-KR-XL","Amazon","Amazon.in"
"405-1509471-5938704",2022-05-29,"Shipped",false,857,1,"Rajasthan","tonk","Set","SET341-KR-NP-S","Amazon","Amazon.in"
"405-2483379-6227561",2022-05-29,"Shipped - Delivered to Buyer",false,693,1,"Rajasthan","JAIPUR","Set","SET239-KR-NP-XS","Merchant","Amazon.in"
"405-6764929-6313943",2022-05-29,"Shipped - Delivered to Buyer",false,614,1,"Rajasthan","JAIPUR","Set","SET227-KR-PP-A-XL","Merchant","Amazon.in"
"405-8237904-1221967",2022-05-29,"Shipped",false,1186,1,"Rajasthan","tonk","Set","SET380-KR-NP-S","Amazon","Amazon.in"
"405-9606224-9205149",2022-05-29,"Shipped",false,493,1,"Rajasthan","UDAIPUR","Top","JNE3659-TP-N-XL","Amazon","Amazon.in"
"406-0362962-2781165",2022-05-29,"Shipped",false,854,1,"Rajasthan","JAIPUR","Set","J0248-KR-DPT-L","Amazon","Amazon.in"
"406-1067427-9029937",2022-05-29,"Shipped",false,582,1,"Rajasthan","AJMER","Set","NW031-TP-PJ-M","Amazon","Amazon.in"
"406-3063649-4509144",2022-05-29,"Shipped",false,885,1,"Rajasthan","Jaipur","Western Dress","J0341-DR-XXL","Amazon","Amazon.in"
"406-4463596-1601923",2022-05-29,"Shipped",false,590,1,"Rajasthan","AJMER","Set","NW022-TP-PJ-XL","Amazon","Amazon.in"
"406-5874187-2169929",2022-05-29,"Shipped - Delivered to Buyer",false,539,1,"Rajasthan","AJMER","Set","NW001-TP-PJ-XL","Merchant","Amazon.in"
"406-9733091-2177162",2022-05-29,"Shipped",false,345,1,"Rajasthan","ALWAR","kurta","JNE3785-KR-M","Amazon","Amazon.in"
"407-0147239-7438720",2022-05-29,"Shipped",false,545,1,"Rajasthan","JAIPUR","Top","J0337-TP-XS","Amazon","Amazon.in"
"407-3029192-8479565",2022-05-29,"Shipped",false,545,1,"Rajasthan","Jaipur","Top","J0117-TP-M","Amazon","Amazon.in"
"407-8507714-4205932",2022-05-29,"Shipped - Delivered to Buyer",false,792,1,"Rajasthan","JAIPUR","Western Dress","JNE3709-DR-XS","Merchant","Amazon.in"
"408-4133997-5163556",2022-05-29,"Shipped",false,709,1,"Rajasthan","Kawai","kurta","MEN5002-KR-XXL","Amazon","Amazon.in"
"408-4366192-6479511",2022-05-29,"Shipped - Delivered to Buyer",false,0,1,"Rajasthan","UDAIPUR","Top","JNE3672-TU-XXXL","Merchant","Amazon.in"
"171-2118995-9222743",2022-05-30,"Cancelled",true,,0,"Rajasthan","JAIPUR","Top","J0119-TP-XXXL","Amazon","Amazon.in"
"402-1698845-0080334",2022-05-30,"Shipped",false,320,1,"Rajasthan","SIKAR","kurta","JNE3544-KR-S","Amazon","Amazon.in"
"402-3728763-9411512",2022-05-30,"Shipped",false,885,1,"Rajasthan","JAIPUR","Western Dress","J0341-DR-XL","Amazon","Amazon.in"
"402-4693702-2357112",2022-05-30,"Shipped - Delivered to Buyer",false,792,1,"Rajasthan","JAIPUR","Western Dress","JNE3709-DR-XL","Merchant","Amazon.in"
"402-4862675-7486748",2022-05-30,"Shipped",false,487,1,"Rajasthan","Jaipur","kurta","JNE3546-KR-XL","Amazon","Amazon.in"
"402-7913021-6717963",2022-05-30,"Cancelled",true,,0,"Rajasthan","JAIPUR","Set","J0380-SKD-M","Merchant","Amazon.in"
"402-8107888-2483566",2022-05-30,"Shipped",false,899,1,"Rajasthan","JODHPUR","Western Dress","J0005-DR-XL","Amazon","Amazon.in"
"402-9142677-7948355",2022-05-30,"Cancelled",true,,0,"Rajasthan","JAIPUR","Set","J0380-SKD-M","Merchant","Amazon.in"
"402-9371594-5802728",2022-05-30,"Shipped",false,825,1,"Rajasthan","Udaipur","Western Dress","J0339-DR-XL","Amazon","Amazon.in"
"403-0214990-5464328",2022-05-30,"Shipped",false,380,1,"Rajasthan","JAIPUR","kurta","JNE3501-KR-L","Amazon","Amazon.in"
"403-3105841-3578742",2022-05-30,"Cancelled",true,903.81,0,"Rajasthan","JODHPUR","Set","J0236-SKD-XL","Merchant","Amazon.in"
"403-7373467-7961958",2022-05-30,"Shipped",false,1399,1,"Rajasthan","JAIPUR","Set","PSET268-KR-NP-6XL","Amazon","Amazon.in"
"404-7493931-1101120",2022-05-30,"Cancelled",true,,0,"Rajasthan","Kota","kurta","JNE3878-KR-XL","Amazon","Amazon.in"
"405-3376714-2790709",2022-05-30,"Shipped",false,625,1,"Rajasthan","JODHPUR","Top","J0201-TP-XS","Amazon","Amazon.in"
"406-1929726-5385137",2022-05-30,"Shipped - Delivered to Buyer",false,368,1,"Rajasthan","Kishangarh","kurta","JNE3543-KR-M","Merchant","Amazon.in"
"406-6204172-3115567",2022-05-30,"Shipped - Delivered to Buyer",false,648,1,"Rajasthan","AJMER","Top","JNE3892-TP-L","Merchant","Amazon.in"
"406-8105795-7776361",2022-05-30,"Cancelled",true,734.29,0,"Rajasthan","JAIPUR","Western Dress","JNE3797-KR-S","Merchant","Amazon.in"
"407-0699097-6955533",2022-05-30,"Cancelled",true,,0,"Rajasthan","JAIPUR","Set","J0380-SKD-M","Merchant","Amazon.in"
"407-5169997-0201123",2022-05-30,"Shipped",false,345,1,"Rajasthan","UDAIPUR","kurta","JNE3785-KR-S","Amazon","Amazon.in"
"407-7255253-0277120",2022-05-30,"Shipped",false,517,1,"Rajasthan","JAIPUR","kurta","JNE3784-KR-XL","Amazon","Amazon.in"
"408-5760288-7561114",2022-05-30,"Shipped - Returned to Seller",false,301,1,"Rajasthan","Udaipur","kurta","JNE3384-KR-S","Merchant","Amazon.in"
"408-9318795-3450723",2022-05-30,"Shipped",false,1299,1,"Rajasthan","UDAIPUR","Set","J0381-SKD-M","Amazon","Amazon.in"
"171-5118121-4147525",2022-05-31,"Shipped",false,771,1,"Rajasthan","AHORE","Set","SET357-KR-NP-M","Amazon","Amazon.in"
"402-8617037-9405109",2022-05-31,"Shipped",false,545,1,"Rajasthan","JAIPUR","Top","J0117-TP-XXXL","Amazon","Amazon.in"
"402-8708604-0507516",2022-05-31,"Shipped - Returned to Seller",false,666,1,"Rajasthan","Bikaner","Set","SET286-KR-NP-XL","Merchant","Amazon.in"
"403-0124709-5864352",2022-05-31,"Shipped",false,665,1,"Rajasthan","JAIPUR","Top","J0336-TP-L","Amazon","Amazon.in"
"403-1022166-1977103",2022-05-31,"Shipped",false,1186,1,"Rajasthan","HINDAUN","Set","SET398-KR-PP-S","Amazon","Amazon.in"
"403-1022166-1977103",2022-05-31,"Shipped",false,,0,"Rajasthan","HINDAUN","Set","SET397-KR-NP-S","Amazon","Amazon.in"
"403-1022166-1977103",2022-05-31,"Shipped",false,857,1,"Rajasthan","HINDAUN","Set","SET341-KR-NP-M","Amazon","Amazon.in"
"403-3337371-2778750",2022-05-31,"Shipped - Delivered to Buyer",false,545,1,"Rajasthan","AJMER","Top","JNE3665-TP-M","Merchant","Amazon.in"
"403-4004869-8174738",2022-05-31,"Shipped",false,487,1,"Rajasthan","Udaipur","kurta","JNE3546-KR-XL","Amazon","Amazon.in"
"403-7769258-2772368",2022-05-31,"Shipped",false,587,1,"Rajasthan","JAIPUR","kurta","JNE3810-KR-XL","Amazon","Amazon.in"
"403-8760963-4485130",2022-05-31,"Shipped",false,1399,1,"Rajasthan","JAIPUR","Set","SET435-KR-NP-XS","Amazon","Amazon.in"
"404-1112870-0151549",2022-05-31,"Cancelled",true,399,1,"Rajasthan","JAIPUR","kurta","JNE3567-KR-M","Amazon","Amazon.in"
"404-4165392-8631530",2022-05-31,"Shipped",false,544,1,"Rajasthan","GULABPURA, Distt BHILWARA","kurta","JNE3560-KR-M","Amazon","Amazon.in"
"404-4796325-9283524",2022-05-31,"Shipped",false,825,1,"Rajasthan","JODHPUR","Western Dress","J0339-DR-S","Amazon","Amazon.in"
"405-3644086-8655544",2022-05-31,"Shipped",false,759,1,"Rajasthan","ALWAR","Set","SET251-KR-PP-M","Amazon","Amazon.in"
"405-4814735-8056341",2022-05-31,"Shipped",false,885,1,"Rajasthan","JAIPUR","Saree","SAR070","Amazon","Amazon.in"
"405-6369221-2740331",2022-05-31,"Shipped",false,771,1,"Rajasthan","JODHPUR","Western Dress","JNE3800-KR-A-XXXL","Amazon","Amazon.in"
"405-7578712-9960320",2022-05-31,"Shipped - Delivered to Buyer",false,759,1,"Rajasthan","CHHIPABAROD","Set","SET183-KR-DH-M","Merchant","Amazon.in"
"405-8584178-5101966",2022-05-31,"Shipped - Delivered to Buyer",false,355,1,"Rajasthan","JODHPUR","kurta","JNE3793-KR-XL","Merchant","Amazon.in"
"405-9006971-3544345",2022-05-31,"Shipped",false,518,1,"Rajasthan","bikaner","Top","JNE3639-TP-N-L","Amazon","Amazon.in"
"406-1447191-5458722",2022-05-31,"Shipped",false,1364,1,"Rajasthan","JODHPUR","Set","J0277-SKD-L","Amazon","Amazon.in"
"406-4650402-1957939",2022-05-31,"Shipped",false,635,1,"Rajasthan","TONK","kurta","J0096-KR-XXL","Amazon","Amazon.in"
"406-8770633-6085112",2022-05-31,"Shipped",false,1186,1,"Rajasthan","JAIPUR","Set","J0234-SKD-L","Amazon","Amazon.in"
"406-9225058-8135537",2022-05-31,"Shipped",false,899,1,"Rajasthan","JAIPUR","Set","SET344-KR-NP-XS","Amazon","Amazon.in"
"406-9225058-8135537",2022-05-31,"Shipped",false,1338,1,"Rajasthan","JAIPUR","Set","SET364-KR-NP-XXL","Amazon","Amazon.in"
"406-9828210-9603517",2022-05-31,"Shipped",false,736,1,"Rajasthan","JAIPUR","Set","SET293-KR-NP-XXL","Amazon","Amazon.in"
"407-9623117-1038730",2022-05-31,"Shipped",false,435,1,"Rajasthan","KOTA","kurta","JNE3568-KR-S","Amazon","Amazon.in"
"171-0908483-6967563",2022-06-01,"Shipped",false,521,1,"Rajasthan","UDAIPUR","Set","NW012-TP-PJ-M","Amazon","Amazon.in"
"171-1619926-1450704",2022-06-01,"Shipped - Delivered to Buyer",false,885,1,"Rajasthan","AJMER","Ethnic Dress","J0209-DR-XL","Merchant","Amazon.in"
"171-6608411-6507565",2022-06-01,"Shipped",false,540,1,"Rajasthan","KOTA","Top","J0113-TP-XS","Amazon","Amazon.in"
"171-9989000-7805933",2022-06-01,"Shipped",false,292,1,"Rajasthan","JAIPUR","kurta","JNE3721-KR-L","Amazon","Amazon.in"
"402-3233651-9109133",2022-06-01,"Shipped",false,459,1,"Rajasthan","JAIPUR","kurta","JNE3486-KR-XXXL","Amazon","Amazon.in"
"403-3041916-4169943",2022-06-01,"Shipped",false,473,1,"Rajasthan","JAIPUR","Top","JNE3645-TP-N-XS","Amazon","Amazon.in"
"404-0217566-4472353",2022-06-01,"Shipped",false,625,1,"Rajasthan","PILANI TOWN","Western Dress","JNE3905-DR-L","Amazon","Amazon.in"
"404-6387096-1565942",2022-06-01,"Shipped",false,835,1,"Rajasthan","JAIPUR","Set","SET279-LC-L","Amazon","Amazon.in"
"404-7628686-4275502",2022-06-01,"Shipped - Delivered to Buyer",false,792,1,"Rajasthan","KOTA","Western Dress","JNE3709-DR-L","Merchant","Amazon.in"
"405-0162181-4789946",2022-06-01,"Shipped",false,728,1,"Rajasthan","BEAWAR","kurta","PJNE2199-KR-N-6XL","Amazon","Amazon.in"
"405-6976105-9961927",2022-06-01,"Shipped",false,664,1,"Rajasthan","SARDARSHAHAR","Set","J0003-SET-XS","Amazon","Amazon.in"
"406-0314758-7265959",2022-06-01,"Shipped",false,324,1,"Rajasthan","DHAULPUR","kurta","JNE3777-KR-M","Amazon","Amazon.in"
"406-0314758-7265959",2022-06-01,"Shipped",false,399,1,"Rajasthan","DHAULPUR","kurta","JNE3764-KR-M","Amazon","Amazon.in"
"406-4600542-6625166",2022-06-01,"Shipped",false,360,1,"Rajasthan","ALWAR","Top","JNE3654-TP-L","Amazon","Amazon.in"
"407-0004199-8975536",2022-06-01,"Shipped - Delivered to Buyer",false,791,1,"Rajasthan","JAIPUR","Western Dress","JNE3861-DR-XXL","Merchant","Amazon.in"
"407-4589785-9931502",2022-06-01,"Shipped",false,544,1,"Rajasthan","BIKANER","kurta","JNE2294-KR-A-XXL","Amazon","Amazon.in"
"408-3553357-8133961",2022-06-01,"Shipped",false,533,1,"Rajasthan","ALWAR","kurta","JNE3837-KR-M","Amazon","Amazon.in"
"408-8226632-7906766",2022-06-01,"Shipped",false,625,1,"Rajasthan","JAIPUR","Western Dress","JNE3905-DR-L","Amazon","Amazon.in"
"408-9198401-9705931",2022-06-01,"Shipped",false,744,1,"Rajasthan","JAIPUR","Western Dress","JNE3861-DR-L","Amazon","Amazon.in"
"171-0614215-2636351",2022-06-02,"Shipped - Delivered to Buyer",false,735,1,"Rajasthan","BHILWARA","Western Dress","JNE3797-KR-S","Merchant","Amazon.in"
"171-1288433-4069138",2022-06-02,"Cancelled",true,,0,"Rajasthan","sojat city","Western Dress","J0339-DR-XXL","Amazon","Amazon.in"
"171-1703560-0205136",2022-06-02,"Shipped",false,399,1,"Rajasthan","Jaipur","kurta","JNE3567-KR-M","Amazon","Amazon.in"
"171-5043584-9883510",2022-06-02,"Cancelled",true,,0,"Rajasthan","JAIPUR","Top","J0213-TP-M","Amazon","Amazon.in"
"402-1288851-6545154",2022-06-02,"Shipped",false,436,1,"Rajasthan","Jaipur","kurta","JNE3822-KR-XL","Amazon","Amazon.in"
"402-2693141-8494701",2022-06-02,"Shipped",false,744,1,"Rajasthan","JAIPUR","Ethnic Dress","J0212-DR-L","Amazon","Amazon.in"
"402-3674324-6658761",2022-06-02,"Shipped",false,999,1,"Rajasthan","JAIPUR","Set","SET401-KR-NP-XXL","Amazon","Amazon.in"
"402-4992487-1793958",2022-06-02,"Shipped",false,449,1,"Rajasthan","JAIPUR","kurta","JNE3294-KR-M","Amazon","Amazon.in"
"402-5313336-2075561",2022-06-02,"Shipped",false,735,1,"Rajasthan","JAIPUR","Western Dress","JNE3797-KR-L","Amazon","Amazon.in"
"402-7564110-2145100",2022-06-02,"Shipped",false,529,1,"Rajasthan","AJMER","Set","SET233-KR-PP-M","Amazon","Amazon.in"
"402-8566618-2213127",2022-06-02,"Shipped - Delivered to Buyer",false,735,1,"Rajasthan","JODHPUR","Western Dress","JNE3797-KR-S","Merchant","Amazon.in"
"403-1513063-7745940",2022-06-02,"Shipped",false,735,1,"Rajasthan","BANSWARA","kurta","JNE3801-KR-XXL","Amazon","Amazon.in"
"403-8245132-6193924",2022-06-02,"Cancelled",true,473.33,0,"Rajasthan","Jaipur","Top","J0301-TP-M","Merchant","Amazon.in"
"404-8431406-0561910",2022-06-02,"Shipped",false,579,1,"Rajasthan","JODHPUR","Set","SET291-KR-PP-S","Amazon","Amazon.in"
"405-0857295-4758701",2022-06-02,"Cancelled",true,,0,"Rajasthan","JAIPUR","kurta","JNE3468-KR-S","Merchant","Amazon.in"
"405-3380614-5989912",2022-06-02,"Shipped",false,678,1,"Rajasthan","JAIPUR","Western Dress","JNE3869-DR-M","Amazon","Amazon.in"
"405-6654648-4003562",2022-06-02,"Shipped - Returned to Seller",false,397,1,"Rajasthan","JAIPUR","kurta","JNE3468-KR-S","Merchant","Amazon.in"
"406-3814793-8119534",2022-06-02,"Shipped",false,985,1,"Rajasthan","JAIPUR","Set","SET128-KR-DH-XXL","Amazon","Amazon.in"
"406-4513844-4131510",2022-06-02,"Shipped - Delivered to Buyer",false,850,1,"Rajasthan","JAIPUR","Set","SET343-KR-NP-S","Merchant","Amazon.in"
"406-5496786-5061964",2022-06-02,"Shipped",false,999,1,"Rajasthan","JAIPUR","Set","SET310-KR-NP-S","Amazon","Amazon.in"
"406-5964951-5557944",2022-06-02,"Shipped",false,641,1,"Rajasthan","JAIPUR","Set","SET345-KR-NP-M","Amazon","Amazon.in"
"406-6539102-7613126",2022-06-02,"Shipped",false,845,1,"Rajasthan","UDAIPUR","Set","J0349-SET-S","Amazon","Amazon.in"
"407-3532982-6793959",2022-06-02,"Shipped - Delivered to Buyer",false,1041,1,"Rajasthan","JAIPUR","Set","J0376-SKD-L","Merchant","Amazon.in"
"407-9472434-7231543",2022-06-02,"Shipped",false,842,1,"Rajasthan","UDAIPUR","Western Dress","J0343-DR-XL","Amazon","Amazon.in"
"408-0369402-0567524",2022-06-02,"Shipped",false,725,1,"Rajasthan","RIICO INDUSTRIAL AREA KANT KALWAR","Set","J0251-SKD-XS","Amazon","Amazon.in"
"408-1876399-9658732",2022-06-02,"Shipped",false,674,1,"Rajasthan","UDAIPUR","Set","SET288-KR-NP-XXXL","Amazon","Amazon.in"
"408-6258421-9173155",2022-06-02,"Shipped",false,475,1,"Rajasthan","JODHPUR","Set","NW004-TP-PJ-XXL","Amazon","Amazon.in"
"408-6985167-4298703",2022-06-02,"Cancelled",true,,0,"Rajasthan","JAIPUR","Set","SET203-KR-DPT-L","Amazon","Amazon.in"
"408-8652876-8439545",2022-06-02,"Shipped",false,1442,1,"Rajasthan","RAJSAMAND","Set","J0285-SKD-M","Amazon","Amazon.in"
"171-0744797-6111546",2022-06-03,"Shipped",false,726,1,"Rajasthan","GALIAKOT","Top","J0117-TP-XL","Amazon","Amazon.in"
"171-0862143-9391550",2022-06-03,"Cancelled",true,850,1,"Rajasthan","UDAIPUR","Set","SET343-KR-NP-XXL","Amazon","Amazon.in"
"171-1886005-8704337",2022-06-03,"Cancelled",true,1125,1,"Rajasthan","SIROHI","Set","SET304-KR-DPT-XS","Amazon","Amazon.in"
"171-6394944-2991520",2022-06-03,"Shipped - Delivered to Buyer",false,852,1,"Rajasthan","JAIPUR","Set","SET347-KR-NP-XS","Merchant","Amazon.in"
"171-7470343-7917966",2022-06-03,"Shipped - Delivered to Buyer",false,743,1,"Rajasthan","GALIAKOT","Top","J0124-TP-L","Merchant","Amazon.in"
"171-9243179-1346745",2022-06-03,"Shipped",false,698,1,"Rajasthan","Udaipur","Top","JNE3659-TP-N-L","Amazon","Amazon.in"
"402-0018562-3600374",2022-06-03,"Shipped",false,292,1,"Rajasthan","UDAIPUR","kurta","JNE3721-KR-S","Amazon","Amazon.in"
"402-3338896-4672338",2022-06-03,"Shipped - Delivered to Buyer",false,458,1,"Rajasthan","Jaipur","kurta","JNE3546-KR-XXL","Merchant","Amazon.in"
"402-4272141-7193112",2022-06-03,"Shipped",false,850,1,"Rajasthan","BIKANER","Set","SET343-KR-NP-XXL","Amazon","Amazon.in"
"402-5828084-9958737",2022-06-03,"Shipped",false,376,1,"Rajasthan","SOJAT","kurta","JNE3373-KR-L","Amazon","Amazon.in"
"402-6011084-2422725",2022-06-03,"Shipped",false,599,1,"Rajasthan","KOTA","Set","J0148-SET-XXXL","Amazon","Amazon.in"
"402-9640716-3845900",2022-06-03,"Shipped - Delivered to Buyer",false,599,1,"Rajasthan","UDAIPUR","Western Dress","JNE3904-DR-XL","Merchant","Amazon.in"
"403-3432393-4594733",2022-06-03,"Shipped",false,573,1,"Rajasthan","Kota","Set","SET184-KR-PP-M","Amazon","Amazon.in"
"403-9041872-7341930",2022-06-03,"Shipped",false,533,1,"Rajasthan","JAIPUR","kurta","JNE3837-KR-XXL","Amazon","Amazon.in"
"404-1135291-3263556",2022-06-03,"Cancelled",true,614,1,"Rajasthan","JODHPUR","Set","SET263-KR-NP-XL","Amazon","Amazon.in"
"404-3091660-7741130",2022-06-03,"Shipped",false,855,1,"Rajasthan","JAIPUR","Ethnic Dress","J0006-SET-M","Amazon","Amazon.in"
"404-3125707-8916327",2022-06-03,"Shipped",false,614,1,"Rajasthan","JODHPUR","Set","SET263-KR-NP-XL","Amazon","Amazon.in"
"404-3596775-3190749",2022-06-03,"Shipped",false,301,1,"Rajasthan","JAIPUR","kurta","JNE3484-KR-L","Amazon","Amazon.in"
"404-7966420-0681115",2022-06-03,"Shipped",false,764,1,"Rajasthan","MAKRANA","Set","SET145-KR-NP-XXL","Amazon","Amazon.in"
"405-0548610-2785114",2022-06-03,"Shipped",false,845,1,"Rajasthan","JAIPUR","Set","J0349-SET-S","Amazon","Amazon.in"
"405-1925642-2126701",2022-06-03,"Shipped - Delivered to Buyer",false,735,1,"Rajasthan","UDAIPUR","Western Dress","JNE3797-KR-XXXL","Merchant","Amazon.in"
"405-3346352-7093139",2022-06-03,"Shipped",false,560,1,"Rajasthan","KUMHER","Set","SET433-KR-NP-XS","Amazon","Amazon.in"
"405-4852378-5185158",2022-06-03,"Shipped",false,540,1,"Rajasthan","JAIPUR","kurta","JNE3463-KR-M","Amazon","Amazon.in"
"405-6166206-9075550",2022-06-03,"Cancelled",true,,0,"Rajasthan","JAIPUR","Set","SET395-KR-NP-M","Amazon","Amazon.in"
"406-1042711-6725968",2022-06-03,"Shipped - Delivered to Buyer",false,792,1,"Rajasthan","JAIPUR","Set","SET171-KR-NP-S","Merchant","Amazon.in"
"406-5947679-6966706",2022-06-03,"Shipped - Returned to Seller",false,771,1,"Rajasthan","KOTA","Set","SET357-KR-NP-XS","Merchant","Amazon.in"
"406-6212291-8525125",2022-06-03,"Cancelled",true,1082,1,"Rajasthan","GOTHRA","Set","SET097-KR-PP-XXXL","Amazon","Amazon.in"
"406-6730549-8946718",2022-06-03,"Shipped",false,665,1,"Rajasthan","JAIPUR","kurta","MEN5006-KR-XL","Amazon","Amazon.in"
"406-9390781-6598738",2022-06-03,"Shipped",false,771,1,"Rajasthan","KOTA","Set","SET335-KR-NP-XS","Amazon","Amazon.in"
"407-1101938-4273159",2022-06-03,"Cancelled",true,,0,"Rajasthan","JODHPUR","kurta","JNE3613-KR-S","Amazon","Amazon.in"
"407-4761150-7024362",2022-06-03,"Cancelled",true,471,1,"Rajasthan","SURAJGARH","kurta","JNE3291-KR-XL","Amazon","Amazon.in"
"407-7487614-4477134",2022-06-03,"Shipped",false,486,1,"Rajasthan","JAIPUR","kurta","JNE3697-KR-L","Amazon","Amazon.in"
"408-3334712-6989968",2022-06-03,"Shipped",false,0,1,"Rajasthan","ANTAH","Set","SET345-KR-NP-S","Amazon","Amazon.in"
"171-0031235-3897920",2022-06-04,"Cancelled",true,1125,1,"Rajasthan","SIROHI","Set","SET304-KR-DPT-XS","Amazon","Amazon.in"
"171-0182247-6199543",2022-06-04,"Shipped - Delivered to Buyer",false,852,1,"Rajasthan","JAIPUR","Set","SET347-KR-NP-XS","Merchant","Amazon.in"
"171-1632584-2688322",2022-06-04,"Cancelled",true,,0,"Rajasthan","KOTA","kurta","JNE3539-KR-XS","Amazon","Amazon.in"
"171-4548505-7344331",2022-06-04,"Cancelled",true,1125,1,"Rajasthan","SIROHI","Set","SET304-KR-DPT-XS","Amazon","Amazon.in"
"171-9993152-3409132",2022-06-04,"Cancelled",true,850,1,"Rajasthan","UDAIPUR","Set","SET343-KR-NP-XXL","Amazon","Amazon.in"
"402-1190534-6466707",2022-06-04,"Shipped",false,726,1,"Rajasthan","BANSWARA","Top","J0117-TP-M","Amazon","Amazon.in"
"402-6932704-5336352",2022-06-04,"Shipped",false,376,1,"Rajasthan","DIDWANA","kurta","JNE3373-KR-XL","Amazon","Amazon.in"
"403-1183408-3974717",2022-06-04,"Shipped",false,653,1,"Rajasthan","JAIPUR","Set","J0095-SET-S","Amazon","Amazon.in"
"403-2368017-8817105",2022-06-04,"Shipped",false,729,1,"Rajasthan","BHILWARA","kurta","JNE3160-KR-XL","Amazon","Amazon.in"
"403-2636084-9414715",2022-06-04,"Shipped",false,1323,1,"Rajasthan","DARIBA","Set","J0277-SKD-XL","Amazon","Amazon.in"
"403-8842721-4343517",2022-06-04,"Shipped",false,625,1,"Rajasthan","JAIPUR","kurta","MEN5027-KR-L","Amazon","Amazon.in"
"405-0065434-5978709",2022-06-04,"Shipped - Delivered to Buyer",false,599,1,"Rajasthan","JAIPUR","Set","J0347-SET-XL","Merchant","Amazon.in"
"405-2755369-8073932",2022-06-04,"Shipped",false,292,1,"Rajasthan","FATEHNAGAR","kurta","JNE3721-KR-L","Amazon","Amazon.in"
"405-2755369-8073932",2022-06-04,"Shipped",false,540,1,"Rajasthan","FATEHNAGAR","kurta","JNE3463-KR-XL","Amazon","Amazon.in"
"405-8426373-0739534",2022-06-04,"Shipped",false,315,1,"Rajasthan","JODHPUR","kurta","J0167-KR-M","Amazon","Amazon.in"
"405-9996130-8253953",2022-06-04,"Shipped",false,850,1,"Rajasthan","UDAIPUR","Set","SET343-KR-NP-XXL","Amazon","Amazon.in"
"406-1476837-0074729",2022-06-04,"Cancelled",true,582.86,0,"Rajasthan","Jaipur","Set","SET044-KR-NP-XL","Merchant","Amazon.in"
"407-0446451-0646761",2022-06-04,"Shipped",false,471,1,"Rajasthan","SURAJGARH","kurta","JNE3291-KR-XL","Amazon","Amazon.in"
"407-4450272-2805902",2022-06-04,"Shipped - Delivered to Buyer",false,399,1,"Rajasthan","BIKANER","kurta","JNE3878-KR-XL","Merchant","Amazon.in"
"408-0632958-7719561",2022-06-04,"Shipped",false,1163,1,"Rajasthan","NEEM KA THANA","Set","J0230-SKD-S","Amazon","Amazon.in"
"408-1716948-7610741",2022-06-04,"Shipped - Delivered to Buyer",false,847,1,"Rajasthan","JAIPUR","Set","SET058-KR-NP-M","Merchant","Amazon.in"
"408-2900278-5649956",2022-06-04,"Shipped - Delivered to Buyer",false,0,1,"Rajasthan","JHUNJHUNUN","Western Dress","JNE3797-KR-L","Merchant","Amazon.in"
"408-3859827-3590704",2022-06-04,"Cancelled",true,,0,"Rajasthan","KOTA","Top","J0113-TP-XXL","Amazon","Amazon.in"
"408-7400469-6246710",2022-06-04,"Shipped",false,635,1,"Rajasthan","UDAIPUR","Set","SET345-KR-NP-L","Amazon","Amazon.in"
"408-7400469-6246710",2022-06-04,"Shipped",false,345,1,"Rajasthan","UDAIPUR","kurta","JNE3752-KR-L","Amazon","Amazon.in"
"408-8207453-4849126",2022-06-04,"Shipped - Delivered to Buyer",false,0,1,"Rajasthan","JAIPUR","kurta","J0373-KR-XXL","Merchant","Amazon.in"
"171-1542623-4401949",2022-06-05,"Shipped",false,562,1,"Rajasthan","PALI","Set","NW005-ST-PJ-XXXL","Amazon","Amazon.in"
"171-1689736-9354752",2022-06-05,"Shipped - Returned to Seller",false,399,1,"Rajasthan","NAGAUR","kurta","J0150-KR-S","Merchant","Amazon.in"
"171-2454798-0833931",2022-06-05,"Cancelled",true,1125,1,"Rajasthan","SIROHI","Set","SET304-KR-DPT-S","Amazon","Amazon.in"
"171-3323469-1643550",2022-06-05,"Cancelled",true,727.62,0,"Rajasthan","Dungarpur","Set","SET145-KR-NP-XS","Merchant","Amazon.in"
"171-7655639-6272321",2022-06-05,"Shipped - Delivered to Buyer",false,495,1,"Rajasthan","BANSWARA","Set","NW003-TP-PJ-XS","Merchant","Amazon.in"
"402-2109628-2961904",2022-06-05,"Cancelled",true,709,1,"Rajasthan","JAIPUR","kurta","MEN5028-KR-M","Amazon","Amazon.in"
"402-9677847-4203500",2022-06-05,"Shipped - Delivered to Buyer",false,725,1,"Rajasthan","BIKANER","Western Dress","JNE3797-KR-A-S","Merchant","Amazon.in"
"403-2954960-5738752",2022-06-05,"Shipped",false,758,1,"Rajasthan","Jodhpur","Top","J0119-TP-XL","Amazon","Amazon.in"
"403-5569045-5797950",2022-06-05,"Cancelled",true,,0,"Rajasthan","Jodhpur","Top","J0119-TP-L","Amazon","Amazon.in"
"403-5665268-6843540",2022-06-05,"Shipped",false,1163,1,"Rajasthan","RAWATBHATA","Set","J0230-SKD-XXL","Amazon","Amazon.in"
"403-5992687-4837924",2022-06-05,"Shipped - Delivered to Buyer",false,590,1,"Rajasthan","UDAIPUR","kurta","MEN5020-KR-XXXL","Merchant","Amazon.in"
"403-6757052-6615526",2022-06-05,"Shipped - Delivered to Buyer",false,735,1,"Rajasthan","JHUNJHUNUN","Western Dress","JNE3800-KR-A-L","Merchant","Amazon.in"
"403-7258376-3213122",2022-06-05,"Shipped",false,569,1,"Rajasthan","KHAIRTHAL","Set","SET291-KR-PP-S","Amazon","Amazon.in"
"404-4395928-8582742",2022-06-05,"Shipped",false,635,1,"Rajasthan","ASIND","Set","SET345-KR-NP-XL","Amazon","Amazon.in"
"404-4486035-1809922",2022-06-05,"Cancelled",true,748.57,0,"Rajasthan","Chomu Jaipur","Set","SET217-KR-PP-L","Merchant","Amazon.in"
"404-5193918-2760337",2022-06-05,"Shipped",false,292,1,"Rajasthan","SARDARSHAHAR","kurta","JNE3721-KR-L","Amazon","Amazon.in"
"405-1200432-7353120",2022-06-05,"Shipped",false,443,1,"Rajasthan","Jaipur","Top","JNE3654-TP-XL","Amazon","Amazon.in"
"405-4211800-3522764",2022-06-05,"Shipped",false,1137,1,"Rajasthan","ALWAR","Set","J0012-SKD-XL","Amazon","Amazon.in"
"405-6932455-0170718",2022-06-05,"Shipped",false,544,1,"Rajasthan","JAIPUR","kurta","JNE3560-KR-S","Amazon","Amazon.in"
"406-4800285-5541125",2022-06-05,"Shipped",false,988,1,"Rajasthan","Ajmer","Set","SET402-KR-NP-M","Amazon","Amazon.in"
"406-4847104-2435508",2022-06-05,"Cancelled",true,999,1,"Rajasthan","AJMER","Set","SET310-KR-NP-XXL","Amazon","Amazon.in"
"406-9128414-8597125",2022-06-05,"Cancelled",true,1058.93,0,"Rajasthan","AJMER","Set","SET393-KR-NP-XXL","Merchant","Amazon.in"
"407-1966283-7527552",2022-06-05,"Shipped",false,735,1,"Rajasthan","UDAIPUR","kurta","JNE3801-KR-M","Amazon","Amazon.in"
"407-4051464-3189956",2022-06-05,"Shipped",false,496,1,"Rajasthan","NAGAUR","kurta","JNE3784-KR-M","Amazon","Amazon.in"
"407-4051464-3189956",2022-06-05,"Shipped",false,416,1,"Rajasthan","NAGAUR","kurta","JNE3781-KR-L","Amazon","Amazon.in"
"407-9501738-7847559",2022-06-05,"Shipped - Delivered to Buyer",false,666,1,"Rajasthan","BUHANA","Set","SET329-KR-NP-L","Merchant","Amazon.in"
"408-2597075-7234742",2022-06-05,"Shipped",false,635,1,"Rajasthan","JODHPUR","Set","SET331-KR-NP-S","Amazon","Amazon.in"
"408-7529112-1871546",2022-06-05,"Cancelled",true,503.81,0,"Rajasthan","JAIPUR","Set","SET233-KR-PP-XXXL","Merchant","Amazon.in"
"408-7922367-9405160",2022-06-05,"Shipped",false,736,1,"Rajasthan","PILANI TOWN","kurta","JNE3030-KR-L","Amazon","Amazon.in"
"408-8910096-4481132",2022-06-05,"Cancelled",true,459,1,"Rajasthan","Alwar","kurta","JNE3763-KR-M","Amazon","Amazon.in"
"171-6503811-2577109",2022-06-06,"Shipped",false,458,1,"Rajasthan","JAIPUR","kurta","JNE3518-KR-XXL","Amazon","Amazon.in"
"171-8779858-9953968",2022-06-06,"Shipped",false,1399,1,"Rajasthan","Jaipur","Set","SET435-KR-NP-L","Amazon","Amazon.in"
"171-8826482-4777960",2022-06-06,"Cancelled",true,1284,1,"Rajasthan","JAIPUR","Set","J0225-SKD-L","Amazon","Amazon.in"
"402-0280200-2552356",2022-06-06,"Shipped",false,799,1,"Rajasthan","UDAIPUR","Set","SET392-KR-NP-M","Amazon","Amazon.in"
"402-0414686-4721943",2022-06-06,"Shipped",false,435,1,"Rajasthan","HINDAUN","kurta","JNE3412-KR-XXL","Amazon","Amazon.in"
"402-2277422-0137934",2022-06-06,"Cancelled",true,,0,"Rajasthan","JODHPUR","Set","J0230-SKD-L","Amazon","Amazon.in"
"402-6239618-9474766",2022-06-06,"Shipped",false,693,1,"Rajasthan","JAIPUR","Top","JNE3639-TP-N-L","Amazon","Amazon.in"
"402-7849892-3058701",2022-06-06,"Shipped",false,468,1,"Rajasthan","CHURU","kurta","JNE3546-KR-M","Amazon","Amazon.in"
"402-8174703-5864352",2022-06-06,"Shipped - Delivered to Buyer",false,735,1,"Rajasthan","JAIPUR","Western Dress","JNE3797-KR-XL","Merchant","Amazon.in"
"403-7922401-5970756",2022-06-06,"Shipped",false,671,1,"Rajasthan","DARIBA","Set","SET187-KR-DH-XS","Amazon","Amazon.in"
"403-9180725-5409935",2022-06-06,"Shipped",false,728,1,"Rajasthan","JAIPUR","kurta","PJNE2199-KR-N-5XL","Amazon","Amazon.in"
"404-0045241-4890753",2022-06-06,"Cancelled",true,,0,"Rajasthan","KOTA","Set","SET156-KR-NP-XXL","Amazon","Amazon.in"
"404-4942159-0228336",2022-06-06,"Shipped",false,774,1,"Rajasthan","bhiwadi","Set","SET346-KR-PP-XL","Amazon","Amazon.in"
"404-5410763-7072335",2022-06-06,"Shipped - Delivered to Buyer",false,759,1,"Rajasthan","KOLAYAT","Set","SET183-KR-DH-M","Merchant","Amazon.in"
"404-8979148-4577903",2022-06-06,"Shipped",false,399,1,"Rajasthan","AJMER","kurta","JNE3567-KR-L","Amazon","Amazon.in"
"405-3565557-8588356",2022-06-06,"Shipped",false,786,1,"Rajasthan","jaipur","Set","SET217-KR-PP-M","Amazon","Amazon.in"
"405-3668594-0950766",2022-06-06,"Shipped",false,537,1,"Rajasthan","JAIPUR","Set","NW016-ST-SR-L","Amazon","Amazon.in"
"405-5398661-1761141",2022-06-06,"Cancelled",true,496.19,0,"Rajasthan","Jodhpur","Set","NW012-TP-PJ-M","Merchant","Amazon.in"
"405-9170596-3333114",2022-06-06,"Shipped",false,1299,1,"Rajasthan","tonk","Set","SET365-KR-NP-XS","Amazon","Amazon.in"
"406-2517489-8089902",2022-06-06,"Shipped - Delivered to Buyer",false,569,1,"Rajasthan","BIKANER","Set","SET291-KR-PP-L","Merchant","Amazon.in"
"406-9088643-7480312",2022-06-06,"Shipped",false,666,1,"Rajasthan","BHIWADI","Set","SET374-KR-NP-XS","Amazon","Amazon.in"
"408-1982861-0438739",2022-06-06,"Shipped",false,798,1,"Rajasthan","JAIPUR","kurta","PJNE2014-KR-N-6XL","Amazon","Amazon.in"
"408-2614884-8213164",2022-06-06,"Shipped",false,1168,1,"Rajasthan","Jaipur","Western Dress","J0343-DR-XXXL","Amazon","Amazon.in"
"408-4818437-7977922",2022-06-06,"Shipped",false,571,1,"Rajasthan","UDAIPUR","Set","SET227-KR-PP-A-L","Amazon","Amazon.in"
"408-5692354-0500368",2022-06-06,"Shipped",false,758,1,"Rajasthan","Jaipur","Top","J0344-TP-M","Amazon","Amazon.in"
"408-5954519-9481969",2022-06-06,"Shipped - Delivered to Buyer",false,0,1,"Rajasthan","AJMER","Top","JNE3665-TP-L","Merchant","Amazon.in"
"408-6740613-4703547",2022-06-06,"Shipped",false,630,1,"Rajasthan","JAIPUR","Set","SET275-KR-NP-XL","Amazon","Amazon.in"
"408-9390069-3873942",2022-06-06,"Shipped",false,635,1,"Rajasthan","JODHPUR","Set","SET331-KR-NP-M","Amazon","Amazon.in"
"171-2250474-8680349",2022-06-07,"Cancelled",true,1186,1,"Rajasthan","SIROHI","Set","SET304-KR-DPT-S","Amazon","Amazon.in"
"171-3105120-7085918",2022-06-07,"Shipped",false,486,1,"Rajasthan","KARAULI","kurta","JNE3437-KR-M","Amazon","Amazon.in"
"171-4063090-0865113",2022-06-07,"Cancelled",true,1125,1,"Rajasthan","SIROHI","Set","SET304-KR-DPT-S","Amazon","Amazon.in"
"171-4222997-7798753",2022-06-07,"Cancelled",true,1125,1,"Rajasthan","SIROHI","Set","SET304-KR-DPT-S","Amazon","Amazon.in"
"171-7698210-0717933",2022-06-07,"Shipped",false,571,1,"Rajasthan","SAGWARA","Set","SET227-KR-PP-A-M","Amazon","Amazon.in"
"171-8855480-6869128",2022-06-07,"Shipped",false,449,1,"Rajasthan","JAIPUR","kurta","JNE3822-KR-XS","Amazon","Amazon.in"
"171-9876435-7791551",2022-06-07,"Cancelled",true,1186,1,"Rajasthan","SIROHI","Set","SET304-KR-DPT-S","Amazon","Amazon.in"
"402-0335523-7257120",2022-06-07,"Shipped - Delivered to Buyer",false,771,1,"Rajasthan","JAIPUR","Western Dress","JNE3797-KR-A-M","Merchant","Amazon.in"
"402-1741253-1150763",2022-06-07,"Shipped",false,1139,1,"Rajasthan","ANTAH","Set","SET220-KR-PP-S","Amazon","Amazon.in"
"402-2350560-2420340",2022-06-07,"Shipped",false,1442,1,"Rajasthan","BHARATPUR","Set","SET278-KR-NP-M","Amazon","Amazon.in"
"402-2960157-9019568",2022-06-07,"Shipped",false,1301,1,"Rajasthan","JAIPUR","Set","J0379-SKD-M","Amazon","Amazon.in"
"402-3931458-2024353",2022-06-07,"Shipped",false,325,1,"Rajasthan","J ODHPUR","kurta","JNE3522-KR-L","Amazon","Amazon.in"
"402-7982576-1569155",2022-06-07,"Shipped",false,399,1,"Rajasthan","RAISINGHNAGAR","kurta","JNE3567-KR-M","Amazon","Amazon.in"
"403-0248120-0833955",2022-06-07,"Shipped",false,908,1,"Rajasthan","UDAIPUR","Western Dress","J0157-DR-XXL","Amazon","Amazon.in"
"403-1679892-2411500",2022-06-07,"Shipped - Delivered to Buyer",false,988,1,"Rajasthan","BHIWADI","Set","SET396-KR-PP-XS","Merchant","Amazon.in"
"403-1679892-2411500",2022-06-07,"Shipped - Delivered to Buyer",false,1186,1,"Rajasthan","BHIWADI","Set","SET393-KR-NP-XS","Merchant","Amazon.in"
"403-3520279-4034760",2022-06-07,"Shipped",false,526,1,"Rajasthan","UDAIPUR","kurta","JNE3887-KR-L","Amazon","Amazon.in"
"403-4460180-8507550",2022-06-07,"Shipped",false,635,1,"Rajasthan","JAIPUR","kurta","J0354-KR-M","Amazon","Amazon.in"
"403-8150033-2499517",2022-06-07,"Shipped - Delivered to Buyer",false,771,1,"Rajasthan","Jaipur","Western Dress","JNE3797-KR-A-XL","Merchant","Amazon.in"
"403-8627007-4618713",2022-06-07,"Shipped",false,899,1,"Rajasthan","BHIWADI","Set","SET359-KR-NP-XS","Amazon","Amazon.in"
"404-4474905-8120322",2022-06-07,"Shipped",false,496,1,"Rajasthan","JAIPUR","Set","NW032-ST-CP-XXXL","Amazon","Amazon.in"
"404-5037932-7836300",2022-06-07,"Cancelled",true,,0,"Rajasthan","JAIPUR","Set","J0380-SKD-M","Amazon","Amazon.in"
"405-1379760-0309167",2022-06-07,"Shipped - Delivered to Buyer",false,497,1,"Rajasthan","UDAIPUR","Top","J0088-TP-XXXL","Merchant","Amazon.in"
"405-6886767-0224306",2022-06-07,"Cancelled",true,414.29,0,"Rajasthan","BHILWARA","kurta","JNE3399-KR-XXXL","Merchant","Amazon.in"
"406-6868004-5626722",2022-06-07,"Shipped",false,413,1,"Rajasthan","BHILWARA","Western Dress","JNE3706-DR-XS","Amazon","Amazon.in"
"406-9305425-3704364",2022-06-07,"Shipped",false,583,1,"Rajasthan","UDAIPUR","Set","J0147-SET-XXXL","Amazon","Amazon.in"
"407-1936798-5589934",2022-06-07,"Shipped - Delivered to Buyer",false,671,1,"Rajasthan","BHILWARA","Set","SET187-KR-DH-XL","Merchant","Amazon.in"
"407-4639167-5009117",2022-06-07,"Shipped",false,1125,1,"Rajasthan","JAIPUR","Set","SET304-KR-DPT-S","Amazon","Amazon.in"
"407-4812019-3341944",2022-06-07,"Shipped",false,693,1,"Rajasthan","JAIPUR","Top","J0301-TP-XL","Amazon","Amazon.in"
"407-6253672-5648321",2022-06-07,"Shipped - Delivered to Buyer",false,368,1,"Rajasthan","JAIPUR","kurta","JNE3543-KR-XL","Merchant","Amazon.in"
"407-6285783-0279550",2022-06-07,"Shipped",false,380,1,"Rajasthan","Kota","kurta","JNE3735-KR-XXXL","Amazon","Amazon.in"
"408-1319035-3975518",2022-06-07,"Cancelled",true,492.38,0,"Rajasthan","NADBAI","Set","NW020-ST-SR-L","Merchant","Amazon.in"
"408-1768215-1517104",2022-06-07,"Shipped - Delivered to Buyer",false,1099,1,"Rajasthan","JAIPUR","Western Dress","JNE3861-DR-L","Merchant","Amazon.in"
"408-8992490-2093144",2022-06-07,"Shipped - Delivered to Buyer",false,693,1,"Rajasthan","Jaipur","Top","J0301-TP-M","Merchant","Amazon.in"
"171-2097521-8973164",2022-06-08,"Shipped - Delivered to Buyer",false,786,1,"Rajasthan","JAIPUR","Set","SET217-KR-PP-XXXL","Merchant","Amazon.in"
"171-2180238-2881910",2022-06-08,"Shipped",false,1176,1,"Rajasthan","JAIPUR","Set","J0244-SKD-L","Amazon","Amazon.in"
"171-2898466-6601134",2022-06-08,"Shipped",false,671,1,"Rajasthan","BIKANER","Set","SET187-KR-DH-M","Amazon","Amazon.in"
"171-3080264-8372322",2022-06-08,"Shipped",false,792,1,"Rajasthan","JAIPUR","Set","SET171-KR-NP-XXXL","Amazon","Amazon.in"
"171-3973517-2209939",2022-06-08,"Shipped - Delivered to Buyer",false,476,1,"Rajasthan","JAIPUR","kurta","JNE3562-KR-XXL","Merchant","Amazon.in"
"171-7185631-9083534",2022-06-08,"Shipped",false,487,1,"Rajasthan","JAIPUR","kurta","JNE3757-KR-L","Amazon","Amazon.in"
"171-8402259-3685955",2022-06-08,"Shipped",false,1125,1,"Rajasthan","SIROHI","Set","SET304-KR-DPT-S","Amazon","Amazon.in"
"171-9077920-3489967",2022-06-08,"Shipped - Delivered to Buyer",false,486,1,"Rajasthan","BHARATPUR","kurta","JNE3697-KR-M","Merchant","Amazon.in"
"171-9141637-5085907",2022-06-08,"Shipped",false,758,1,"Rajasthan","SUMERPUR","Top","J0119-TP-XXXL","Amazon","Amazon.in"
"402-1165557-3040335",2022-06-08,"Shipped",false,693,1,"Rajasthan","JAIPUR","Top","J0301-TP-XXXL","Amazon","Amazon.in"
"402-2807943-2826725",2022-06-08,"Shipped",false,399,1,"Rajasthan","BIKANER","kurta","JNE3461-KR-M","Amazon","Amazon.in"
"402-2963138-6787534",2022-06-08,"Shipped",false,544,1,"Rajasthan","UDAIPUR","kurta","J0097-KR-S","Amazon","Amazon.in"
"402-5379495-7490725",2022-06-08,"Cancelled",true,,0,"Rajasthan","MERTA ROAD","kurta","JNE3721-KR-XXL","Merchant","Amazon.in"
"402-5668564-3873956",2022-06-08,"Shipped",false,735,1,"Rajasthan","BEAWAR","Western Dress","JNE3797-KR-L","Amazon","Amazon.in"
"402-8263683-2443563",2022-06-08,"Shipped",false,345,1,"Rajasthan","JAIPUR","kurta","JNE3487-KR-L","Amazon","Amazon.in"
"403-1639269-2339560",2022-06-08,"Shipped",false,664,1,"Rajasthan","BARAN","Set","J0003-SET-XS","Amazon","Amazon.in"
"403-1639269-2339560",2022-06-08,"Shipped",false,525,1,"Rajasthan","BARAN","Set","SET332-KR-PP-XS","Amazon","Amazon.in"
"403-2321941-6114719",2022-06-08,"Shipped",false,693,1,"Rajasthan","UDAIPUR","Top","J0301-TP-XXL","Amazon","Amazon.in"
"403-3534627-9222714",2022-06-08,"Shipped - Returned to Seller",false,735,1,"Rajasthan","Jaipur","Western Dress","JNE3797-KR-S","Merchant","Amazon.in"
"403-6684235-0853168",2022-06-08,"Shipped",false,376,1,"Rajasthan","JAIPUR","kurta","JNE3602-KR-L","Amazon","Amazon.in"
"403-9145474-4408369",2022-06-08,"Shipped",false,729,1,"Rajasthan","JAIPUR","Set","SET228-KR-PP-A-L","Amazon","Amazon.in"
"404-2221648-4163567",2022-06-08,"Shipped - Delivered to Buyer",false,725,1,"Rajasthan","JAIPUR","Western Dress","JNE3797-KR-A-S","Merchant","Amazon.in"
"404-2817099-6653130",2022-06-08,"Shipped - Delivered to Buyer",false,786,1,"Rajasthan","Chomu Jaipur","Set","SET217-KR-PP-L","Merchant","Amazon.in"
"405-1212706-6785957",2022-06-08,"Shipped",false,1091,1,"Rajasthan","JAIPUR","Western Dress","J0339-DR-S","Amazon","Amazon.in"
"406-5507613-4657125",2022-06-08,"Shipped",false,383,1,"Rajasthan","PIRAWA","kurta","JNE3738-KR-L","Amazon","Amazon.in"
"408-0430406-6556348",2022-06-08,"Shipped - Delivered to Buyer",false,671,1,"Rajasthan","JODHPUR","Set","SET187-KR-DH-XL","Merchant","Amazon.in"
"408-1343879-8367511",2022-06-08,"Shipped - Delivered to Buyer",false,529,1,"Rajasthan","JODHPUR","Set","SET233-KR-PP-M","Merchant","Amazon.in"
"408-3742000-2945104",2022-06-08,"Shipped - Delivered to Buyer",false,387,1,"Rajasthan","JAIPUR","kurta","JNE3468-KR-XXXL","Merchant","Amazon.in"
"408-3967576-3637119",2022-06-08,"Shipped",false,0,1,"Rajasthan","KOTA","Set","J0148-SET-XXL","Amazon","Amazon.in"
"408-6696898-2237902",2022-06-08,"Shipped",false,1458,2,"Rajasthan","BHADRA","kurta","JNE3160-KR-L","Amazon","Amazon.in"
"408-8622608-0884326",2022-06-08,"Shipped",false,799,1,"Rajasthan","Jaipur","Set","SET340-KR-NP-XXL","Amazon","Amazon.in"
"408-8622608-0884326",2022-06-08,"Shipped",false,799,1,"Rajasthan","Jaipur","Set","SET340-KR-NP-XXXL","Amazon","Amazon.in"
"408-8994532-3366759",2022-06-08,"Shipped",false,432,1,"Rajasthan","JAIPUR","kurta","JNE3716-KR-L","Amazon","Amazon.in"
"171-2098581-2032305",2022-06-09,"Shipped",false,435,1,"Rajasthan","JAIPUR","kurta","JNE3439-KR-M","Amazon","Amazon.in"
"171-2098581-2032305",2022-06-09,"Shipped",false,487,1,"Rajasthan","JAIPUR","kurta","JNE3803-KR-M","Amazon","Amazon.in"
"171-7373723-8657945",2022-06-09,"Shipped - Delivered to Buyer",false,1281,1,"Rajasthan","JHUNJHUNU","Set","J0239-SKD-M","Merchant","Amazon.in"
"402-3722057-7796359",2022-06-09,"Shipped",false,735,1,"Rajasthan","JAIPUR","Western Dress","JNE3800-KR-M","Amazon","Amazon.in"
"402-4814704-0032329",2022-06-09,"Cancelled",true,,0,"Rajasthan","BHIWADI","Top","J0119-TP-M","Amazon","Amazon.in"
"402-6553716-5956330",2022-06-09,"Shipped",false,999,1,"Rajasthan","ALWAR","Set","SET415-KR-NP-L","Amazon","Amazon.in"
"403-0889207-3211525",2022-06-09,"Shipped",false,517,1,"Rajasthan","JAIPUR","Set","NW020-ST-SR-L","Amazon","Amazon.in"
"403-3327506-2441142",2022-06-09,"Shipped",false,702,1,"Rajasthan","JODHPUR","Set","SET293-KR-NP-XXL","Amazon","Amazon.in"
"404-2204345-9634714",2022-06-09,"Cancelled",true,951.43,0,"Rajasthan","AJMER","Set","SET310-KR-NP-L","Merchant","Amazon.in"
"404-3181854-0845946",2022-06-09,"Shipped",false,759,1,"Rajasthan","BHIWADI","Set","SET197-KR-NP-XS","Amazon","Amazon.in"
"405-0246949-4360338",2022-06-09,"Cancelled",true,,0,"Rajasthan","JAIPUR","Set","SET304-KR-DPT-XS","Amazon","Amazon.in"
"405-1984696-9265162",2022-06-09,"Shipped",false,735,1,"Rajasthan","JAIPUR","Western Dress","JNE3797-KR-XXL","Amazon","Amazon.in"
"405-2524724-7652323",2022-06-09,"Shipped",false,626,1,"Rajasthan","JAIPUR","kurta","JNE3799-KR-XXL","Amazon","Amazon.in"
"405-5409295-4381950",2022-06-09,"Cancelled",true,,0,"Rajasthan","JAIPUR","Set","SET304-KR-DPT-XS","Amazon","Amazon.in"
"405-6340291-6839523",2022-06-09,"Shipped",false,1125,1,"Rajasthan","JAIPUR","Set","SET304-KR-DPT-XS","Amazon","Amazon.in"
"405-8888311-9506754",2022-06-09,"Shipped",false,1187,1,"Rajasthan","JAIPUR","Western Dress","J0415-DR-XXXL","Amazon","Amazon.in"
"405-9513907-2359541",2022-06-09,"Cancelled",true,,0,"Rajasthan","JAIPUR","Set","SET304-KR-DPT-XS","Amazon","Amazon.in"
"406-0494242-4747556",2022-06-09,"Shipped",false,399,1,"Rajasthan","AJMER","kurta","JNE3878-KR-XL","Amazon","Amazon.in"
"406-7013559-9651522",2022-06-09,"Cancelled",true,,0,"Rajasthan","JAIPUR","Set","J0379-SKD-XXL","Amazon","Amazon.in"
"406-8684711-1917957",2022-06-09,"Cancelled",true,508.57,0,"Rajasthan","JAIPUR","kurta","J0097-KR-L","Merchant","Amazon.in"
"407-1198754-7633109",2022-06-09,"Shipped",false,999,1,"Rajasthan","KOTA","Set","SET310-KR-NP-XS","Amazon","Amazon.in"
"407-4418404-5903560",2022-06-09,"Cancelled",true,735,1,"Rajasthan","BIKANER","Western Dress","JNE3798-KR-XXL","Amazon","Amazon.in"
"407-8841380-4328317",2022-06-09,"Shipped",false,435,1,"Rajasthan","sikar","kurta","JNE3405-KR-L","Amazon","Amazon.in"
"407-8841380-4328317",2022-06-09,"Shipped",false,435,1,"Rajasthan","sikar","kurta","JNE3405-KR-M","Amazon","Amazon.in"
"408-4031724-9983532",2022-06-09,"Shipped",false,612,1,"Rajasthan","Beawar","Set","SET273-KR-NP-M","Amazon","Amazon.in"
"408-5506164-3151527",2022-06-09,"Shipped",false,560,1,"Rajasthan","RIICO INDUSTRIAL AREA KANT KALWAR","Set","SET330-KR-PP-XS","Amazon","Amazon.in"
"408-9961279-0895503",2022-06-09,"Cancelled",true,572,1,"Rajasthan","ALWAR","Top","JNE3689-TU-M","Amazon","Amazon.in"
"171-1466434-3929167",2022-06-10,"Shipped",false,962,1,"Rajasthan","JAIPUR","Set","SET395-KR-NP-M","Amazon","Amazon.in"
"171-6119159-0978714",2022-06-10,"Shipped - Delivered to Buyer",false,1196,1,"Rajasthan","JAIPUR","Western Dress","J0396-DR-S","Merchant","Amazon.in"
"171-7097243-9593120",2022-06-10,"Shipped",false,1442,1,"Rajasthan","MEHANDIPUR","Set","J0285-SKD-XXL","Amazon","Amazon.in"
"171-7774519-1824367",2022-06-10,"Shipped",false,431,1,"Rajasthan","UDAIPUR","kurta","JNE3734-KR-XXXL","Amazon","Amazon.in"
"171-9541563-5430709",2022-06-10,"Shipped",false,1168,1,"Rajasthan","JAIPUR","Western Dress","J0401-DR-XS","Amazon","Amazon.in"
"402-0535673-0824317",2022-06-10,"Shipped",false,491,1,"Rajasthan","Bharatpur","kurta","JNE3465-KR-L","Amazon","Amazon.in"
"403-2257531-1692363",2022-06-10,"Shipped",false,1018,1,"Rajasthan","RAMGARH SIKAR DISTRICT","Set","J0283-SET-L","Amazon","Amazon.in"
"403-4351897-5684306",2022-06-10,"Shipped - Delivered to Buyer",false,1043,1,"Rajasthan","JAIPUR","Set","SET282-KR-PP-M","Merchant","Amazon.in"
"403-4573380-6960333",2022-06-10,"Shipped - Returned to Seller",false,725,1,"Rajasthan","JHUNJHUNUN","kurta","JNE3801-KR-XL","Merchant","Amazon.in"
"404-0625941-9181127",2022-06-10,"Cancelled",true,,0,"Rajasthan","SIKAR","kurta","JNE3721-KR-S","Amazon","Amazon.in"
"404-1975111-3909907",2022-06-10,"Shipped",false,967,1,"Rajasthan","chittorgarh","Set","SET305-KR-DPT-XL","Amazon","Amazon.in"
"404-2785182-4112326",2022-06-10,"Shipped",false,726,1,"Rajasthan","SIROHI","Top","J0117-TP-M","Amazon","Amazon.in"
"404-2785182-4112326",2022-06-10,"Shipped",false,758,1,"Rajasthan","SIROHI","Top","J0119-TP-L","Amazon","Amazon.in"
"404-2868952-0864365",2022-06-10,"Shipped",false,845,1,"Rajasthan","AJMER","Set","J0349-SET-L","Amazon","Amazon.in"
"404-6331458-9212325",2022-06-10,"Shipped - Delivered to Buyer",false,435,1,"Rajasthan","JAIPUR","kurta","JNE3440-KR-N-XXL","Merchant","Amazon.in"
"404-6886691-6953105",2022-06-10,"Shipped",false,826,1,"Rajasthan","JODHPUR","Top","JNE3671-TU-XXXL","Amazon","Amazon.in"
"404-6886691-6953105",2022-06-10,"Shipped",false,726,1,"Rajasthan","JODHPUR","Top","J0117-TP-XXXL","Amazon","Amazon.in"
"404-8555718-3951549",2022-06-10,"Shipped",false,824,1,"Rajasthan","DIDWANA","Set","SET264-KR-NP-XS","Amazon","Amazon.in"
"405-3712634-7769901",2022-06-10,"Shipped",false,1174,1,"Rajasthan","JAIPUR","Set","J0244-SKD-M","Amazon","Amazon.in"
"405-3712634-7769901",2022-06-10,"Shipped",false,349,1,"Rajasthan","JAIPUR","kurta","JNE2266-KR-490-A-M","Amazon","Amazon.in"
"405-6853341-1817914",2022-06-10,"Shipped - Delivered to Buyer",false,457,1,"Rajasthan","BIKANER","kurta","JNE3510-KR-M","Merchant","Amazon.in"
"405-7893766-6295515",2022-06-10,"Shipped - Delivered to Buyer",false,921,1,"Rajasthan","JAIPUR","Set","J0236-SKD-M","Merchant","Amazon.in"
"405-7893766-6295515",2022-06-10,"Shipped - Delivered to Buyer",false,1369,1,"Rajasthan","JAIPUR","Set","J0237-SKD-M","Merchant","Amazon.in"
"406-1107968-8879561",2022-06-10,"Shipped - Delivered to Buyer",false,999,1,"Rajasthan","PILANI TOWN","Set","SET356-KR-NP-M","Merchant","Amazon.in"
"406-3376668-2846768",2022-06-10,"Shipped",false,1613,1,"Rajasthan","JODHPUR","Set","J0228-SKD-XL","Amazon","Amazon.in"
"406-5082910-8409953",2022-06-10,"Shipped",false,850,1,"Rajasthan","PILANI TOWN","Set","SET343-KR-NP-L","Amazon","Amazon.in"
"406-7143285-9877938",2022-06-10,"Shipped",false,1556,1,"Rajasthan","JAIPUR","Set","J0280-SKD-M","Amazon","Amazon.in"
"406-9174415-2861968",2022-06-10,"Shipped",false,458,1,"Rajasthan","JAIPUR","kurta","JNE3718-KR-XXL","Amazon","Amazon.in"
"407-1542310-8757152",2022-06-10,"Cancelled",true,,0,"Rajasthan","UDAIPUR","Set","J0244-SKD-M","Amazon","Amazon.in"
"407-9484282-3433119",2022-06-10,"Shipped",false,735,1,"Rajasthan","UDAIPUR","kurta","JNE3801-KR-XXL","Amazon","Amazon.in"
"408-0351441-7073129",2022-06-10,"Shipped",false,0,1,"Rajasthan","JAIPUR","Set","SET310-KR-NP-M","Amazon","Amazon.in"
"408-1581153-5470758",2022-06-10,"Shipped",false,572,1,"Rajasthan","ALWAR","Top","JNE3689-TU-M","Amazon","Amazon.in"
"408-8208016-9447568",2022-06-10,"Shipped",false,735,1,"Rajasthan","JAIPUR","Western Dress","JNE3797-KR-XS","Amazon","Amazon.in"
"171-0890728-9424317",2022-06-11,"Shipped",false,1149,1,"Rajasthan","JAIPUR","Set","SET363-KR-NP-S","Amazon","Amazon.in"
"171-2085763-8544307",2022-06-11,"Shipped",false,709,1,"Rajasthan","JAIPUR","kurta","MEN5026-KR-XXL","Amazon","Amazon.in"
"171-3134114-6421931",2022-06-11,"Shipped",false,475,1,"Rajasthan","Bassi, JAIPUR","Set","NW013-ST-SR-XXXL","Amazon","Amazon.in"
"171-3747283-2507500",2022-06-11,"Shipped - Delivered to Buyer",false,599,1,"Rajasthan","JAIPUR","Set","SET385-KR-NP-M","Merchant","Amazon.in"
"171-4538585-6333940",2022-06-11,"Shipped - Delivered to Buyer",false,582,1,"Rajasthan","JAIPUR","Set","NW031-TP-PJ-XL","Merchant","Amazon.in"
"402-1541355-4901142",2022-06-11,"Shipped",false,1091,1,"Rajasthan","JAIPUR","Western Dress","J0339-DR-XXL","Amazon","Amazon.in"
"402-4852877-2582750",2022-06-11,"Shipped - Delivered to Buyer",false,1196,1,"Rajasthan","JAIPUR","Western Dress","J0295-DR-XXXL","Merchant","Amazon.in"
"402-7788574-8522758",2022-06-11,"Shipped",false,387,1,"Rajasthan","Kota","kurta","JNE3764-KR-XL","Amazon","Amazon.in"
"402-8764453-1550754",2022-06-11,"Shipped",false,1099,1,"Rajasthan","JAIPUR","Top","J0419-TP-XXL","Amazon","Amazon.in"
"402-8764453-1550754",2022-06-11,"Shipped",false,968,1,"Rajasthan","JAIPUR","Western Dress","J0413-DR-XXL","Amazon","Amazon.in"
"403-0137766-6500340",2022-06-11,"Shipped - Delivered to Buyer",false,292,1,"Rajasthan","SAWAI MADHOPUR","kurta","JNE3721-KR-XXL","Merchant","Amazon.in"
"403-0137766-6500340",2022-06-11,"Shipped - Delivered to Buyer",false,301,1,"Rajasthan","SAWAI MADHOPUR","kurta","JNE3776-KR-XL","Merchant","Amazon.in"
"403-1875883-1091546",2022-06-11,"Shipped",false,333,1,"Rajasthan","SAWAI MADHOPUR","kurta","JNE3475-KR-K-XL","Amazon","Amazon.in"
"403-1915492-8688330",2022-06-11,"Shipped",false,735,1,"Rajasthan","JAIPUR","Western Dress","JNE3797-KR-S","Amazon","Amazon.in"
"403-2481788-1781132",2022-06-11,"Shipped",false,850,1,"Rajasthan","Bikaner","Set","SET343-KR-NP-XS","Amazon","Amazon.in"
"403-2481788-1781132",2022-06-11,"Shipped",false,999,1,"Rajasthan","Bikaner","Set","SET356-KR-NP-XS","Amazon","Amazon.in"
"404-1624195-6233138",2022-06-11,"Shipped",false,725,1,"Rajasthan","JAIPUR","kurta","JNE3801-KR-XL","Amazon","Amazon.in"
"404-2084875-1647543",2022-06-11,"Shipped",false,735,1,"Rajasthan","JAIPUR","Western Dress","JNE3797-KR-XXL","Amazon","Amazon.in"
"404-4500259-4638734",2022-06-11,"Shipped",false,735,1,"Rajasthan","JAIPUR","Western Dress","JNE3797-KR-XXL","Amazon","Amazon.in"
"404-7686363-5133148",2022-06-11,"Shipped - Delivered to Buyer",false,999,1,"Rajasthan","BHIWADI","Set","SET327-KR-DPT-XXL","Merchant","Amazon.in"
"405-0543109-5845901",2022-06-11,"Shipped",false,518,1,"Rajasthan","VIJAINAGAR AJMER DISTRICT","Top","JNE3648-TP-N-L","Amazon","Amazon.in"
"405-2717919-4098755",2022-06-11,"Shipped",false,478,1,"Rajasthan","JAIPUR","Set","J0345-SET-XL","Amazon","Amazon.in"
"405-4311714-8296338",2022-06-11,"Shipped - Delivered to Buyer",false,1168,1,"Rajasthan","JAIPUR","Western Dress","J0341-DR-M","Merchant","Amazon.in"
"405-9296751-6306765",2022-06-11,"Cancelled",true,759,1,"Rajasthan","JHALRAPATAN","Set","SET251-KR-PP-M","Amazon","Amazon.in"
"406-0868830-7452342",2022-06-11,"Shipped",false,852,1,"Rajasthan","DEOLI","Set","SET319-KR-NP-XXL","Amazon","Amazon.in"
"406-6584837-9039566",2022-06-11,"Shipped",false,496,1,"Rajasthan","KARAULI","kurta","JNE3784-KR-M","Amazon","Amazon.in"
"406-7678266-8403547",2022-06-11,"Shipped - Delivered to Buyer",false,899,1,"Rajasthan","BHILWARA","Set","SET444-KR-SH-M","Merchant","Amazon.in"
"407-0705129-1550725",2022-06-11,"Shipped - Delivered to Buyer",false,435,1,"Rajasthan","sikar","kurta","JNE3421-KR-N-M","Merchant","Amazon.in"
"407-3106329-3433117",2022-06-11,"Shipped - Delivered to Buyer",false,1174,1,"Rajasthan","UDAIPUR","Set","J0244-SKD-M","Merchant","Amazon.in"
"407-5137553-2397118",2022-06-11,"Shipped - Delivered to Buyer",false,735,1,"Rajasthan","JAIPUR","Western Dress","JNE3797-KR-XL","Merchant","Amazon.in"
"408-2622441-0492311",2022-06-11,"Cancelled",true,,0,"Rajasthan","SARDARSHAHAR","Set","J0281-SKD-M","Amazon","Amazon.in"
"408-4528595-8313142",2022-06-11,"Shipped",false,832,1,"Rajasthan","AJMER","Set","SET154-KR-NP-XXXL","Amazon","Amazon.in"
"408-6916933-0197944",2022-06-11,"Shipped - Delivered to Buyer",false,729,1,"Rajasthan","ALWAR","kurta","JNE3160-KR-G-XXL","Merchant","Amazon.in"
"408-8320003-5102710",2022-06-11,"Shipped - Delivered to Buyer",false,655,1,"Rajasthan","JAIPUR","kurta","MEN5019-KR-L","Merchant","Amazon.in"
"408-9468735-1997950",2022-06-11,"Shipped",false,1477,1,"Rajasthan","TARANAGAR","Set","J0281-SKD-M","Amazon","Amazon.in"
"171-3126037-2152318",2022-06-12,"Shipped",false,1442,1,"Rajasthan","JAIPUR","Set","J0285-SKD-XXXL","Amazon","Amazon.in"
"171-7978853-0325104",2022-06-12,"Shipped",false,899,1,"Rajasthan","UDAIPUR","Set","SET359-KR-NP-XL","Amazon","Amazon.in"
"171-9993823-5410705",2022-06-12,"Shipped",false,487,1,"Rajasthan","JAIPUR","kurta","JNE3576-KR-XXXL","Amazon","Amazon.in"
"403-0043838-5687518",2022-06-12,"Shipped",false,635,1,"Rajasthan","Dungarpur","Set","SET331-KR-NP-XL","Amazon","Amazon.in"
"403-5135120-9696310",2022-06-12,"Shipped - Delivered to Buyer",false,345,1,"Rajasthan","JAIPUR","kurta","JNE3752-KR-M","Merchant","Amazon.in"
"404-4977666-2790740",2022-06-12,"Shipped",false,1018,1,"Rajasthan","JAIPUR","Set","J0013-SKD-XXL","Amazon","Amazon.in"
"404-5421660-7516321",2022-06-12,"Shipped",false,545,1,"Rajasthan","ALWAR","Top","J0337-TP-XXXL","Amazon","Amazon.in"
"404-5520464-2590706",2022-06-12,"Shipped",false,457,1,"Rajasthan","ALWAR","kurta","JNE3749-KR-XS","Amazon","Amazon.in"
"404-7045710-1101124",2022-06-12,"Shipped - Delivered to Buyer",false,999,1,"Rajasthan","JAIPUR","Set","SET323-KR-NP-S","Merchant","Amazon.in"
"405-4396812-3959550",2022-06-12,"Shipped",false,1438,1,"Rajasthan","tonk","Set","SET366-KR-NP-XS","Amazon","Amazon.in"
"405-9746164-6302741",2022-06-12,"Cancelled",true,301,1,"Rajasthan","ALWAR","kurta","JNE3722-KR-L","Amazon","Amazon.in"
"406-2954738-5938703",2022-06-12,"Shipped",false,764,1,"Rajasthan","BIKANER","Set","SET145-KR-NP-L","Amazon","Amazon.in"
"406-5995617-6458738",2022-06-12,"Shipped",false,435,1,"Rajasthan","Udaipur","kurta","JNE3454-KR-L","Amazon","Amazon.in"
"406-9162327-6704326",2022-06-12,"Shipped",false,1075,1,"Rajasthan","JAIPUR","Set","J0008-SKD-XS","Amazon","Amazon.in"
"407-2470888-9209162",2022-06-12,"Shipped",false,690,1,"Rajasthan","JAIPUR","Top","JNE3744-TU-M","Amazon","Amazon.in"
"407-8184838-4309955",2022-06-12,"Shipped",false,690,1,"Rajasthan","JAIPUR","Top","J0391-TP-XXL","Amazon","Amazon.in"
"407-8280538-2503529",2022-06-12,"Shipped",false,735,1,"Rajasthan","JAIPUR","Western Dress","JNE3800-KR-M","Amazon","Amazon.in"
"407-8280538-2503529",2022-06-12,"Shipped",false,771,1,"Rajasthan","JAIPUR","Western Dress","JNE3797-KR-A-M","Amazon","Amazon.in"
"407-9690800-9819541",2022-06-12,"Shipped - Delivered to Buyer",false,496,1,"Rajasthan","JODHPUR","kurta","JNE3784-KR-L","Merchant","Amazon.in"
"407-9978237-9238725",2022-06-12,"Cancelled",true,,0,"Rajasthan","JAIPUR","Western Dress","JNE3800-KR-M","Amazon","Amazon.in"
"407-9978237-9238725",2022-06-12,"Cancelled",true,,0,"Rajasthan","JAIPUR","Western Dress","JNE3797-KR-A-M","Amazon","Amazon.in"
"408-0997442-1224305",2022-06-12,"Shipped",false,399,1,"Rajasthan","JAIPUR","kurta","JNE3838-KR-M","Amazon","Amazon.in"
"408-9752250-1065942",2022-06-12,"Shipped",false,449,1,"Rajasthan","JAIPUR","kurta","JNE3817-KR-L","Amazon","Amazon.in"
"171-0416848-9377912",2022-06-13,"Shipped - Delivered to Buyer",false,899,1,"Rajasthan","SARDARSHAHAR ,churu","Set","SET431-KR-NP-M","Merchant","Amazon.in"
"171-2637467-9801946",2022-06-13,"Shipped - Delivered to Buyer",false,799,1,"Rajasthan","NIWAI INDUSTRIAL AREA","Set","SET392-KR-NP-M","Merchant","Amazon.in"
"171-5578743-6616305",2022-06-13,"Shipped",false,436,1,"Rajasthan","JAIPUR","kurta","JNE3822-KR-XXL","Amazon","Amazon.in"
"171-9077887-3810704",2022-06-13,"Shipped",false,855,1,"Rajasthan","JALORE","Ethnic Dress","J0006-SET-XXXL","Amazon","Amazon.in"
"402-1324120-4811529",2022-06-13,"Shipped - Delivered to Buyer",false,625,1,"Rajasthan","JAIPUR","Western Dress","JNE3905-DR-XL","Merchant","Amazon.in"
"402-3173662-1493925",2022-06-13,"Shipped",false,1043,1,"Rajasthan","JAIPUR","kurta","PJNE3068-KR-4XL","Amazon","Amazon.in"
"402-5300306-7260308",2022-06-13,"Shipped - Delivered to Buyer",false,735,1,"Rajasthan","ABU ROAD","Western Dress","JNE3797-KR-XXL","Merchant","Amazon.in"
"402-7729556-1916334",2022-06-13,"Shipped",false,735,1,"Rajasthan","JODHPUR","Western Dress","JNE3797-KR-XXXL","Amazon","Amazon.in"
"402-8869223-8521944",2022-06-13,"Shipped - Delivered to Buyer",false,1477,1,"Rajasthan","JAIPUR","Set","SET358-KR-NP-M","Merchant","Amazon.in"
"403-4294047-4875557",2022-06-13,"Shipped",false,376,1,"Rajasthan","ALWAR","kurta","JNE2100-KR-144-XXL","Amazon","Amazon.in"
"403-8163462-4309958",2022-06-13,"Cancelled",true,,0,"Rajasthan","Sikar","Set","J0277-SKD-M","Amazon","Amazon.in"
"404-1406062-2382761",2022-06-13,"Shipped",false,599,1,"Rajasthan","JAIPUR","Western Dress","JNE3904-DR-XL","Amazon","Amazon.in"
"404-5227844-1589124",2022-06-13,"Shipped",false,754,1,"Rajasthan","UDAIPUR","kurta","MEN5025-KR-XXXL","Amazon","Amazon.in"
"404-5462318-2867500",2022-06-13,"Shipped",false,526,1,"Rajasthan","Keshorai patan district bundi","kurta","JNE3887-KR-XL","Amazon","Amazon.in"
"404-5564982-7640332",2022-06-13,"Cancelled",true,1038.39,0,"Rajasthan","JAIPUR","Set","J0230-SKD-XXXL","Merchant","Amazon.in"
"404-6819231-8407555",2022-06-13,"Shipped",false,575,1,"Rajasthan","Udaipur","Set","SET210-KR-PP-L","Amazon","Amazon.in"
"404-8128163-6316369",2022-06-13,"Shipped - Delivered to Buyer",false,1163,1,"Rajasthan","JAIPUR","Set","J0230-SKD-XXXL","Merchant","Amazon.in"
"406-7298556-2375546",2022-06-13,"Shipped",false,828,1,"Rajasthan","UDAIPUR","Set","J0009-SKD-XXXL","Amazon","Amazon.in"
"406-7994956-8367544",2022-06-13,"Shipped",false,583,1,"Rajasthan","UDAIPUR","Set","J0147-SET-XXXL","Amazon","Amazon.in"
"407-2593188-9874751",2022-06-13,"Cancelled",true,,0,"Rajasthan","JAIPUR","kurta","JNE3373-KR-XL","Amazon","Amazon.in"
"407-3150799-1021916",2022-06-13,"Shipped",false,925,1,"Rajasthan","JAIPUR","kurta","PJNE3252-KR-N-4XL","Amazon","Amazon.in"
"407-4804580-1788364",2022-06-13,"Shipped",false,416,1,"Rajasthan","JODHPUR","kurta","JNE3781-KR-XL","Amazon","Amazon.in"
"407-9767340-1393126",2022-06-13,"Shipped",false,869,1,"Rajasthan","JAIPUR","kurta","PJNE3291-KR-4XL","Amazon","Amazon.in"
"408-2636747-8569935",2022-06-13,"Shipped - Delivered to Buyer",false,0,1,"Rajasthan","JAIPUR","Western Dress","JNE3797-KR-A-M","Merchant","Amazon.in"
"408-5451617-6725120",2022-06-13,"Shipped",false,521,1,"Rajasthan","Udaipur","kurta","JNE3634-KR-XL","Amazon","Amazon.in"
"408-8364332-0911520",2022-06-13,"Shipped",false,487,1,"Rajasthan","BANSWARA","kurta","JNE3396-KR-S","Amazon","Amazon.in"
"408-8504210-1782750",2022-06-13,"Shipped",false,455,1,"Rajasthan","BIKANER","Set","NW029-ST-SR-L","Amazon","Amazon.in"
"171-1718171-6001105",2022-06-14,"Shipped - Delivered to Buyer",false,735,1,"Rajasthan","BARMER","kurta","JNE3801-KR-M","Merchant","Amazon.in"
"171-9051602-5042714",2022-06-14,"Shipped",false,1323,1,"Rajasthan","JAISALMER","Set","J0277-SKD-L","Amazon","Amazon.in"
"402-1578054-5710725",2022-06-14,"Shipped",false,758,1,"Rajasthan","JAIPUR","Top","J0119-TP-XXL","Amazon","Amazon.in"
"402-2068827-8457940",2022-06-14,"Shipped",false,475,1,"Rajasthan","JAIPUR","Western Dress","JNE3707-DR-XXL","Amazon","Amazon.in"
"402-2329708-7277952",2022-06-14,"Shipped",false,540,1,"Rajasthan","JAIPUR","kurta","JNE3463-KR-XXXL","Amazon","Amazon.in"
"402-6810340-3992341",2022-06-14,"Shipped",false,441,1,"Rajasthan","JAIPUR","kurta","JNE3739-KR-XL","Amazon","Amazon.in"
"402-8598376-5069923",2022-06-14,"Shipped",false,521,1,"Rajasthan","JAIPUR","kurta","JNE3634-KR-XXXL","Amazon","Amazon.in"
"402-8598376-5069923",2022-06-14,"Shipped",false,431,1,"Rajasthan","JAIPUR","kurta","JNE3739-KR-XXXL","Amazon","Amazon.in"
"403-7568177-7157122",2022-06-14,"Shipped",false,569,1,"Rajasthan","JAIPUR","Set","SET291-KR-PP-S","Amazon","Amazon.in"
"403-9528632-5231517",2022-06-14,"Shipped",false,665,1,"Rajasthan","PADAMPUR","kurta","MEN5006-KR-XXL","Amazon","Amazon.in"
"404-3912763-9353913",2022-06-14,"Shipped",false,318,1,"Rajasthan","Jaipur","kurta","JNE3627-KR-XS","Amazon","Amazon.in"
"404-3912763-9353913",2022-06-14,"Shipped",false,357,1,"Rajasthan","Jaipur","kurta","JNE3543-KR-XS","Amazon","Amazon.in"
"404-7017442-8845154",2022-06-14,"Shipped - Delivered to Buyer",false,1301,1,"Rajasthan","UDAIPUR","Set","J0379-SKD-L","Merchant","Amazon.in"
"404-7169194-0381152",2022-06-14,"Shipped",false,526,1,"Rajasthan","Keshorai patan district bundi","kurta","JNE3887-KR-XL","Amazon","Amazon.in"
"405-4725453-7527510",2022-06-14,"Shipped",false,416,1,"Rajasthan","GOGUNDA","kurta","JNE3781-KR-L","Amazon","Amazon.in"
"406-6098554-4574724",2022-06-14,"Shipped - Delivered to Buyer",false,736,1,"Rajasthan","JAIPUR","kurta","JNE3910-KR-S","Merchant","Amazon.in"
"407-6420826-2802706",2022-06-14,"Shipped",false,468,1,"Rajasthan","PHULERA","kurta","JNE3546-KR-M","Amazon","Amazon.in"
"407-7832239-2826741",2022-06-14,"Shipped",false,641,1,"Rajasthan","UDAIPUR","Set","SET194-KR-NP-XL","Amazon","Amazon.in"
"407-7832239-2826741",2022-06-14,"Shipped",false,635,1,"Rajasthan","UDAIPUR","Set","SET324-KR-NP-L","Amazon","Amazon.in"
"408-2597664-2969123",2022-06-14,"Cancelled",true,1112,1,"Rajasthan","Udaipur","Set","SET172-KR-PP-B-XXXL","Amazon","Amazon.in"
"408-2597664-2969123",2022-06-14,"Cancelled",true,786,1,"Rajasthan","Udaipur","Set","SET217-KR-PP-XXL","Amazon","Amazon.in"
"408-2757633-8911557",2022-06-14,"Shipped",false,449,1,"Rajasthan","KOTA","kurta","JNE3822-KR-XS","Amazon","Amazon.in"
"408-2788092-6799535",2022-06-14,"Shipped",false,518,1,"Rajasthan","JAIPUR","kurta","JNE2270-KR-487-A-XS","Amazon","Amazon.in"
"408-2938673-9616305",2022-06-14,"Shipped",false,569,1,"Rajasthan","JODHPUR","Set","SET291-KR-PP-M","Amazon","Amazon.in"
"408-2938673-9616305",2022-06-14,"Shipped",false,435,1,"Rajasthan","JODHPUR","kurta","JNE3440-KR-N-M","Amazon","Amazon.in"
"408-5741793-7025967",2022-06-14,"Shipped",false,599,1,"Rajasthan","JAIPUR","Top","JNE3862-TU-XXXL","Amazon","Amazon.in"
"408-7625191-2243536",2022-06-14,"Shipped",false,416,1,"Rajasthan","BHILWARA","Set","SET203-KR-DPT-XL","Amazon","Amazon.in"
"408-9660852-4463501",2022-06-14,"Shipped",false,630,1,"Rajasthan","Jaipur","Set","SET275-KR-NP-S","Amazon","Amazon.in"
"408-9660852-4463501",2022-06-14,"Shipped",false,845,1,"Rajasthan","Jaipur","Set","SET229-KR-PP-M","Amazon","Amazon.in"
"171-4200528-7985133",2022-06-15,"Shipped",false,648,1,"Rajasthan","JAIPUR","Set","SET188-KR-NP-L","Amazon","Amazon.in"
"402-4726714-5381160",2022-06-15,"Shipped",false,702,1,"Rajasthan","JAIPUR","Set","SET293-KR-NP-XS","Amazon","Amazon.in"
"403-8521921-1003556",2022-06-15,"Shipped",false,725,1,"Rajasthan","JAIPUR","Western Dress","JNE3797-KR-A-S","Amazon","Amazon.in"
"403-9292412-4786723",2022-06-15,"Shipped - Delivered to Buyer",false,1473,1,"Rajasthan","SARMATHURA","Set","J0280-SKD-L","Merchant","Amazon.in"
"404-6887089-8322769",2022-06-15,"Shipped",false,526,1,"Rajasthan","Keshorai patan district bundi","kurta","JNE3885-KR-XL","Amazon","Amazon.in"
"405-3337538-3384338",2022-06-15,"Shipped",false,612,1,"Rajasthan","Jodhpur","kurta","JNE3578-KR-M","Amazon","Amazon.in"
"405-5042418-4777942",2022-06-15,"Shipped",false,1122,1,"Rajasthan","JAIPUR","Set","SET350-KR-NP-L","Amazon","Amazon.in"
"405-5749636-2945943",2022-06-15,"Shipped",false,435,1,"Rajasthan","JAIPUR","kurta","JNE3412-KR-XL","Amazon","Amazon.in"
"405-6030444-2901957",2022-06-15,"Shipped",false,899,1,"Rajasthan","JODHPUR","Set","SET348-KR-NP-XS","Amazon","Amazon.in"
"406-0067637-9379520",2022-06-15,"Shipped - Delivered to Buyer",false,635,1,"Rajasthan","JAIPUR","kurta","J0353-KR-XXL","Merchant","Amazon.in"
"406-5513905-2316328",2022-06-15,"Shipped",false,791,1,"Rajasthan","Jaipur","Western Dress","JNE3861-DR-XS","Amazon","Amazon.in"
"406-6047008-7645964",2022-06-15,"Shipped",false,754,1,"Rajasthan","ALWAR","kurta","MEN5023-KR-XXL","Amazon","Amazon.in"
"406-7138676-8628346",2022-06-15,"Shipped",false,729,1,"Rajasthan","JAIPUR","Set","SET228-KR-PP-A-L","Amazon","Amazon.in"
"407-2241521-9048334",2022-06-15,"Shipped",false,988,1,"Rajasthan","BIKANER","Set","SET396-KR-PP-XXXL","Amazon","Amazon.in"
"407-4098329-0003540",2022-06-15,"Shipped",false,1091,1,"Rajasthan","JAIPUR","Western Dress","J0339-DR-XS","Amazon","Amazon.in"
"407-4486047-2238713",2022-06-15,"Shipped",false,988,1,"Rajasthan","JODHPUR","Set","SET402-KR-NP-M","Amazon","Amazon.in"
"407-5204968-2087561",2022-06-15,"Shipped",false,702,1,"Rajasthan","Jaipur","Set","SET293-KR-NP-XL","Amazon","Amazon.in"
"407-5204968-2087561",2022-06-15,"Shipped",false,1075,1,"Rajasthan","Jaipur","Set","J0008-SKD-M","Amazon","Amazon.in"
"407-8883854-0187534",2022-06-15,"Shipped - Delivered to Buyer",false,999,1,"Rajasthan","Kota","Set","SET397-KR-NP  -M","Merchant","Amazon.in"
"408-3085354-2059537",2022-06-15,"Shipped",false,0,1,"Rajasthan","JAIPUR","kurta","JNE3560-KR-M","Amazon","Amazon.in"
"408-4438879-2903549",2022-06-15,"Shipped - Delivered to Buyer",false,735,1,"Rajasthan","JAIPUR","Western Dress","JNE3797-KR-XXXL","Merchant","Amazon.in"
"408-4443818-7613901",2022-06-15,"Shipped",false,517,1,"Rajasthan","JAIPUR","kurta","JNE3766-KR-XXXL","Amazon","Amazon.in"
"408-9992261-0819556",2022-06-15,"Cancelled",true,699,1,"Rajasthan","DUNGARPUR","Set","SET182-KR-DH-M","Amazon","Amazon.in"
"171-0812179-1186750",2022-06-16,"Shipped - Delivered to Buyer",false,999,1,"Rajasthan","DAUSA","Set","SET401-KR-NP-XL","Merchant","Amazon.in"
"171-0970809-9872331",2022-06-16,"Shipped - Delivered to Buyer",false,1149,1,"Rajasthan","JAIPUR","Set","SET363-KR-NP-L","Merchant","Amazon.in"
"171-4780231-6294718",2022-06-16,"Shipped - Delivered to Buyer",false,518,1,"Rajasthan","BAGGAR","kurta","JNE2171-KR-437-M","Merchant","Amazon.in"
"171-5194673-6690749",2022-06-16,"Shipped",false,345,1,"Rajasthan","BAGGAR","kurta","JNE3608-KR-M","Amazon","Amazon.in"
"171-7011790-0125903",2022-06-16,"Cancelled",true,518,1,"Rajasthan","AJMER","kurta","JNE2171-KR-437-XS","Amazon","Amazon.in"
"171-8709923-9213915",2022-06-16,"Cancelled",true,,0,"Rajasthan","JAIPUR","Set","SET401-KR-NP-XL","Merchant","Amazon.in"
"402-7927317-5186720",2022-06-16,"Shipped - Delivered to Buyer",false,449,1,"Rajasthan","Jaipur","kurta","JNE3822-KR-L","Merchant","Amazon.in"
"404-1378025-3425952",2022-06-16,"Shipped",false,899,1,"Rajasthan","Jaipur","Set","SET344-KR-NP-S","Amazon","Amazon.in"
"404-3546080-2579500",2022-06-16,"Cancelled",true,,0,"Rajasthan","jaipur","kurta","JNE3373-KR-M","Amazon","Amazon.in"
"404-5142110-9697165",2022-06-16,"Shipped",false,318,1,"Rajasthan","JAIPUR","kurta","JNE3371-KR-XL","Amazon","Amazon.in"
"404-5527444-6017126",2022-06-16,"Shipped",false,563,1,"Rajasthan","Jodhpur","Set","SET184-KR-PP-XXL","Amazon","Amazon.in"
"404-9416565-0097912",2022-06-16,"Shipped",false,376,1,"Rajasthan","jaipur","kurta","JNE3373-KR-M","Amazon","Amazon.in"
"405-2252772-9496328",2022-06-16,"Shipped",false,635,1,"Rajasthan","JAIPUR","kurta","J0353-KR-S","Amazon","Amazon.in"
"405-2845719-7609125",2022-06-16,"Shipped",false,665,1,"Rajasthan","BHILWARA","kurta","MEN5006-KR-L","Amazon","Amazon.in"
"405-3371631-6501161",2022-06-16,"Shipped - Delivered to Buyer",false,1176,1,"Rajasthan","JAIPUR","Set","J0244-SKD-L","Merchant","Amazon.in"
"406-0728625-8421123",2022-06-16,"Cancelled",true,,0,"Rajasthan","UDAIPUR","Set","J0008-SKD-S","Merchant","Amazon.in"
"407-5332554-0147559",2022-06-16,"Shipped",false,1099,1,"Rajasthan","JAIPUR","kurta","PJNE2270-KR-N-4XL","Amazon","Amazon.in"
"407-9186728-2073905",2022-06-16,"Shipped - Delivered to Buyer",false,562,1,"Rajasthan","JAIPUR","Set","NW005-ST-PJ-XXXL","Merchant","Amazon.in"
"408-0125837-9659570",2022-06-16,"Shipped - Delivered to Buyer",false,0,1,"Rajasthan","BHIWADI","Set","SET327-KR-DPT-XXXL","Merchant","Amazon.in"
"408-1615116-3804314",2022-06-16,"Shipped",false,0,1,"Rajasthan","JAIPUR","Western Dress","JNE3800-KR-L","Amazon","Amazon.in"
"408-5044743-1631531",2022-06-16,"Shipped - Delivered to Buyer",false,688,1,"Rajasthan","UDAIPUR","kurta","MEN5026-KR-L","Merchant","Amazon.in"
"171-0036016-8375546",2022-06-17,"Shipped - Delivered to Buyer",false,562,1,"Rajasthan","JAIPUR","Set","NW005-ST-PJ-XXL","Merchant","Amazon.in"
"171-4336083-5154705",2022-06-17,"Shipped - Delivered to Buyer",false,1176,1,"Rajasthan","NIMBAHERA","Set","J0244-SKD-XL","Merchant","Amazon.in"
"171-5916387-8610725",2022-06-17,"Shipped",false,330,1,"Rajasthan","Jaipur","kurta","JNE3726-KR-S","Amazon","Amazon.in"
"171-7589383-4439548",2022-06-17,"Shipped - Delivered to Buyer",false,357,1,"Rajasthan","Jaipur","kurta","JNE3543-KR-S","Merchant","Amazon.in"
"171-7919579-8988340",2022-06-17,"Shipped",false,773,1,"Rajasthan","NIMBAHERA","Set","SET244-KR-NP-XL","Amazon","Amazon.in"
"402-7035158-3905159",2022-06-17,"Shipped",false,319,1,"Rajasthan","Udaipur mavli","kurta","JNE3472-KR-S","Amazon","Amazon.in"
"403-6320958-7377967",2022-06-17,"Shipped",false,606,1,"Rajasthan","JAIPUR","kurta","MEN5027-KR-XL","Amazon","Amazon.in"
"404-3112628-0501937",2022-06-17,"Shipped",false,899,1,"Rajasthan","JAIPUR","Set","SET444-KR-SH-XXL","Amazon","Amazon.in"
"405-0400142-8936307",2022-06-17,"Shipped",false,699,1,"Rajasthan","DUNGARPUR","Set","SET182-KR-DH-M","Amazon","Amazon.in"
"405-3019043-3190750",2022-06-17,"Shipped - Delivered to Buyer",false,635,1,"Rajasthan","JAIPUR","kurta","J0353-KR-XXL","Merchant","Amazon.in"
"405-4434723-7688316",2022-06-17,"Cancelled",true,700,0,"Rajasthan","JAIPUR","Western Dress","JNE3797-KR-XXXL","Merchant","Amazon.in"
"406-1377698-8988354",2022-06-17,"Shipped",false,852,1,"Rajasthan","BEHROR","Set","SET319-KR-NP-M","Amazon","Amazon.in"
"406-2938001-3060300",2022-06-17,"Shipped - Returned to Seller",false,1301,1,"Rajasthan","NADBAI","Set","J0379-SKD-M","Merchant","Amazon.in"
"406-2938001-3060300",2022-06-17,"Shipped - Returned to Seller",false,1442,1,"Rajasthan","NADBAI","Set","J0285-SKD-M","Merchant","Amazon.in"
"406-4101070-7062765",2022-06-17,"Cancelled",true,981.25,0,"Rajasthan","BHILWARA","Set","J0369-SKD-M","Merchant","Amazon.in"
"406-5019096-4065938",2022-06-17,"Shipped",false,1072,1,"Rajasthan","BHILWARA","Set","J0371-SKD-M","Amazon","Amazon.in"
"406-5709563-3572363",2022-06-17,"Shipped",false,325,1,"Rajasthan","BHILWARA","kurta","JNE3702-KR-XL","Amazon","Amazon.in"
"406-7900286-6201959",2022-06-17,"Shipped",false,899,1,"Rajasthan","JAIPUR","Set","SET444-KR-SH-S","Amazon","Amazon.in"
"407-0161064-6160340",2022-06-17,"Cancelled",true,,0,"Rajasthan","MANDAWAR","Set","SET350-KR-NP-M","Amazon","Amazon.in"
"407-1331463-7961155",2022-06-17,"Shipped",false,828,1,"Rajasthan","Pal road Jodhpur","Set","J0009-SKD-L","Amazon","Amazon.in"
"407-3388585-7008359",2022-06-17,"Shipped - Delivered to Buyer",false,569,1,"Rajasthan","JAIPUR","kurta","JNE3810-KR-L","Merchant","Amazon.in"
"408-5684463-2976330",2022-06-17,"Shipped",false,665,1,"Rajasthan","JAIPUR","kurta","MEN5006-KR-L","Amazon","Amazon.in"
"402-2772164-3098734",2022-06-18,"Shipped - Delivered to Buyer",false,1281,1,"Rajasthan","FATEHPUR","Set","J0239-SKD-S","Merchant","Amazon.in"
"402-5791711-0725115",2022-06-18,"Shipped - Delivered to Buyer",false,292,1,"Rajasthan","UDAIPUR","kurta","JNE3721-KR-M","Merchant","Amazon.in"
"402-5810301-9554702",2022-06-18,"Shipped",false,882,1,"Rajasthan","AJMER","Set","SET390-KR-NP-L","Amazon","Amazon.in"
"403-0451698-0262740",2022-06-18,"Shipped - Delivered to Buyer",false,999,1,"Rajasthan","JAIPUR","Set","SET397-KR-NP  -M","Merchant","Amazon.in"
"403-5562716-8076351",2022-06-18,"Shipped",false,704,1,"Rajasthan","JAIPUR","Top","J0418-TP-XL","Amazon","Amazon.in"
"403-8009853-0215510",2022-06-18,"Shipped",false,725,1,"Rajasthan","JAIPUR","Western Dress","JNE3797-KR-A-S","Amazon","Amazon.in"
"403-9474441-9077157",2022-06-18,"Shipped",false,301,1,"Rajasthan","JALOR","Top","J0170-TP-A-XL","Amazon","Amazon.in"
"404-1329808-2438762",2022-06-18,"Shipped - Delivered to Buyer",false,969,1,"Rajasthan","NADBAI","Set","SET397-KR-NP-S","Merchant","Amazon.in"
"404-4235804-1876327",2022-06-18,"Shipped - Delivered to Buyer",false,881,1,"Rajasthan","JAIPUR","Set","SET087-KR-PP-XXXL","Merchant","Amazon.in"
"404-5143080-5882728",2022-06-18,"Shipped - Delivered to Buyer",false,845,1,"Rajasthan","SADULSHAHAR","Set","J0349-SET-L","Merchant","Amazon.in"
"404-6234011-3597955",2022-06-18,"Cancelled",true,,0,"Rajasthan","Churu","Set","SET087-KR-PP-XXXL","Merchant","Amazon.in"
"404-9129260-4749940",2022-06-18,"Shipped",false,496,1,"Rajasthan","JAIPUR","kurta","JNE3437-KR-L","Amazon","Amazon.in"
"405-0433538-3496316",2022-06-18,"Shipped",false,872,1,"Rajasthan","JODHPUR","Set","SET348-KR-NP-XS","Amazon","Amazon.in"
"405-0882192-1188327",2022-06-18,"Shipped - Returned to Seller",false,845,1,"Rajasthan","SRI GANGANAGAR","Set","J0349-SET-XL","Merchant","Amazon.in"
"405-1180132-0863508",2022-06-18,"Shipped - Delivered to Buyer",false,787,1,"Rajasthan","JAIPUR","kurta","MEN5032-KR-XL","Merchant","Amazon.in"
"405-2090078-9410737",2022-06-18,"Shipped - Delivered to Buyer",false,292,1,"Rajasthan","JAIPUR","kurta","JNE3721-KR-XL","Merchant","Amazon.in"
"405-5324983-7126720",2022-06-18,"Shipped",false,649,1,"Rajasthan","BHILWARA","Western Dress","J0157-DR-L","Amazon","Amazon.in"
"405-5529692-4296366",2022-06-18,"Shipped",false,372,1,"Rajasthan","JAIPUR","kurta","JNE3738-KR-L","Amazon","Amazon.in"
"405-7619581-0253903",2022-06-18,"Shipped",false,443,1,"Rajasthan","BHIWADI","Top","JNE3654-TP-L","Amazon","Amazon.in"
"405-7708125-7748327",2022-06-18,"Cancelled",true,,0,"Rajasthan","JAIPUR","kurta","JNE3703-KR-S","Amazon","Amazon.in"
"406-0836049-5911512",2022-06-18,"Shipped - Delivered to Buyer",false,958,1,"Rajasthan","BHIWADI","Set","SET402-KR-NP-L","Merchant","Amazon.in"
"406-0944286-1009904",2022-06-18,"Shipped",false,735,1,"Rajasthan","UDAIPUR","Western Dress","JNE3800-KR-L","Amazon","Amazon.in"
"406-1503120-4405961",2022-06-18,"Shipped",false,825,1,"Rajasthan","BHIWADI","Set","SET342-KR-NP-N-XL","Amazon","Amazon.in"
"407-2348015-4521938",2022-06-18,"Shipped",false,725,1,"Rajasthan","DUNGARPUR","Western Dress","JNE3797-KR-A-S","Amazon","Amazon.in"
"408-0643190-8234727",2022-06-18,"Cancelled",true,,0,"Rajasthan","JAIPUR","Western Dress","JNE3797-KR-L","Merchant","Amazon.in"
"408-1821924-0732318",2022-06-18,"Shipped",false,635,1,"Rajasthan","JAIPUR","Set","SET331-KR-NP-L","Amazon","Amazon.in"
"171-4109477-3767527",2022-06-19,"Cancelled",true,,0,"Rajasthan","Jaipur","Set","SET409-KR-NP-M","Amazon","Amazon.in"
"171-6780270-8288339",2022-06-19,"Shipped",false,726,1,"Rajasthan","JAIPUR","Top","J0117-TP-XL","Amazon","Amazon.in"
"171-7831113-8955568",2022-06-19,"Shipped - Delivered to Buyer",false,735,1,"Rajasthan","AJMER","kurta","JNE3801-KR-L","Merchant","Amazon.in"
"171-8255906-4685130",2022-06-19,"Cancelled",true,622,1,"Rajasthan","Jaipur","Set","SET409-KR-NP-M","Amazon","Amazon.in"
"402-3885195-6481962",2022-06-19,"Shipped",false,544,1,"Rajasthan","JAIPUR","kurta","J0097-KR-M","Amazon","Amazon.in"
"402-4782310-7808306",2022-06-19,"Shipped",false,725,1,"Rajasthan","JAIPUR","Western Dress","JNE3797-KR-A-S","Amazon","Amazon.in"
"402-5304034-9193109",2022-06-19,"Shipped - Delivered to Buyer",false,1033,1,"Rajasthan","JAIPUR","kurta","PJNE3068-KR-5XL","Merchant","Amazon.in"
"402-6245973-6433909",2022-06-19,"Cancelled",true,,0,"Rajasthan","JAIPUR","kurta","JNE3403-KR-XXL","Merchant","Amazon.in"
"402-8558796-3409146",2022-06-19,"Cancelled",true,,0,"Rajasthan","JAIPUR","kurta","JNE3698-KR-XXL","Amazon","Amazon.in"
"402-9985247-4921967",2022-06-19,"Shipped",false,501,1,"Rajasthan","POKARAN","Set","NW020-ST-SR-XXXL","Amazon","Amazon.in"
"403-0576701-3687562",2022-06-19,"Shipped",false,626,1,"Rajasthan","JAIPUR","Set","SET287-KR-NP-XS","Amazon","Amazon.in"
"403-0576701-3687562",2022-06-19,"Shipped",false,543,1,"Rajasthan","JAIPUR","Set","SET376-KR-NP-XS","Amazon","Amazon.in"
"403-0576701-3687562",2022-06-19,"Shipped",false,622,1,"Rajasthan","JAIPUR","Set","SET409-KR-NP-XS","Amazon","Amazon.in"
"403-0576701-3687562",2022-06-19,"Shipped",false,484,1,"Rajasthan","JAIPUR","Set","SET408-KR-NP-L","Amazon","Amazon.in"
"403-5362703-2216347",2022-06-19,"Shipped",false,704,1,"Rajasthan","JAIPUR","Top","J0418-TP-XXL","Amazon","Amazon.in"
"403-6498378-3113127",2022-06-19,"Shipped",false,648,1,"Rajasthan","JAIPUR","Set","SET192-KR-NP-S","Amazon","Amazon.in"
"403-8503540-4392346",2022-06-19,"Shipped - Delivered to Buyer",false,534,1,"Rajasthan","JAIPUR","Set","SET262-KR-NP-A-XS","Merchant","Amazon.in"
"403-8503540-4392346",2022-06-19,"Shipped - Delivered to Buyer",false,771,1,"Rajasthan","JAIPUR","Set","SET193-KR-NP-A-M","Merchant","Amazon.in"
"403-8503540-4392346",2022-06-19,"Shipped - Delivered to Buyer",false,469,1,"Rajasthan","JAIPUR","Set","SET281-KR-PP-A-XS","Merchant","Amazon.in"
"403-8793656-9790714",2022-06-19,"Shipped - Delivered to Buyer",false,735,1,"Rajasthan","SIKAR","Western Dress","JNE3798-KR-M","Merchant","Amazon.in"
"404-1652344-1906722",2022-06-19,"Shipped",false,730,1,"Rajasthan","Sardarshahar, churu","kurta","JNE3866-KR-XS","Amazon","Amazon.in"
"404-1875181-1120369",2022-06-19,"Shipped",false,521,1,"Rajasthan","Jodhpur","Set","NW014-ST-SR-S","Amazon","Amazon.in"
"404-2450989-6520367",2022-06-19,"Shipped",false,1133,1,"Rajasthan","Udaipur","Set","J0245-SKD-S","Amazon","Amazon.in"
"404-4773402-3179510",2022-06-19,"Shipped",false,517,1,"Rajasthan","JODHPUR","kurta","JNE3794-KR-XXL","Amazon","Amazon.in"
"404-7595249-5549167",2022-06-19,"Shipped",false,635,1,"Rajasthan","JAIPUR","Set","SET331-KR-NP-XXL","Amazon","Amazon.in"
"404-8241512-9857117",2022-06-19,"Shipped",false,521,1,"Rajasthan","JAIPUR","Set","NW014-ST-SR-L","Amazon","Amazon.in"
"405-6056671-0527514",2022-06-19,"Shipped",false,486,1,"Rajasthan","JAIPUR","kurta","JNE3437-KR-M","Amazon","Amazon.in"
"406-5707966-5118751",2022-06-19,"Shipped - Delivered to Buyer",false,764,1,"Rajasthan","SRI GANGANAGAR","Set","SET144-KR-NP-L","Merchant","Amazon.in"
"407-3008263-3169936",2022-06-19,"Shipped",false,735,1,"Rajasthan","JAIPUR","Western Dress","JNE3800-KR-L","Amazon","Amazon.in"
"407-3196371-5316330",2022-06-19,"Shipped",false,1163,1,"Rajasthan","BHILWARA","Set","J0230-SKD-M","Amazon","Amazon.in"
"407-3577055-8815514",2022-06-19,"Shipped",false,461,1,"Rajasthan","UDAIPUR","Set","NW013-ST-SR-M","Amazon","Amazon.in"
"407-7054271-9399536",2022-06-19,"Shipped",false,788,1,"Rajasthan","TONK","Set","SET268-KR-NP-XL","Amazon","Amazon.in"
"408-4360051-1233968",2022-06-19,"Shipped - Delivered to Buyer",false,0,1,"Rajasthan","SUJANGARH","Set","SET358-KR-NP-L","Merchant","Amazon.in"
"408-5638155-0396334",2022-06-19,"Shipped",false,0,1,"Rajasthan","JAIPUR","kurta","JNE3437-KR-M","Amazon","Amazon.in"
"408-8073037-4210721",2022-06-19,"Shipped - Delivered to Buyer",false,1043,1,"Rajasthan","AJMER","Set","SET282-KR-PP-XXXL","Merchant","Amazon.in"
"171-1358832-4310703",2022-06-20,"Shipped - Delivered to Buyer",false,1473,1,"Rajasthan","ALWAR","Set","J0280-SKD-XXXL","Merchant","Amazon.in"
"171-1462664-9051539",2022-06-20,"Shipped - Delivered to Buyer",false,591,1,"Rajasthan","RATANGARH","Set","J0135-SET-M","Merchant","Amazon.in"
"402-2163808-6719520",2022-06-20,"Shipped",false,845,1,"Rajasthan","KOTA","Set","J0349-SET-XL","Amazon","Amazon.in"
"402-8397647-9627507",2022-06-20,"Shipped",false,597,1,"Rajasthan","JAIPUR","kurta","J0354-KR-S","Amazon","Amazon.in"
"403-0710758-8125965",2022-06-20,"Shipped",false,464,1,"Rajasthan","UDAIPUR","Set","J0346-SET-XXL","Amazon","Amazon.in"
"403-1905222-9830759",2022-06-20,"Cancelled",true,319.05,0,"Rajasthan","JAIPUR","kurta","JNE3487-KR-XL","Merchant","Amazon.in"
"403-7183435-7094722",2022-06-20,"Shipped - Delivered to Buyer",false,335,1,"Rajasthan","JAIPUR","kurta","JNE3487-KR-XL","Merchant","Amazon.in"
"403-8397522-1830741",2022-06-20,"Shipped",false,292,1,"Rajasthan","JAIPUR","kurta","JNE3721-KR-M","Amazon","Amazon.in"
"404-2214548-7885937",2022-06-20,"Shipped",false,622,1,"Rajasthan","Jaipur","Set","SET409-KR-NP-M","Amazon","Amazon.in"
"404-5929700-5898715",2022-06-20,"Shipped - Delivered to Buyer",false,614,1,"Rajasthan","JAIPUR","kurta","MEN5003-KR-L","Merchant","Amazon.in"
"404-7582649-9376356",2022-06-20,"Shipped",false,301,1,"Rajasthan","Keshorai patan district bundi","kurta","JNE3761-KR-XL","Amazon","Amazon.in"
"404-8875682-8612327",2022-06-20,"Shipped - Delivered to Buyer",false,569,1,"Rajasthan","MAKRANA","kurta","JNE3810-KR-XL","Merchant","Amazon.in"
"406-1111589-7761941",2022-06-20,"Cancelled",true,1287.5,0,"Rajasthan","Sikar rode JAIPUR","Set","J0285-SKD-L","Merchant","Amazon.in"
"406-1826811-8274718",2022-06-20,"Shipped - Delivered to Buyer",false,817,1,"Rajasthan","TONK","kurta","PJNE3423-KR-N-6XL","Merchant","Amazon.in"
"406-1826811-8274718",2022-06-20,"Shipped - Delivered to Buyer",false,817,1,"Rajasthan","TONK","kurta","PJNE3607-KR-6XL","Merchant","Amazon.in"
"406-2223330-7462741",2022-06-20,"Shipped",false,1442,1,"Rajasthan","CHIRAWA","Set","J0285-SKD-L","Amazon","Amazon.in"
"406-5546847-9179547",2022-06-20,"Shipped",false,387,1,"Rajasthan","JAIPUR","kurta","JNE3698-KR-XXL","Amazon","Amazon.in"
"406-8389717-8928353",2022-06-20,"Shipped",false,786,1,"Rajasthan","TONK","kurta","PJNE3373-KR-N-6XL","Amazon","Amazon.in"
"406-8389717-8928353",2022-06-20,"Shipped",false,870,1,"Rajasthan","TONK","kurta","PJNE3421-KR-N-6XL","Amazon","Amazon.in"
"407-3789629-6697969",2022-06-20,"Shipped",false,588,1,"Rajasthan","jaipur","Top","JNE3671-TU-XL","Amazon","Amazon.in"
"408-4427541-3940301",2022-06-20,"Shipped - Delivered to Buyer",false,735,1,"Rajasthan","JAIPUR","Western Dress","JNE3797-KR-L","Merchant","Amazon.in"
"408-4711701-5239533",2022-06-20,"Cancelled",true,700,0,"Rajasthan","JAIPUR","Western Dress","JNE3797-KR-L","Merchant","Amazon.in"
"408-5501997-6792311",2022-06-20,"Shipped",false,1531,1,"Rajasthan","BHIWADI","Set","PSET043-KR-NP-6XL","Amazon","Amazon.in"
"408-6457677-9923502",2022-06-20,"Shipped",false,458,1,"Rajasthan","BANSWARA","kurta","JNE3396-KR-XL","Amazon","Amazon.in"
"408-9176463-9750701",2022-06-20,"Shipped",false,1127,1,"Rajasthan","KOTA","Set","J0004-SKD-XXL","Amazon","Amazon.in"
"408-9176463-9750701",2022-06-20,"Shipped",false,1075,1,"Rajasthan","KOTA","Set","J0008-SKD-XXL","Amazon","Amazon.in"
"408-9844402-9071531",2022-06-20,"Shipped",false,501,1,"Rajasthan","JAIPUR","Set","NW015-TP-PJ-M","Amazon","Amazon.in"
"171-1570763-5657908",2022-06-21,"Shipped",false,399,1,"Rajasthan","DAUSA","kurta","JNE3613-KR-XL","Amazon","Amazon.in"
"171-3240255-2196344",2022-06-21,"Cancelled",true,,0,"Rajasthan","JAIPUR","Set","SET345-KR-NP-S","Amazon","Amazon.in"
"171-3240255-2196344",2022-06-21,"Cancelled",true,,0,"Rajasthan","JAIPUR","Set","SET331-KR-NP-S","Amazon","Amazon.in"
"171-4434341-6473132",2022-06-21,"Shipped",false,654,1,"Rajasthan","jodhpur","kurta","JNE3888-KR-S","Amazon","Amazon.in"
"171-6297448-2084300",2022-06-21,"Shipped - Delivered to Buyer",false,1163,1,"Rajasthan","AJMER","Set","J0230-SKD-S","Merchant","Amazon.in"
"171-6789424-6254717",2022-06-21,"Shipped - Delivered to Buyer",false,593,1,"Rajasthan","BALOTRA","Set","J0043-SET-XS","Merchant","Amazon.in"
"171-7269676-8442708",2022-06-21,"Shipped",false,612,1,"Rajasthan","DAUSA","Set","SET130-KR-NP-XXL","Amazon","Amazon.in"
"171-7722968-3385106",2022-06-21,"Shipped",false,498,1,"Rajasthan","SIKAR","Top","JNE3865-TP-L","Amazon","Amazon.in"
"402-6114393-8057131",2022-06-21,"Cancelled",true,604.76,0,"Rajasthan","JAIPUR","Set","SET324-KR-NP-S","Merchant","Amazon.in"
"403-6955245-5204307",2022-06-21,"Shipped - Delivered to Buyer",false,599,1,"Rajasthan","Jaipur","kurta","MEN5010-KR-XL","Merchant","Amazon.in"
"403-6955245-5204307",2022-06-21,"Shipped - Delivered to Buyer",false,599,1,"Rajasthan","Jaipur","kurta","MEN5010-KR-XXL","Merchant","Amazon.in"
"404-2231217-8678747",2022-06-21,"Cancelled",true,,0,"Rajasthan","UDAIPUR","Set","SET291-KR-PP-M","Amazon","Amazon.in"
"404-3680768-4230702",2022-06-21,"Shipped",false,939,1,"Rajasthan","PILANI","Set","SET432-KR-PP-L","Amazon","Amazon.in"
"404-7581882-7560343",2022-06-21,"Shipped",false,776,1,"Rajasthan","SIKAR","Western Dress","J0416-DR-XS","Amazon","Amazon.in"
"404-8422731-7600357",2022-06-21,"Cancelled",true,,0,"Rajasthan","UDAIPUR","Set","SET291-KR-PP-S","Amazon","Amazon.in"
"404-8793841-7923551",2022-06-21,"Shipped",false,569,1,"Rajasthan","UDAIPUR","Set","SET291-KR-PP-M","Amazon","Amazon.in"
"405-1109142-2551503",2022-06-21,"Shipped - Delivered to Buyer",false,1115,1,"Rajasthan","ALWAR","Set","J0127-SKD-L","Merchant","Amazon.in"
"405-5858565-7706728",2022-06-21,"Shipped",false,511,1,"Rajasthan","Adarsh Nagar, Jaipur","kurta","JNE3634-KR-L","Amazon","Amazon.in"
"405-6621855-8285129",2022-06-21,"Shipped - Delivered to Buyer",false,487,1,"Rajasthan","SURATGARH","kurta","JNE3445-KR-XXXL","Merchant","Amazon.in"
"406-0740186-1938720",2022-06-21,"Shipped - Delivered to Buyer",false,735,1,"Rajasthan","KOTA","Western Dress","JNE3797-KR-XL","Merchant","Amazon.in"
"406-2455553-2815501",2022-06-21,"Shipped - Delivered to Buyer",false,569,1,"Rajasthan","AHORE","kurta","JNE3810-KR-XS","Merchant","Amazon.in"
"406-6106205-1364309",2022-06-21,"Shipped",false,626,1,"Rajasthan","BAGRU","Set","SET306-KR-PP-XXL","Amazon","Amazon.in"
"406-6605700-3657944",2022-06-21,"Shipped",false,416,1,"Rajasthan","KOTA","kurta","JNE3781-KR-XL","Amazon","Amazon.in"
"407-1612017-7769948",2022-06-21,"Shipped",false,597,1,"Rajasthan","AJMER","kurta","J0354-KR-XXL","Amazon","Amazon.in"
"407-3607231-7017910",2022-06-21,"Shipped - Delivered to Buyer",false,301,1,"Rajasthan","Jaipur","kurta","JNE3601-KR-M","Merchant","Amazon.in"
"407-5609263-4041108",2022-06-21,"Shipped - Delivered to Buyer",false,1315,1,"Rajasthan","HANUMANGARH","Set","SET369-KR-NP-L","Merchant","Amazon.in"
"407-9261873-2421156",2022-06-21,"Shipped",false,,0,"Rajasthan","JAIPUR","Set","SET431-KR-NP-S","Amazon","Amazon.in"
"407-9261873-2421156",2022-06-21,"Shipped",false,,0,"Rajasthan","JAIPUR","Set","SET320-KR-NP-S","Amazon","Amazon.in"
"407-9261873-2421156",2022-06-21,"Shipped",false,,0,"Rajasthan","JAIPUR","Set","SET308-KR-PP-S","Amazon","Amazon.in"
"407-9261873-2421156",2022-06-21,"Shipped",false,,0,"Rajasthan","JAIPUR","Set","SET345-KR-NP-S","Amazon","Amazon.in"
"407-9261873-2421156",2022-06-21,"Shipped",false,1125,1,"Rajasthan","JAIPUR","Set","J0002-SKD-S","Amazon","Amazon.in"
"407-9261873-2421156",2022-06-21,"Shipped",false,,0,"Rajasthan","JAIPUR","Set","SET324-KR-NP-S","Amazon","Amazon.in"
"407-9261873-2421156",2022-06-21,"Shipped",false,,0,"Rajasthan","JAIPUR","Set","SET335-KR-NP-S","Amazon","Amazon.in"
"408-0989045-1578753",2022-06-21,"Cancelled",true,510,1,"Rajasthan","SIKAR","kurta","JNE3887-KR-M","Amazon","Amazon.in"
"408-1013166-6688339",2022-06-21,"Pending",false,387,1,"Rajasthan","JAIPUR","kurta","JNE3764-KR-M","Amazon","Amazon.in"
"408-6152919-5745135",2022-06-21,"Shipped",false,735,1,"Rajasthan","JAIPUR","Western Dress","JNE3798-KR-XL","Amazon","Amazon.in"
"171-0632969-2199563",2022-06-22,"Shipped",false,671,1,"Rajasthan","PALI","Set","SET187-KR-DH-XXXL","Amazon","Amazon.in"
"171-2370617-7479551",2022-06-22,"Cancelled",true,399,1,"Rajasthan","ABU ROAD","kurta","JNE3383-KR-A-XL","Amazon","Amazon.in"
"171-4697670-3077120",2022-06-22,"Shipped - Delivered to Buyer",false,744,1,"Rajasthan","JAIPUR","Western Dress","JNE3861-DR-S","Merchant","Amazon.in"
"171-8200977-5646733",2022-06-22,"Shipped",false,521,1,"Rajasthan","Bheem","kurta","JNE3634-KR-XL","Amazon","Amazon.in"
"402-8051866-2137904",2022-06-22,"Shipped",false,1088,1,"Rajasthan","JAIPUR","Set","SET350-KR-NP-L","Amazon","Amazon.in"
"402-8386543-9457108",2022-06-22,"Shipped - Rejected by Buyer",false,790,1,"Rajasthan","AJMER","Set","SET280-KR-PP-M","Merchant","Amazon.in"
"402-8970844-5341947",2022-06-22,"Cancelled",true,293.33,0,"Rajasthan","SHEOGANJ","kurta","JNE3334-KR-S","Merchant","Amazon.in"
"403-0027467-5066738",2022-06-22,"Cancelled",true,,0,"Rajasthan","JAIPUR","Top","JNE3665-TP-XL","Amazon","Amazon.in"
"403-4601411-2273136",2022-06-22,"Shipped",false,754,1,"Rajasthan","ATRU","kurta","MEN5022-KR-S","Amazon","Amazon.in"
"403-6668201-4198735",2022-06-22,"Cancelled",true,,0,"Rajasthan","MOUNT ABU","kurta","MEN5022-KR-S","Amazon","Amazon.in"
"404-0185226-9881135",2022-06-22,"Shipped",false,301,1,"Rajasthan","Keshorai patan district bundi","kurta","JNE3416-KR-XL","Amazon","Amazon.in"
"404-0185226-9881135",2022-06-22,"Shipped",false,308,1,"Rajasthan","Keshorai patan district bundi","kurta","JNE3265-KR-XL","Amazon","Amazon.in"
"404-3851539-9903506",2022-06-22,"Shipped - Delivered to Buyer",false,1164,1,"Rajasthan","JAIPUR","Set","SET316-KR-DPT-XXL","Merchant","Amazon.in"
"404-4425401-0294716",2022-06-22,"Cancelled",true,1039.29,0,"Rajasthan","JAIPUR","Set","SET316-KR-DPT-XXL","Merchant","Amazon.in"
"404-6148001-8126714",2022-06-22,"Shipped - Delivered to Buyer",false,1315,1,"Rajasthan","SIKAR","Set","SET436-KR-NP-M","Merchant","Amazon.in"
"404-9352736-6570710",2022-06-22,"Shipped",false,794,1,"Rajasthan","JAIPUR","Blouse","J0219-BL-XXL","Amazon","Amazon.in"
"405-0259102-9298752",2022-06-22,"Shipped",false,421,1,"Rajasthan","NASIRABAD","Top","JNE3689-TU-L","Amazon","Amazon.in"
"405-1877063-6072367",2022-06-22,"Shipped",false,1115,1,"Rajasthan","SAWAI MADHOPUR","Set","J0002-SKD-XL","Amazon","Amazon.in"
"405-3275580-1465159",2022-06-22,"Shipped - Delivered to Buyer",false,786,1,"Rajasthan","ALWAR","Set","SET217-KR-PP-L","Merchant","Amazon.in"
"405-3467012-9691557",2022-06-22,"Shipped - Delivered to Buyer",false,1115,1,"Rajasthan","Jaipur","Set","J0127-SKD-L","Merchant","Amazon.in"
"405-3467012-9691557",2022-06-22,"Shipped - Delivered to Buyer",false,845,1,"Rajasthan","Jaipur","Set","J0349-SET-L","Merchant","Amazon.in"
"405-4557406-3273922",2022-06-22,"Shipped",false,521,1,"Rajasthan","SARWAR","Set","NW016-ST-SR-L","Amazon","Amazon.in"
"405-8441093-0741143",2022-06-22,"Shipped",false,458,1,"Rajasthan","JAIPUR","kurta","JNE3518-KR-M","Amazon","Amazon.in"
"405-9412189-2640330",2022-06-22,"Shipped - Delivered to Buyer",false,1463,1,"Rajasthan","JAIPUR","Set","J0280-SKD-M","Merchant","Amazon.in"
"406-3041106-7845918",2022-06-22,"Shipped",false,1127,1,"Rajasthan","JAIPUR","Set","J0004-SKD-L","Amazon","Amazon.in"
"406-6913811-4657941",2022-06-22,"Shipped",false,852,1,"Rajasthan","JAIPUR","Set","SET319-KR-NP-L","Amazon","Amazon.in"
"406-7006452-0626718",2022-06-22,"Shipped",false,852,1,"Rajasthan","Jodhpur","Set","SET267-KR-NP-XXXL","Amazon","Amazon.in"
"407-2568747-4442701",2022-06-22,"Shipped",false,496,1,"Rajasthan","UDAIPUR","kurta","JNE3437-KR-XL","Amazon","Amazon.in"
"407-4095020-9152369",2022-06-22,"Shipped - Delivered to Buyer",false,735,1,"Rajasthan","JAIPUR","Western Dress","JNE3797-KR-L","Merchant","Amazon.in"
"407-4095705-5874754",2022-06-22,"Shipped",false,562,1,"Rajasthan","KHAIRTHAL","Set","NW005-ST-PJ-M","Amazon","Amazon.in"
"407-4849235-4964314",2022-06-22,"Shipped - Delivered to Buyer",false,693,1,"Rajasthan","JAIPUR","Top","J0301-TP-M","Merchant","Amazon.in"
"407-7266706-6379503",2022-06-22,"Shipped - Delivered to Buyer",false,751,1,"Rajasthan","KOTA","Set","SET340-KR-NP-M","Merchant","Amazon.in"
"408-0343123-9445124",2022-06-22,"Shipped",false,461,1,"Rajasthan","Jaipur","Set","NW004-TP-PJ-S","Amazon","Amazon.in"
"408-1628882-7537943",2022-06-22,"Cancelled",true,414.29,0,"Rajasthan","Udaipur","kurta","JNE3440-KR-N-XXL","Merchant","Amazon.in"
"408-1628882-7537943",2022-06-22,"Cancelled",true,992.86,0,"Rajasthan","Udaipur","Set","SET172-KR-PP-B-XXXL","Merchant","Amazon.in"
"408-7815102-5604340",2022-06-22,"Shipped",false,1125,1,"Rajasthan","BHILWARA","Set","SET304-KR-DPT-S","Amazon","Amazon.in"
"171-2230624-4218706",2022-06-23,"Cancelled",true,414.29,0,"Rajasthan","ABU ROAD","kurta","JNE3399-KR-XL","Merchant","Amazon.in"
"171-4982897-7197935",2022-06-23,"Shipped",false,399,1,"Rajasthan","ABU ROAD","kurta","JNE3383-KR-A-XL","Amazon","Amazon.in"
"402-1320565-5805138",2022-06-23,"Shipped",false,308,1,"Rajasthan","SHEOGANJ","kurta","JNE3334-KR-S","Amazon","Amazon.in"
"402-1708741-6297169",2022-06-23,"Shipped",false,872,1,"Rajasthan","Raipur tehsil pirawa District Jhalawar","Set","SET359-KR-NP-M","Amazon","Amazon.in"
"402-2611442-8257943",2022-06-23,"Shipped - Picked Up",false,301,1,"Rajasthan","JAIPUR","kurta","JNE3449-KR-XS","Merchant","Amazon.in"
"403-0079637-8171574",2022-06-23,"Shipped - Delivered to Buyer",false,1033,1,"Rajasthan","UDAIPUR","kurta","PJ0096-KR-N-5XL","Merchant","Amazon.in"
"403-2971437-4625946",2022-06-23,"Shipped - Delivered to Buyer",false,899,1,"Rajasthan","Jaipur","Set","SET288-KR-NP-M","Merchant","Amazon.in"
"403-3807193-3101966",2022-06-23,"Shipped",false,512,1,"Rajasthan","JAIPUR","Top","JNE3665-TP-XL","Amazon","Amazon.in"
"403-4889611-7768357",2022-06-23,"Shipped",false,496,1,"Rajasthan","KEKRI","kurta","JNE3784-KR-XL","Amazon","Amazon.in"
"403-6917856-8989121",2022-06-23,"Shipped - Delivered to Buyer",false,921,1,"Rajasthan","JAIPUR","Set","SET128-KR-DH-XXXL","Merchant","Amazon.in"
"404-2550923-7420367",2022-06-23,"Shipped - Delivered to Buyer",false,845,1,"Rajasthan","KOTA","Set","SET444-KR-SH-XXL","Merchant","Amazon.in"
"404-4752661-4365108",2022-06-23,"Shipped",false,599,1,"Rajasthan","jodhpur","Set","J0148-SET-XXXL","Amazon","Amazon.in"
"404-5033567-8295563",2022-06-23,"Shipped",false,521,1,"Rajasthan","JAIPUR","Set","NW014-ST-SR-M","Amazon","Amazon.in"
"404-6666949-6166747",2022-06-23,"Shipped",false,1125,1,"Rajasthan","JAIPUR","Set","SET304-KR-DPT-L","Amazon","Amazon.in"
"405-3614223-5477143",2022-06-23,"Shipped - Delivered to Buyer",false,771,1,"Rajasthan","jaipur","Set","SET335-KR-NP-XL","Merchant","Amazon.in"
"405-6126458-3716301",2022-06-23,"Shipped",false,443,1,"Rajasthan","BHIWADI","Top","JNE3654-TP-XL","Amazon","Amazon.in"
"405-6653856-3778741",2022-06-23,"Shipped - Picked Up",false,735,1,"Rajasthan","Aspur","Western Dress","JNE3800-KR-XXXL","Merchant","Amazon.in"
"405-6958881-1744318",2022-06-23,"Shipped",false,855,1,"Rajasthan","LADNUN","Set","SET229-KR-PP-XL","Amazon","Amazon.in"
"405-7975972-8604332",2022-06-23,"Shipped",false,735,1,"Rajasthan","KOTA","Western Dress","JNE3800-KR-XXXL","Amazon","Amazon.in"
"406-0665700-0577925",2022-06-23,"Shipped",false,471,1,"Rajasthan","ALWAR","kurta","JNE3607-KR-M","Amazon","Amazon.in"
"406-8714081-4646752",2022-06-23,"Shipped",false,1122,1,"Rajasthan","jodhpur","Set","SET350-KR-NP-L","Amazon","Amazon.in"
"407-6579359-1356315",2022-06-23,"Shipped - Delivered to Buyer",false,518,1,"Rajasthan","JAIPUR","kurta","JNE2171-KR-437-M","Merchant","Amazon.in"
"408-7425650-2228349",2022-06-23,"Shipped",false,1323,1,"Rajasthan","DAUSA","Set","J0277-SKD-L","Amazon","Amazon.in"
"408-9325606-2012331",2022-06-23,"Shipped",false,343,1,"Rajasthan","JAIPUR","Top","JNE3713-TP-N-XXL","Amazon","Amazon.in"
"171-3574290-5597164",2022-06-24,"Shipped",false,380,1,"Rajasthan","JAIPUR","kurta","JNE3501-KR-L","Amazon","Amazon.in"
"171-7418006-2605134",2022-06-24,"Shipped",false,999,1,"Rajasthan","JAIPUR","Set","SET327-KR-DPT-M","Amazon","Amazon.in"
"402-3175105-5663550",2022-06-24,"Cancelled",true,,0,"Rajasthan","UDAIPUR","Western Dress","JNE3797-KR-L","Amazon","Amazon.in"
"402-7146815-6351541",2022-06-24,"Shipped",false,735,1,"Rajasthan","UDAIPUR","Western Dress","JNE3797-KR-L","Amazon","Amazon.in"
"403-4622769-4880308",2022-06-24,"Cancelled",true,,0,"Rajasthan","Jaipur","Set","SET340-KR-NP-S","Amazon","Amazon.in"
"403-7381538-5707553",2022-06-24,"Shipped",false,1284,1,"Rajasthan","UDAIPUR","Set","J0225-SKD-L","Amazon","Amazon.in"
"404-1402586-3239523",2022-06-24,"Shipped",false,455,1,"Rajasthan","JHUNJHUNUN","Set","NW029-ST-SR-XXL","Amazon","Amazon.in"
"404-3193164-5444359",2022-06-24,"Shipped",false,1271,1,"Rajasthan","UDAIPUR","Set","J0382-SKD-XXL","Amazon","Amazon.in"
"404-3915730-4499561",2022-06-24,"Shipped - Picked Up",false,1399,1,"Rajasthan","JODHPUR","Set","SET369-KR-NP-XXL","Merchant","Amazon.in"
"405-2543459-8421908",2022-06-24,"Shipped",false,1399,1,"Rajasthan","alwar","Set","SET435-KR-NP-XS","Amazon","Amazon.in"
"405-8296949-6829131",2022-06-24,"Shipped",false,345,1,"Rajasthan","KOTA","kurta","JNE3487-KR-XXL","Amazon","Amazon.in"
"406-5357786-2960368",2022-06-24,"Shipped",false,799,1,"Rajasthan","JAIPUR","Set","SET193-KR-NP-A-S","Amazon","Amazon.in"
"408-1634552-0086705",2022-06-24,"Shipped",false,569,1,"Rajasthan","AJMER","kurta","JNE3810-KR-M","Amazon","Amazon.in"
"408-2573056-5573928",2022-06-24,"Shipped",false,759,1,"Rajasthan","PHALODI","Set","SET098-KR-PP-S","Amazon","Amazon.in"
"408-5912034-7397135",2022-06-24,"Shipped - Delivered to Buyer",false,376,1,"Rajasthan","Jaipur","kurta","JNE3364-KR-1051-A-S","Merchant","Amazon.in"
"171-1115829-5510703",2022-06-25,"Shipped",false,988,1,"Rajasthan","JAIPUR","Set","SET402-KR-NP-XL","Amazon","Amazon.in"
"171-4561801-1315535",2022-06-25,"Shipped",false,799,1,"Rajasthan","JAIPUR","Set","SET392-KR-NP-S","Amazon","Amazon.in"
"402-9673554-8323542",2022-06-25,"Pending",false,517,1,"Rajasthan","JHALAWAR","Set","NW038-ST-SR-XL","Amazon","Amazon.in"
"403-2020750-2906743",2022-06-25,"Shipped - Picked Up",false,345,1,"Rajasthan","ALWAR","kurta","JNE3487-KR-XXXL","Merchant","Amazon.in"
"403-8384953-2404306",2022-06-25,"Shipped - Picked Up",false,1199,1,"Rajasthan","JODHPUR","Set","SET317-KR-PP-L","Merchant","Amazon.in"
"403-9462663-3205157",2022-06-25,"Shipped",false,735,1,"Rajasthan","ALWAR","Western Dress","JNE3797-KR-XXXL","Amazon","Amazon.in"
"403-9671517-4193107",2022-06-25,"Shipped",false,399,1,"Rajasthan","CHITTAURGARH","kurta","JNE3618-KR-XXXL","Amazon","Amazon.in"
"403-9743672-5602733",2022-06-25,"Shipped",false,353,1,"Rajasthan","ABU ROAD","kurta","JNE2014-KR-178-XL","Amazon","Amazon.in"
"404-5386854-6837923",2022-06-25,"Cancelled",true,,0,"Rajasthan","JAIPUR","kurta","JNE3334-KR-L","Amazon","Amazon.in"
"404-5860177-0948355",2022-06-25,"Shipped",false,735,1,"Rajasthan","KOTA","Western Dress","JNE3797-KR-L","Amazon","Amazon.in"
"404-9254495-6687517",2022-06-25,"Shipped",false,665,1,"Rajasthan","JAIPUR","Top","J0342-TP-XL","Amazon","Amazon.in"
"405-7136353-7654728",2022-06-25,"Shipped - Picked Up",false,725,1,"Rajasthan","JAIPUR","Western Dress","JNE3797-KR-A-S","Merchant","Amazon.in"
"406-2263396-5878765",2022-06-25,"Shipped",false,544,1,"Rajasthan","Jaipur","kurta","JNE3782-KR-M","Amazon","Amazon.in"
"407-3303174-7985156",2022-06-25,"Shipped - Picked Up",false,702,1,"Rajasthan","JAIPUR","Set","SET293-KR-NP-XL","Merchant","Amazon.in"
"407-4411881-1989912",2022-06-25,"Cancelled",true,655.24,0,"Rajasthan","JAIPUR","kurta","MEN5013-KR-L","Merchant","Amazon.in"
"407-5225802-4687525",2022-06-25,"Shipped",false,908,1,"Rajasthan","RAWATBHATA","Top","J0340-TP-S","Amazon","Amazon.in"
"407-6683196-4826716",2022-06-25,"Shipped",false,1442,1,"Rajasthan","JAIPUR","Set","J0285-SKD-XS","Amazon","Amazon.in"
"408-0249421-4510767",2022-06-25,"Shipped - Picked Up",false,1075,1,"Rajasthan","JAIPUR","Set","J0008-SKD-S","Merchant","Amazon.in"
"171-6057198-1141905",2022-06-26,"Shipped - Picked Up",false,735,1,"Rajasthan","ALWAR","Western Dress","JNE3798-KR-XL","Merchant","Amazon.in"
"171-9336669-5188342",2022-06-26,"Shipped",false,758,1,"Rajasthan","AJMER","Top","J0119-TP-L","Amazon","Amazon.in"
"171-9463185-2705160",2022-06-26,"Shipped - Picked Up",false,696,1,"Rajasthan","jodhpur","kurta","JNE3888-KR-M","Merchant","Amazon.in"
"402-2110360-6140328",2022-06-26,"Shipped",false,380,1,"Rajasthan","Kota","kurta","JNE3501-KR-XL","Amazon","Amazon.in"
"402-8023916-2561961",2022-06-26,"Cancelled",true,696,1,"Rajasthan","JAIPUR","kurta","JNE3888-KR-XL","Amazon","Amazon.in"
"402-8023916-2561961",2022-06-26,"Cancelled",true,526,1,"Rajasthan","JAIPUR","kurta","JNE3887-KR-XL","Amazon","Amazon.in"
"402-9089027-6642715",2022-06-26,"Shipped - Picked Up",false,432,1,"Rajasthan","JAIPUR","kurta","JNE3391-KR-S","Merchant","Amazon.in"
"403-1004570-9450753",2022-06-26,"Shipped",false,869,1,"Rajasthan","JAIPUR","kurta","PJNE3368-KR-4XL","Amazon","Amazon.in"
"403-4327810-6478708",2022-06-26,"Shipped",false,764,1,"Rajasthan","JAIPUR","kurta","PJNE3363-KR-N-6XL","Amazon","Amazon.in"
"403-6758476-9726739",2022-06-26,"Shipped - Picked Up",false,775,1,"Rajasthan","Jaipur","Set","SET247-KR-SHA-L","Merchant","Amazon.in"
"403-7610352-3070741",2022-06-26,"Shipped",false,799,1,"Rajasthan","UDAIPUR","Set","SET392-KR-NP-M","Amazon","Amazon.in"
"404-1764601-9633163",2022-06-26,"Shipped",false,664,1,"Rajasthan","UDAIPUR","Set","J0003-SET-XS","Amazon","Amazon.in"
"404-2424255-9722746",2022-06-26,"Shipped",false,735,1,"Rajasthan","JAIPUR","Western Dress","JNE3797-KR-XS","Amazon","Amazon.in"
"406-1036237-4269950",2022-06-26,"Shipped",false,499,1,"Rajasthan","UDAIPUR","Set","SET281-KR-PP-XXL","Amazon","Amazon.in"
"406-7720332-8137913",2022-06-26,"Shipped",false,318,1,"Rajasthan","BEYOND 18TH SECTOR,C.H.B.JODHPUR","kurta","JNE3482-KR-S","Amazon","Amazon.in"
"408-0579663-5541961",2022-06-26,"Shipped",false,0,1,"Rajasthan","JAIPUR","Set","SET287-KR-NP-S","Amazon","Amazon.in"
"408-2830572-8347537",2022-06-26,"Shipped",false,0,1,"Rajasthan","JAIPUR","Set","SET408-KR-NP-S","Amazon","Amazon.in"
"408-5168937-3291544",2022-06-26,"Shipped",false,387,1,"Rajasthan","JAIPUR","Top","J0176-TP-XXL","Amazon","Amazon.in"
"408-5330173-7201932",2022-06-26,"Shipped",false,0,1,"Rajasthan","JAIPUR","Set","SET376-KR-NP-S","Amazon","Amazon.in"
"408-5429572-5657151",2022-06-26,"Shipped",false,859,1,"Rajasthan","JAIPUR","Western Dress","J0400-DR-L","Amazon","Amazon.in"
"408-7291577-8057120",2022-06-26,"Shipped",false,0,1,"Rajasthan","JAIPUR","Set","SET409-KR-NP-S","Amazon","Amazon.in"
"171-1207074-5697162",2022-06-27,"Shipped",false,709,1,"Rajasthan","JODHPUR","kurta","MEN5028-KR-L","Amazon","Amazon.in"
"171-7361921-9341944",2022-06-27,"Shipped",false,499,1,"Rajasthan","JODHPUR","Set","SET408-KR-NP-M","Amazon","Amazon.in"
"171-8892009-2498700",2022-06-27,"Shipped - Picked Up",false,569,1,"Rajasthan","JAIPUR","Set","SET291-KR-PP-L","Merchant","Amazon.in"
"402-3119498-9419529",2022-06-27,"Cancelled",true,662.86,0,"Rajasthan","JAIPUR","kurta","JNE3888-KR-XL","Merchant","Amazon.in"
"402-6051008-2999525",2022-06-27,"Pending",false,999,1,"Rajasthan","KARANPUR","Set","SET310-KR-NP-S","Amazon","Amazon.in"
"402-8296901-9526762",2022-06-27,"Cancelled",true,,0,"Rajasthan","JODHPUR","Set","SET192-KR-NP-XXL","Amazon","Amazon.in"
"403-5618140-0125146",2022-06-27,"Shipped",false,666,1,"Rajasthan","JAIPUR","kurta","JNE3836-KR-S","Amazon","Amazon.in"
"403-7080322-9139523",2022-06-27,"Shipped - Picked Up",false,301,1,"Rajasthan","JAIPUR","kurta","JNE3776-KR-XL","Merchant","Amazon.in"
"404-3370720-4932316",2022-06-27,"Shipped",false,735,1,"Rajasthan","JAIPUR","Western Dress","JNE3798-KR-XL","Amazon","Amazon.in"
"404-7259541-5365149",2022-06-27,"Shipped",false,599,1,"Rajasthan","BHIWADI","Set","SET351-KR-NP-XL","Amazon","Amazon.in"
"404-7323581-2727519",2022-06-27,"Shipped - Picked Up",false,569,1,"Rajasthan","JAIPUR","Set","SET291-KR-PP-XXL","Merchant","Amazon.in"
"405-2392988-8504364",2022-06-27,"Cancelled",true,,0,"Rajasthan","JAIPUR","Set","SET209-KR-PP-XL","Amazon","Amazon.in"
"405-7281402-1491534",2022-06-27,"Shipped",false,962,1,"Rajasthan","jaipur","Set","SET395-KR-NP-XXXL","Amazon","Amazon.in"
"406-4600557-0040364",2022-06-27,"Shipped",false,735,1,"Rajasthan","UDAIPUR","Western Dress","JNE3797-KR-S","Amazon","Amazon.in"
"406-5183041-1064367",2022-06-27,"Shipped",false,1299,1,"Rajasthan","JAIPUR","Set","SET365-KR-NP-S","Amazon","Amazon.in"
"406-7451708-6687518",2022-06-27,"Shipped",false,1163,1,"Rajasthan","Bandikui","Set","J0230-SKD-XS","Amazon","Amazon.in"
"407-0165973-0582761",2022-06-27,"Shipped - Picked Up",false,735,1,"Rajasthan","JAIPUR","Western Dress","JNE3797-KR-XXL","Merchant","Amazon.in"
"408-2581970-4928332",2022-06-27,"Shipped",false,1442,1,"Rajasthan","UDAIPUR","Set","J0285-SKD-XL","Amazon","Amazon.in"
"408-3794046-5582719",2022-06-27,"Shipped",false,828,1,"Rajasthan","BEAWAR","Set","J0009-SKD-XXXL","Amazon","Amazon.in"
"408-4547863-7834758",2022-06-27,"Shipped",false,522,1,"Rajasthan","SRI GANGANAGAR","Top","J0202-TP-XL","Amazon","Amazon.in"
"408-8370494-2581134",2022-06-27,"Shipped - Picked Up",false,764,1,"Rajasthan","HANUMANGARH","Set","SET145-KR-NP-L","Merchant","Amazon.in"
"171-7609300-9930731",2022-06-28,"Shipped",false,1268,1,"Rajasthan","BIKANER","Set","SET277-KR-NP-S","Amazon","Amazon.in"
"402-7527446-6918768",2022-06-28,"Shipped",false,526,1,"Rajasthan","JAIPUR","kurta","JNE3885-KR-M","Amazon","Amazon.in"
"402-7527446-6918768",2022-06-28,"Shipped",false,574,1,"Rajasthan","JAIPUR","Top","JNE3674-TU-M","Amazon","Amazon.in"
"402-7974940-1498740",2022-06-28,"Shipped",false,885,1,"Rajasthan","AJMER","Western Dress","J0333-DR-XXXL","Amazon","Amazon.in"
"402-9766429-6011509",2022-06-28,"Shipped",false,699,1,"Rajasthan","AJMER","kurta","JNE2086-KR-389-L","Amazon","Amazon.in"
"403-7350233-7445122",2022-06-28,"Shipped",false,399,1,"Rajasthan","UDAIPUR","kurta","JNE3838-KR-XXL","Amazon","Amazon.in"
"404-5369893-1267552",2022-06-28,"Pending",false,717,1,"Rajasthan","SRI GANGANAGAR","Set","J0034-SET-XXL","Merchant","Amazon.in"
"404-6852770-7537146",2022-06-28,"Cancelled",true,511.43,0,"Rajasthan","JAIPUR","Set","NW016-ST-SR-XL","Merchant","Amazon.in"
"404-7828532-7200303",2022-06-28,"Pending - Waiting for Pick Up",false,1099,1,"Rajasthan","JODHPUR","Set","J0077-SKD-S","Merchant","Amazon.in"
"404-8909033-8388347",2022-06-28,"Pending",false,635,1,"Rajasthan","JAIPUR","kurta","J0353-KR-L","Amazon","Amazon.in"
"404-9341662-0847560",2022-06-28,"Pending",false,318,1,"Rajasthan","SAGWARA","kurta","JNE3334-KR-L","Merchant","Amazon.in"
"405-6570300-9877941",2022-06-28,"Shipped",false,376,1,"Rajasthan","JAIPUR","kurta","JNE3373-KR-XXXL","Amazon","Amazon.in"
"406-2200301-4165908",2022-06-28,"Shipped",false,1399,1,"Rajasthan","BIKANER","Set","SET369-KR-NP-S","Amazon","Amazon.in"
"406-2200301-4165908",2022-06-28,"Shipped",false,1146,1,"Rajasthan","BIKANER","Set","J0378-SKD-S","Amazon","Amazon.in"
"406-2235018-5472326",2022-06-28,"Pending",false,626,1,"Rajasthan","JODHPUR","Set","SET286-KR-NP-XXXL","Amazon","Amazon.in"
"407-3004619-5483504",2022-06-28,"Pending - Waiting for Pick Up",false,725,1,"Rajasthan","JAIPUR","Western Dress","JNE3800-KR-A-S","Merchant","Amazon.in"
"407-3746748-3814761",2022-06-28,"Shipped",false,376,1,"Rajasthan","JAIPUR","kurta","JNE3373-KR-M","Amazon","Amazon.in"
"407-6854602-6783500",2022-06-28,"Shipped",false,435,1,"Rajasthan","JAIPUR","kurta","JNE3405-KR-XS","Amazon","Amazon.in"
"408-7196511-6299566",2022-06-28,"Pending - Waiting for Pick Up",false,1399,1,"Rajasthan","AJMER","Set","SET369-KR-NP-XXXL","Merchant","Amazon.in"
"408-8165058-9488324",2022-06-28,"Shipped",false,376,1,"Rajasthan","BAKANI","kurta","JNE2305-KR-533-XL","Amazon","Amazon.in"
"408-8955511-8825153",2022-06-28,"Pending - Waiting for Pick Up",false,0,1,"Rajasthan","ALWAR","Set","SET217-KR-PP-XL","Merchant","Amazon.in"
"402-2001702-1125915",2022-06-29,"Pending",false,1125,1,"Rajasthan","UDAIPUR","Set","J0002-SKD-L","Merchant","Amazon.in"
