Order Number,Created at,Total,Financial Status,Shipping Province,Shipping City,Lineitem quantity,Lineitem sku,Product Type,Source
#1001,26/01/2024,449.00,Cancelled,Tamil Nadu,Coimbatore,1,DUP-M,Dupatta,WhatsApp
#1002,08/01/2024,899.00,paid,Delhi,New Delhi,1,KUR-M,Kurta,web
#1002,08/01/2024,699.00,paid,Delhi,New Delhi,1,PAL-M,Palazzo,web
#1003,14/01/2024,898.00,paid,Maharashtra,Nagpur,2,DUP-L,Dupatta,WhatsApp
#1003,14/01/2024,1899.00,paid,Maharashtra,Nagpur,1,SAR-M,Saree,WhatsApp
#1003,14/01/2024,699.00,paid,Maharashtra,Nagpur,1,PAL-L,Palazzo,WhatsApp
#1004,14/03/2024,1198.00,paid,Maharashtra,Nagpur,2,TOP-L,Top,WhatsApp
#1005,05/01/2024,699.00,paid,Gujarat,Surat,1,PAL-M,Palazzo,WhatsApp
#1005,05/01/2024,1899.00,paid,Gujarat,Surat,1,SAR-XL,Saree,WhatsApp
#1005,05/01/2024,899.00,paid,Gujarat,Surat,1,KUR-S,Kurta,WhatsApp
#1006,19/03/2024,1899.00,paid,Delhi,New Delhi,1,SAR-M,Saree,web
#1007,28/03/2024,449.00,paid,Tamil Nadu,Coimbatore,1,DUP-L,Dupatta,Instagram
#1007,28/03/2024,1899.00,paid,Tamil Nadu,Coimbatore,1,SAR-M,Saree,Instagram
#1008,04/01/2024,1899.00,paid,Gujarat,Surat,1,SAR-M,Saree,Instagram
#1009,18/03/2024,449.00,Cancelled,Kerala,Kochi,1,DUP-M,Dupatta,web
#1010,03/01/2024,899.00,paid,Uttar Pradesh,Noida,1,KUR-S,Kurta,WhatsApp
#1010,03/01/2024,1198.00,paid,Uttar Pradesh,Noida,2,TOP-M,Top,WhatsApp
#1010,03/01/2024,699.00,paid,Uttar Pradesh,Noida,1,PAL-S,Palazzo,WhatsApp
#1011,24/03/2024,1899.00,refunded,Rajasthan,Jaipur,1,SAR-S,Saree,web
#1012,21/01/2024,599.00,paid,Maharashtra,Mumbai,1,TOP-L,Top,Instagram
#1012,21/01/2024,1347.00,paid,Maharashtra,Mumbai,3,DUP-L,Dupatta,Instagram
#1013,20/02/2024,449.00,paid,Maharashtra,Pune,1,DUP-L,Dupatta,web
#1014,26/01/2024,599.00,pending,Tamil Nadu,Chennai,1,TOP-L,Top,WhatsApp
#1015,26/02/2024,1198.00,Cancelled,Telangana,Hyderabad,2,TOP-M,Top,Instagram
#1016,07/02/2024,449.00,paid,Gujarat,Surat,1,DUP-M,Dupatta,WhatsApp
#1016,07/02/2024,699.00,paid,Gujarat,Surat,1,PAL-XL,Palazzo,WhatsApp
#1016,07/02/2024,1798.00,paid,Gujarat,Surat,2,KUR-M,Kurta,WhatsApp
#1017,03/01/2024,899.00,paid,Gujarat,Surat,1,KUR-S,Kurta,web
#1017,03/01/2024,1899.00,paid,Gujarat,Surat,1,SAR-L,Saree,web
#1018,03/02/2024,599.00,paid,Karnataka,Bengaluru,1,TOP-XL,Top,web
#1019,28/02/2024,1797.00,paid,Delhi,New Delhi,3,TOP-XL,Top,WhatsApp
#1020,10/01/2024,699.00,pending,Telangana,Hyderabad,1,PAL-L,Palazzo,web
#1021,25/02/2024,599.00,refunded,Maharashtra,Pune,1,TOP-S,Top,WhatsApp
#1022,11/02/2024,599.00,paid,Karnataka,Mysuru,1,TOP-XL,Top,web
#1023,21/02/2024,599.00,paid,Telangana,Hyderabad,1,TOP-M,Top,Instagram
#1024,03/01/2024,599.00,paid,Gujarat,Surat,1,TOP-XL,Top,WhatsApp
#1025,24/02/2024,449.00,paid,Delhi,New Delhi,1,DUP-M,Dupatta,WhatsApp
#1025,24/02/2024,599.00,paid,Delhi,New Delhi,1,TOP-XL,Top,WhatsApp
#1026,03/03/2024,1899.00,paid,Gujarat,Surat,1,SAR-S,Saree,Instagram
#1026,03/03/2024,599.00,paid,Gujarat,Surat,1,TOP-M,Top,Instagram
#1027,28/01/2024,599.00,Cancelled,Maharashtra,Mumbai,1,TOP-L,Top,web
#1027,28/01/2024,898.00,Cancelled,Maharashtra,Mumbai,2,DUP-L,Dupatta,web
#1028,05/02/2024,599.00,refunded,Tamil Nadu,Chennai,1,TOP-L,Top,Instagram
#1029,18/03/2024,449.00,refunded,Uttar Pradesh,Noida,1,DUP-XL,Dupatta,WhatsApp
#1030,09/03/2024,3798.00,paid,Telangana,Hyderabad,2,SAR-M,Saree,WhatsApp
#1031,15/03/2024,899.00,paid,Delhi,New Delhi,1,KUR-M,Kurta,WhatsApp
#1032,28/01/2024,1398.00,Cancelled,Gujarat,Surat,2,PAL-L,Palazzo,web
#1033,08/01/2024,899.00,paid,Uttar Pradesh,Noida,1,KUR-XL,Kurta,Instagram
#1033,08/01/2024,1899.00,paid,Uttar Pradesh,Noida,1,SAR-L,Saree,Instagram
#1034,10/02/2024,699.00,Cancelled,Tamil Nadu,Chennai,1,PAL-M,Palazzo,web
#1035,31/01/2024,599.00,paid,Telangana,Hyderabad,1,TOP-S,Top,web
#1036,17/02/2024,699.00,pending,Karnataka,Mysuru,1,PAL-XL,Palazzo,Instagram
#1037,18/01/2024,899.00,paid,Maharashtra,Mumbai,1,KUR-S,Kurta,Instagram
#1037,18/01/2024,898.00,paid,Maharashtra,Mumbai,2,DUP-M,Dupatta,Instagram
#1038,30/03/2024,899.00,paid,Telangana,Hyderabad,1,KUR-S,Kurta,WhatsApp
#1039,10/03/2024,898.00,paid,Telangana,Hyderabad,2,DUP-L,Dupatta,WhatsApp
#1040,07/01/2024,449.00,paid,Telangana,Hyderabad,1,DUP-M,Dupatta,Instagram
#1041,31/03/2024,599.00,paid,West Bengal,Kolkata,1,TOP-S,Top,web
#1041,31/03/2024,1899.00,paid,West Bengal,Kolkata,1,SAR-S,Saree,web
#1042,31/03/2024,1899.00,paid,Uttar Pradesh,Lucknow,1,SAR-L,Saree,WhatsApp
#1043,30/01/2024,1398.00,paid,Delhi,New Delhi,2,PAL-XL,Palazzo,WhatsApp
#1043,30/01/2024,898.00,paid,Delhi,New Delhi,2,DUP-L,Dupatta,WhatsApp
#1044,21/03/2024,899.00,pending,Maharashtra,Pune,1,KUR-XL,Kurta,WhatsApp
#1045,11/03/2024,599.00,paid,Telangana,Hyderabad,1,TOP-S,Top,WhatsApp
#1046,05/03/2024,599.00,pending,Kerala,Kochi,1,TOP-S,Top,Instagram
#1046,05/03/2024,1899.00,pending,Kerala,Kochi,1,SAR-M,Saree,Instagram
#1047,04/02/2024,1899.00,paid,West Bengal,Kolkata,1,SAR-XL,Saree,Instagram
#1048,05/01/2024,1398.00,Cancelled,Uttar Pradesh,Noida,2,PAL-S,Palazzo,Instagram
#1049,25/02/2024,599.00,paid,Tamil Nadu,Chennai,1,TOP-M,Top,web
#1050,11/02/2024,699.00,paid,Maharashtra,Nagpur,1,PAL-XL,Palazzo,Instagram
#1050,11/02/2024,1899.00,paid,Maharashtra,Nagpur,1,SAR-XL,Saree,Instagram
#1051,02/03/2024,899.00,paid,Karnataka,Mysuru,1,KUR-XL,Kurta,web
#1052,03/02/2024,899.00,paid,West Bengal,Kolkata,1,KUR-L,Kurta,WhatsApp
#1052,03/02/2024,1899.00,paid,West Bengal,Kolkata,1,SAR-XL,Saree,WhatsApp
#1053,20/03/2024,1899.00,paid,Rajasthan,Udaipur,1,SAR-S,Saree,web
#1054,01/03/2024,699.00,paid,Karnataka,Bengaluru,1,PAL-XL,Palazzo,web
#1054,01/03/2024,599.00,paid,Karnataka,Bengaluru,1,TOP-M,Top,web
#1054,01/03/2024,449.00,paid,Karnataka,Bengaluru,1,DUP-L,Dupatta,web
#1055,18/02/2024,3798.00,paid,Telangana,Hyderabad,2,SAR-M,Saree,WhatsApp
#1056,26/02/2024,1798.00,paid,Maharashtra,Pune,2,KUR-L,Kurta,WhatsApp
#1057,08/03/2024,1899.00,paid,Karnataka,Mysuru,1,SAR-XL,Saree,Instagram
#1058,10/01/2024,1899.00,Cancelled,Uttar Pradesh,Lucknow,1,SAR-XL,Saree,web
#1059,09/01/2024,3798.00,Cancelled,Telangana,Hyderabad,2,SAR-XL,Saree,WhatsApp
#1060,16/01/2024,599.00,paid,West Bengal,Kolkata,1,TOP-L,Top,web
#1061,24/02/2024,1798.00,paid,Delhi,New Delhi,2,KUR-XL,Kurta,WhatsApp
#1061,24/02/2024,1899.00,paid,Delhi,New Delhi,1,SAR-XL,Saree,WhatsApp
#1062,02/03/2024,5697.00,paid,Telangana,Hyderabad,3,SAR-S,Saree,WhatsApp
#1063,18/01/2024,899.00,paid,Tamil Nadu,Chennai,1,KUR-M,Kurta,WhatsApp
#1064,06/02/2024,899.00,paid,Karnataka,Mysuru,1,KUR-S,Kurta,WhatsApp
#1064,06/02/2024,699.00,paid,Karnataka,Mysuru,1,PAL-L,Palazzo,WhatsApp
#1065,15/01/2024,1899.00,paid,Gujarat,Surat,1,SAR-L,Saree,web
#1066,01/03/2024,599.00,paid,Kerala,Kochi,1,TOP-M,Top,Instagram
#1067,08/03/2024,599.00,paid,Karnataka,Mysuru,1,TOP-S,Top,Instagram
#1067,08/03/2024,1398.00,paid,Karnataka,Mysuru,2,PAL-L,Palazzo,Instagram
#1068,06/01/2024,449.00,paid,Tamil Nadu,Coimbatore,1,DUP-XL,Dupatta,WhatsApp
#1068,06/01/2024,899.00,paid,Tamil Nadu,Coimbatore,1,KUR-XL,Kurta,WhatsApp
#1069,01/03/2024,899.00,paid,Tamil Nadu,Coimbatore,1,KUR-M,Kurta,Instagram
#1070,29/02/2024,899.00,paid,Delhi,New Delhi,1,KUR-L,Kurta,Instagram
#1071,17/02/2024,1798.00,paid,Tamil Nadu,Coimbatore,2,KUR-XL,Kurta,Instagram
#1071,17/02/2024,1899.00,paid,Tamil Nadu,Coimbatore,1,SAR-M,Saree,Instagram
#1071,17/02/2024,1398.00,paid,Tamil Nadu,Coimbatore,2,PAL-M,Palazzo,Instagram
#1072,29/02/2024,5697.00,paid,Karnataka,Bengaluru,3,SAR-L,Saree,WhatsApp
#1073,24/01/2024,449.00,paid,Gujarat,Surat,1,DUP-M,Dupatta,Instagram
#1074,16/01/2024,449.00,paid,Rajasthan,Udaipur,1,DUP-XL,Dupatta,web
#1075,22/03/2024,899.00,pending,Karnataka,Bengaluru,1,KUR-XL,Kurta,Instagram
#1075,22/03/2024,699.00,pending,Karnataka,Bengaluru,1,PAL-M,Palazzo,Instagram
#1076,25/03/2024,1899.00,paid,Gujarat,Surat,1,SAR-XL,Saree,WhatsApp
#1077,22/02/2024,1899.00,paid,Maharashtra,Mumbai,1,SAR-L,Saree,WhatsApp
#1078,14/01/2024,1899.00,pending,Uttar Pradesh,Noida,1,SAR-S,Saree,web
#1079,02/01/2024,699.00,paid,Karnataka,Bengaluru,1,PAL-S,Palazzo,web
#1079,02/01/2024,599.00,paid,Karnataka,Bengaluru,1,TOP-XL,Top,web
#1080,20/01/2024,599.00,paid,Delhi,New Delhi,1,TOP-L,Top,Instagram
#1080,20/01/2024,1899.00,paid,Delhi,New Delhi,1,SAR-M,Saree,Instagram
#1080,20/01/2024,1398.00,paid,Delhi,New Delhi,2,PAL-M,Palazzo,Instagram
#1081,31/03/2024,1398.00,paid,Delhi,New Delhi,2,PAL-XL,Palazzo,WhatsApp
#1081,31/03/2024,599.00,paid,Delhi,New Delhi,1,TOP-XL,Top,WhatsApp
#1082,11/01/2024,449.00,paid,Maharashtra,Pune,1,DUP-XL,Dupatta,Instagram
#1082,11/01/2024,1899.00,paid,Maharashtra,Pune,1,SAR-L,Saree,Instagram
#1083,13/03/2024,899.00,paid,Karnataka,Mysuru,1,KUR-S,Kurta,Instagram
#1084,22/01/2024,2097.00,paid,Delhi,New Delhi,3,PAL-S,Palazzo,Instagram
#1084,22/01/2024,899.00,paid,Delhi,New Delhi,1,KUR-S,Kurta,Instagram
#1085,09/01/2024,449.00,paid,Uttar Pradesh,Noida,1,DUP-M,Dupatta,Instagram
#1086,17/01/2024,599.00,paid,Maharashtra,Pune,1,TOP-S,Top,WhatsApp
#1087,11/03/2024,699.00,paid,Tamil Nadu,Coimbatore,1,PAL-XL,Palazzo,Instagram
#1088,28/03/2024,899.00,paid,Karnataka,Mysuru,1,KUR-S,Kurta,WhatsApp
#1089,25/01/2024,1899.00,Cancelled,Gujarat,Surat,1,SAR-M,Saree,WhatsApp
#1090,29/01/2024,1899.00,paid,Tamil Nadu,Chennai,1,SAR-L,Saree,Instagram
#1090,29/01/2024,899.00,paid,Tamil Nadu,Chennai,1,KUR-M,Kurta,Instagram
#1090,29/01/2024,699.00,paid,Tamil Nadu,Chennai,1,PAL-XL,Palazzo,Instagram
#1091,15/03/2024,699.00,pending,Telangana,Hyderabad,1,PAL-L,Palazzo,web
#1092,11/03/2024,2097.00,paid,Telangana,Hyderabad,3,PAL-XL,Palazzo,WhatsApp
#1092,11/03/2024,599.00,paid,Telangana,Hyderabad,1,TOP-L,Top,WhatsApp
#1092,11/03/2024,449.00,paid,Telangana,Hyderabad,1,DUP-M,Dupatta,WhatsApp
#1093,17/01/2024,449.00,paid,Uttar Pradesh,Noida,1,DUP-M,Dupatta,Instagram
#1094,06/02/2024,1899.00,Cancelled,Uttar Pradesh,Noida,1,SAR-XL,Saree,Instagram
#1094,06/02/2024,599.00,Cancelled,Uttar Pradesh,Noida,1,TOP-S,Top,Instagram
#1095,23/03/2024,899.00,paid,Rajasthan,Jaipur,1,KUR-L,Kurta,Instagram
#1096,22/02/2024,699.00,paid,Maharashtra,Nagpur,1,PAL-M,Palazzo,web
#1097,18/03/2024,899.00,paid,Delhi,New Delhi,1,KUR-M,Kurta,web
#1098,17/01/2024,599.00,paid,Telangana,Hyderabad,1,TOP-XL,Top,Instagram
#1099,19/01/2024,899.00,paid,Delhi,New Delhi,1,KUR-S,Kurta,Instagram
#1100,08/01/2024,1899.00,refunded,Delhi,New Delhi,1,SAR-XL,Saree,Instagram
#1100,08/01/2024,1198.00,refunded,Delhi,New Delhi,2,TOP-XL,Top,Instagram
#1101,05/02/2024,898.00,paid,Uttar Pradesh,Noida,2,DUP-XL,Dupatta,web
#1102,12/01/2024,1899.00,paid,Karnataka,Mysuru,1,SAR-L,Saree,Instagram
#1103,03/03/2024,599.00,paid,Telangana,Hyderabad,1,TOP-M,Top,web
#1103,03/03/2024,2097.00,paid,Telangana,Hyderabad,3,PAL-S,Palazzo,web
#1104,08/02/2024,899.00,paid,Delhi,New Delhi,1,KUR-L,Kurta,web
#1105,20/01/2024,449.00,paid,Gujarat,Ahmedabad,1,DUP-L,Dupatta,Instagram
#1105,20/01/2024,1398.00,paid,Gujarat,Ahmedabad,2,PAL-M,Palazzo,Instagram
#1106,23/03/2024,449.00,paid,Kerala,Kochi,1,DUP-M,Dupatta,WhatsApp
#1107,22/02/2024,599.00,pending,Karnataka,Mysuru,1,TOP-M,Top,Instagram
#1108,26/01/2024,699.00,paid,Telangana,Hyderabad,1,PAL-L,Palazzo,WhatsApp
#1109,04/02/2024,899.00,paid,Karnataka,Bengaluru,1,KUR-S,Kurta,web
#1110,07/01/2024,599.00,paid,Maharashtra,Pune,1,TOP-XL,Top,Instagram
#1110,07/01/2024,1899.00,paid,Maharashtra,Pune,1,SAR-S,Saree,Instagram
#1111,27/03/2024,699.00,paid,Maharashtra,Pune,1,PAL-XL,Palazzo,WhatsApp
#1111,27/03/2024,599.00,paid,Maharashtra,Pune,1,TOP-M,Top,WhatsApp
#1111,27/03/2024,899.00,paid,Maharashtra,Pune,1,KUR-L,Kurta,WhatsApp
#1112,19/03/2024,1198.00,Cancelled,Delhi,New Delhi,2,TOP-M,Top,WhatsApp
#1113,11/01/2024,899.00,paid,Maharashtra,Pune,1,KUR-XL,Kurta,WhatsApp
#1114,21/01/2024,599.00,refunded,Delhi,New Delhi,1,TOP-XL,Top,web
#1114,21/01/2024,1398.00,refunded,Delhi,New Delhi,2,PAL-S,Palazzo,web
#1114,21/01/2024,899.00,refunded,Delhi,New Delhi,1,KUR-L,Kurta,web
#1115,17/02/2024,1899.00,Cancelled,Karnataka,Bengaluru,1,SAR-S,Saree,WhatsApp
#1116,11/02/2024,899.00,Cancelled,Telangana,Hyderabad,1,KUR-S,Kurta,Instagram
#1116,11/02/2024,898.00,Cancelled,Telangana,Hyderabad,2,DUP-M,Dupatta,Instagram
#1117,17/01/2024,899.00,paid,Delhi,New Delhi,1,KUR-S,Kurta,WhatsApp
#1118,16/03/2024,599.00,paid,Maharashtra,Nagpur,1,TOP-L,Top,WhatsApp
#1119,29/03/2024,1899.00,paid,Kerala,Kochi,1,SAR-XL,Saree,Instagram
#1120,10/02/2024,1899.00,refunded,Gujarat,Surat,1,SAR-S,Saree,WhatsApp
#1121,19/03/2024,899.00,paid,West Bengal,Kolkata,1,KUR-M,Kurta,Instagram
#1121,19/03/2024,599.00,paid,West Bengal,Kolkata,1,TOP-XL,Top,Instagram
#1122,08/01/2024,3798.00,paid,Tamil Nadu,Chennai,2,SAR-S,Saree,web
#1122,08/01/2024,699.00,paid,Tamil Nadu,Chennai,1,PAL-L,Palazzo,web
#1123,29/02/2024,1798.00,paid,Karnataka,Bengaluru,2,KUR-S,Kurta,Instagram
#1124,20/01/2024,1899.00,paid,Karnataka,Mysuru,1,SAR-XL,Saree,WhatsApp
#1124,20/01/2024,699.00,paid,Karnataka,Mysuru,1,PAL-L,Palazzo,WhatsApp
#1125,23/03/2024,699.00,paid,Delhi,New Delhi,1,PAL-XL,Palazzo,Instagram
#1126,28/03/2024,898.00,paid,Tamil Nadu,Chennai,2,DUP-L,Dupatta,WhatsApp
#1126,28/03/2024,899.00,paid,Tamil Nadu,Chennai,1,KUR-S,Kurta,WhatsApp
#1126,28/03/2024,3798.00,paid,Tamil Nadu,Chennai,2,SAR-M,Saree,WhatsApp
#1127,07/01/2024,699.00,paid,Tamil Nadu,Chennai,1,PAL-S,Palazzo,Instagram
#1128,15/01/2024,3798.00,paid,Rajasthan,Jaipur,2,SAR-XL,Saree,WhatsApp
#1129,27/03/2024,1899.00,Cancelled,Karnataka,Bengaluru,1,SAR-L,Saree,Instagram
#1130,16/01/2024,1899.00,paid,Tamil Nadu,Chennai,1,SAR-M,Saree,web
#1130,16/01/2024,449.00,paid,Tamil Nadu,Chennai,1,DUP-M,Dupatta,web
#1131,16/02/2024,899.00,paid,Delhi,New Delhi,1,KUR-M,Kurta,Instagram
#1132,13/02/2024,1899.00,paid,Rajasthan,Jaipur,1,SAR-XL,Saree,web
#1133,30/03/2024,599.00,paid,Rajasthan,Udaipur,1,TOP-M,Top,WhatsApp
#1133,30/03/2024,898.00,paid,Rajasthan,Udaipur,2,DUP-L,Dupatta,WhatsApp
#1134,30/01/2024,1899.00,paid,Delhi,New Delhi,1,SAR-L,Saree,web
#1135,29/03/2024,1798.00,Cancelled,Karnataka,Mysuru,2,KUR-M,Kurta,WhatsApp
#1135,29/03/2024,599.00,Cancelled,Karnataka,Mysuru,1,TOP-M,Top,WhatsApp
#1136,10/02/2024,699.00,pending,Maharashtra,Nagpur,1,PAL-M,Palazzo,Instagram
#1137,04/02/2024,699.00,paid,Delhi,New Delhi,1,PAL-S,Palazzo,Instagram
#1138,02/01/2024,5697.00,Cancelled,Uttar Pradesh,Noida,3,SAR-S,Saree,web
#1138,02/01/2024,599.00,Cancelled,Uttar Pradesh,Noida,1,TOP-XL,Top,web
#1138,02/01/2024,899.00,Cancelled,Uttar Pradesh,Noida,1,KUR-M,Kurta,web
#1139,25/03/2024,899.00,paid,Delhi,New Delhi,1,KUR-XL,Kurta,web
#1140,31/03/2024,899.00,pending,Gujarat,Surat,1,KUR-S,Kurta,WhatsApp
#1141,06/02/2024,599.00,paid,Karnataka,Bengaluru,1,TOP-L,Top,web
#1142,16/01/2024,699.00,paid,Gujarat,Surat,1,PAL-S,Palazzo,web
#1143,17/02/2024,1899.00,Cancelled,Karnataka,Bengaluru,1,SAR-S,Saree,web
#1144,26/02/2024,599.00,pending,Telangana,Hyderabad,1,TOP-S,Top,web
#1145,23/02/2024,449.00,paid,Delhi,New Delhi,1,DUP-S,Dupatta,WhatsApp
#1146,10/02/2024,1899.00,paid,Uttar Pradesh,Lucknow,1,SAR-S,Saree,web
#1147,31/03/2024,899.00,paid,Delhi,New Delhi,1,KUR-S,Kurta,Instagram
#1147,31/03/2024,599.00,paid,Delhi,New Delhi,1,TOP-XL,Top,Instagram
#1148,16/03/2024,1899.00,Cancelled,Telangana,Hyderabad,1,SAR-XL,Saree,web
#1149,16/03/2024,449.00,paid,Tamil Nadu,Chennai,1,DUP-S,Dupatta,web
#1150,29/01/2024,1899.00,paid,Maharashtra,Pune,1,SAR-M,Saree,web
#1151,01/01/2024,1899.00,paid,Telangana,Hyderabad,1,SAR-S,Saree,WhatsApp
#1152,21/01/2024,699.00,Cancelled,Delhi,New Delhi,1,PAL-XL,Palazzo,WhatsApp
#1153,21/02/2024,699.00,paid,Telangana,Hyderabad,1,PAL-L,Palazzo,web
#1153,21/02/2024,599.00,paid,Telangana,Hyderabad,1,TOP-M,Top,web
#1154,18/01/2024,1398.00,refunded,Telangana,Hyderabad,2,PAL-L,Palazzo,WhatsApp
#1154,18/01/2024,899.00,refunded,Telangana,Hyderabad,1,KUR-L,Kurta,WhatsApp
#1154,18/01/2024,599.00,refunded,Telangana,Hyderabad,1,TOP-L,Top,WhatsApp
#1155,22/03/2024,449.00,paid,Karnataka,Bengaluru,1,DUP-S,Dupatta,Instagram
#1156,08/02/2024,1899.00,paid,Tamil Nadu,Chennai,1,SAR-XL,Saree,WhatsApp
#1157,12/03/2024,449.00,paid,Maharashtra,Mumbai,1,DUP-M,Dupatta,web
#1157,12/03/2024,699.00,paid,Maharashtra,Mumbai,1,PAL-S,Palazzo,web
#1158,16/01/2024,1899.00,pending,Delhi,New Delhi,1,SAR-S,Saree,WhatsApp
#1159,16/01/2024,699.00,paid,Maharashtra,Mumbai,1,PAL-S,Palazzo,WhatsApp
#1160,13/02/2024,899.00,paid,Tamil Nadu,Coimbatore,1,KUR-M,Kurta,WhatsApp
#1161,03/03/2024,449.00,paid,Kerala,Kochi,1,DUP-M,Dupatta,Instagram
#1162,07/01/2024,899.00,paid,Gujarat,Ahmedabad,1,KUR-L,Kurta,Instagram
#1162,07/01/2024,898.00,paid,Gujarat,Ahmedabad,2,DUP-S,Dupatta,Instagram
#1163,25/03/2024,1398.00,paid,Maharashtra,Mumbai,2,PAL-S,Palazzo,WhatsApp
#1163,25/03/2024,599.00,paid,Maharashtra,Mumbai,1,TOP-L,Top,WhatsApp
#1163,25/03/2024,1899.00,paid,Maharashtra,Mumbai,1,SAR-M,Saree,WhatsApp
#1164,12/03/2024,449.00,paid,Karnataka,Bengaluru,1,DUP-S,Dupatta,WhatsApp
#1164,12/03/2024,599.00,paid,Karnataka,Bengaluru,1,TOP-M,Top,WhatsApp
#1165,08/01/2024,449.00,paid,Delhi,New Delhi,1,DUP-XL,Dupatta,Instagram
#1166,22/01/2024,449.00,paid,Maharashtra,Mumbai,1,DUP-M,Dupatta,Instagram
#1167,01/01/2024,599.00,Cancelled,Rajasthan,Udaipur,1,TOP-L,Top,Instagram
#1168,09/03/2024,1899.00,paid,Maharashtra,Pune,1,SAR-M,Saree,Instagram
#1169,15/03/2024,1899.00,Cancelled,Uttar Pradesh,Lucknow,1,SAR-L,Saree,WhatsApp
#1170,02/01/2024,899.00,Cancelled,Tamil Nadu,Coimbatore,1,KUR-XL,Kurta,web
#1171,04/02/2024,1347.00,paid,Maharashtra,Pune,3,DUP-S,Dupatta,web
#1172,04/03/2024,899.00,paid,Delhi,New Delhi,1,KUR-S,Kurta,Instagram
#1173,01/03/2024,1899.00,paid,Delhi,New Delhi,1,SAR-XL,Saree,WhatsApp
#1174,13/03/2024,599.00,paid,Gujarat,Surat,1,TOP-XL,Top,Instagram
#1175,02/02/2024,699.00,paid,Telangana,Hyderabad,1,PAL-L,Palazzo,web
#1176,28/01/2024,1798.00,paid,West Bengal,Kolkata,2,KUR-L,Kurta,Instagram
#1176,28/01/2024,599.00,paid,West Bengal,Kolkata,1,TOP-S,Top,Instagram
#1177,30/03/2024,1198.00,paid,Maharashtra,Nagpur,2,TOP-M,Top,web
#1178,02/03/2024,1797.00,refunded,Telangana,Hyderabad,3,TOP-L,Top,WhatsApp
#1179,07/03/2024,449.00,paid,Maharashtra,Nagpur,1,DUP-S,Dupatta,WhatsApp
#1180,27/03/2024,449.00,paid,West Bengal,Kolkata,1,DUP-M,Dupatta,Instagram
#1180,27/03/2024,699.00,paid,West Bengal,Kolkata,1,PAL-S,Palazzo,Instagram
#1181,16/03/2024,449.00,paid,Gujarat,Surat,1,DUP-M,Dupatta,Instagram
#1181,16/03/2024,599.00,paid,Gujarat,Surat,1,TOP-XL,Top,Instagram
#1182,14/01/2024,699.00,paid,Tamil Nadu,Coimbatore,1,PAL-S,Palazzo,web
#1183,07/03/2024,1899.00,paid,Tamil Nadu,Coimbatore,1,SAR-L,Saree,WhatsApp
#1183,07/03/2024,699.00,paid,Tamil Nadu,Coimbatore,1,PAL-XL,Palazzo,WhatsApp
#1184,15/01/2024,1899.00,Cancelled,Maharashtra,Mumbai,1,SAR-L,Saree,Instagram
#1185,16/01/2024,898.00,Cancelled,Uttar Pradesh,Lucknow,2,DUP-L,Dupatta,WhatsApp
#1185,16/01/2024,1899.00,Cancelled,Uttar Pradesh,Lucknow,1,SAR-S,Saree,WhatsApp
#1186,06/03/2024,599.00,paid,Rajasthan,Jaipur,1,TOP-M,Top,Instagram
#1186,06/03/2024,699.00,paid,Rajasthan,Jaipur,1,PAL-L,Palazzo,Instagram
#1187,10/02/2024,899.00,paid,Maharashtra,Mumbai,1,KUR-S,Kurta,Instagram
#1187,10/02/2024,699.00,paid,Maharashtra,Mumbai,1,PAL-L,Palazzo,Instagram
#1188,26/03/2024,898.00,paid,Maharashtra,Pune,2,DUP-XL,Dupatta,WhatsApp
#1188,26/03/2024,1899.00,paid,Maharashtra,Pune,1,SAR-M,Saree,WhatsApp
#1189,25/03/2024,1798.00,refunded,Karnataka,Bengaluru,2,KUR-S,Kurta,web
#1190,22/02/2024,699.00,Cancelled,Karnataka,Mysuru,1,PAL-S,Palazzo,Instagram
#1190,22/02/2024,599.00,Cancelled,Karnataka,Mysuru,1,TOP-L,Top,Instagram
#1191,02/02/2024,3798.00,paid,Tamil Nadu,Coimbatore,2,SAR-S,Saree,WhatsApp
#1192,20/03/2024,1198.00,pending,Delhi,New Delhi,2,TOP-M,Top,WhatsApp
#1193,13/02/2024,899.00,paid,Telangana,Hyderabad,1,KUR-XL,Kurta,WhatsApp
#1194,01/01/2024,1798.00,Cancelled,Tamil Nadu,Chennai,2,KUR-S,Kurta,Instagram
#1195,14/01/2024,898.00,paid,Uttar Pradesh,Lucknow,2,DUP-L,Dupatta,web
#1196,30/01/2024,599.00,Cancelled,Maharashtra,Nagpur,1,TOP-M,Top,web
#1197,01/02/2024,1899.00,paid,Telangana,Hyderabad,1,SAR-S,Saree,WhatsApp
#1197,01/02/2024,899.00,paid,Telangana,Hyderabad,1,KUR-M,Kurta,WhatsApp
#1197,01/02/2024,1398.00,paid,Telangana,Hyderabad,2,PAL-L,Palazzo,WhatsApp
#1198,06/03/2024,449.00,paid,West Bengal,Kolkata,1,DUP-L,Dupatta,Instagram
#1198,06/03/2024,899.00,paid,West Bengal,Kolkata,1,KUR-L,Kurta,Instagram
#1199,21/02/2024,699.00,paid,Delhi,New Delhi,1,PAL-S,Palazzo,Instagram
#1200,31/01/2024,449.00,paid,Delhi,New Delhi,1,DUP-L,Dupatta,Instagram
#1201,18/02/2024,1899.00,paid,Maharashtra,Mumbai,1,SAR-XL,Saree,WhatsApp
#1202,08/03/2024,599.00,Cancelled,Karnataka,Mysuru,1,TOP-M,Top,Instagram
#1203,26/03/2024,699.00,pending,Gujarat,Ahmedabad,1,PAL-L,Palazzo,WhatsApp
#1204,11/02/2024,449.00,paid,Maharashtra,Mumbai,1,DUP-XL,Dupatta,Instagram
#1204,11/02/2024,1899.00,paid,Maharashtra,Mumbai,1,SAR-L,Saree,Instagram
#1205,05/03/2024,1198.00,paid,Karnataka,Bengaluru,2,TOP-M,Top,web
#1206,06/03/2024,899.00,paid,Tamil Nadu,Coimbatore,1,KUR-M,Kurta,web
#1207,25/03/2024,599.00,paid,Telangana,Hyderabad,1,TOP-M,Top,WhatsApp
#1208,30/03/2024,1899.00,paid,Karnataka,Mysuru,1,SAR-L,Saree,WhatsApp
#1208,30/03/2024,599.00,paid,Karnataka,Mysuru,1,TOP-L,Top,WhatsApp
#1208,30/03/2024,899.00,paid,Karnataka,Mysuru,1,KUR-S,Kurta,WhatsApp
#1209,04/03/2024,899.00,paid,Delhi,New Delhi,1,KUR-XL,Kurta,Instagram
#1210,31/01/2024,899.00,paid,Gujarat,Ahmedabad,1,KUR-S,Kurta,WhatsApp
#1211,09/02/2024,899.00,paid,Delhi,New Delhi,1,KUR-M,Kurta,web
#1212,12/01/2024,2097.00,Cancelled,Maharashtra,Pune,3,PAL-L,Palazzo,WhatsApp
#1212,12/01/2024,1899.00,Cancelled,Maharashtra,Pune,1,SAR-XL,Saree,WhatsApp
#1213,29/03/2024,599.00,paid,Telangana,Hyderabad,1,TOP-M,Top,WhatsApp
#1214,29/01/2024,1899.00,paid,Maharashtra,Nagpur,1,SAR-L,Saree,Instagram
#1215,11/02/2024,899.00,refunded,Uttar Pradesh,Lucknow,1,KUR-XL,Kurta,Instagram
#1216,17/03/2024,699.00,paid,Maharashtra,Mumbai,1,PAL-XL,Palazzo,web
#1217,14/03/2024,599.00,paid,Tamil Nadu,Coimbatore,1,TOP-M,Top,WhatsApp
#1218,12/02/2024,699.00,pending,Delhi,New Delhi,1,PAL-XL,Palazzo,web
#1219,31/03/2024,449.00,paid,Delhi,New Delhi,1,DUP-M,Dupatta,Instagram
#1220,23/02/2024,1899.00,paid,Uttar Pradesh,Noida,1,SAR-XL,Saree,WhatsApp
#1221,21/01/2024,449.00,paid,Rajasthan,Jaipur,1,DUP-L,Dupatta,Instagram
#1222,29/01/2024,1899.00,paid,Telangana,Hyderabad,1,SAR-S,Saree,WhatsApp
#1223,06/03/2024,1798.00,paid,Kerala,Kochi,2,KUR-M,Kurta,Instagram
#1224,16/02/2024,599.00,paid,Telangana,Hyderabad,1,TOP-M,Top,Instagram
#1224,16/02/2024,1347.00,paid,Telangana,Hyderabad,3,DUP-L,Dupatta,Instagram
#1225,04/01/2024,1899.00,Cancelled,Karnataka,Bengaluru,1,SAR-M,Saree,web
#1226,16/02/2024,899.00,paid,Maharashtra,Mumbai,1,KUR-L,Kurta,web
#1227,06/03/2024,1398.00,paid,Delhi,New Delhi,2,PAL-S,Palazzo,Instagram
#1228,04/01/2024,1198.00,refunded,Telangana,Hyderabad,2,TOP-XL,Top,web
#1228,04/01/2024,899.00,refunded,Telangana,Hyderabad,1,KUR-XL,Kurta,web
#1229,19/01/2024,899.00,paid,Maharashtra,Nagpur,1,KUR-L,Kurta,WhatsApp
#1230,01/03/2024,599.00,refunded,Telangana,Hyderabad,1,TOP-S,Top,WhatsApp
#1231,21/02/2024,1797.00,paid,Gujarat,Ahmedabad,3,TOP-M,Top,web
#1232,24/02/2024,1797.00,refunded,Karnataka,Bengaluru,3,TOP-S,Top,WhatsApp
#1232,24/02/2024,898.00,refunded,Karnataka,Bengaluru,2,DUP-M,Dupatta,WhatsApp
#1233,13/03/2024,599.00,refunded,Karnataka,Mysuru,1,TOP-L,Top,web
#1234,08/03/2024,699.00,paid,Rajasthan,Udaipur,1,PAL-L,Palazzo,Instagram
#1234,08/03/2024,1899.00,paid,Rajasthan,Udaipur,1,SAR-XL,Saree,Instagram
#1235,28/02/2024,699.00,paid,Telangana,Hyderabad,1,PAL-L,Palazzo,Instagram
#1236,23/02/2024,449.00,paid,Maharashtra,Pune,1,DUP-L,Dupatta,WhatsApp
#1237,13/02/2024,1899.00,Cancelled,Gujarat,Surat,1,SAR-M,Saree,Instagram
#1238,05/02/2024,3798.00,paid,Delhi,New Delhi,2,SAR-M,Saree,Instagram
#1239,19/02/2024,1398.00,Cancelled,Tamil Nadu,Chennai,2,PAL-XL,Palazzo,WhatsApp
#1240,22/03/2024,599.00,paid,Karnataka,Mysuru,1,TOP-S,Top,Instagram
#1241,02/03/2024,449.00,Cancelled,Tamil Nadu,Coimbatore,1,DUP-S,Dupatta,Instagram
#1242,04/02/2024,899.00,paid,West Bengal,Kolkata,1,KUR-XL,Kurta,Instagram
#1243,07/01/2024,599.00,Cancelled,Delhi,New Delhi,1,TOP-S,Top,Instagram
#1244,25/03/2024,1899.00,paid,Uttar Pradesh,Lucknow,1,SAR-L,Saree,Instagram
#1245,27/02/2024,599.00,Cancelled,Uttar Pradesh,Lucknow,1,TOP-L,Top,Instagram
#1246,15/01/2024,1899.00,paid,Maharashtra,Pune,1,SAR-XL,Saree,Instagram
#1247,01/01/2024,1899.00,paid,Kerala,Kochi,1,SAR-L,Saree,web
#1247,01/01/2024,599.00,paid,Kerala,Kochi,1,TOP-XL,Top,web
#1248,14/02/2024,3798.00,paid,Maharashtra,Mumbai,2,SAR-S,Saree,WhatsApp
#1249,25/01/2024,898.00,Cancelled,Karnataka,Mysuru,2,DUP-XL,Dupatta,WhatsApp
#1250,18/02/2024,1899.00,paid,Uttar Pradesh,Lucknow,1,SAR-M,Saree,web
#1251,23/01/2024,899.00,Cancelled,Telangana,Hyderabad,1,KUR-XL,Kurta,web
#1252,11/02/2024,599.00,refunded,Maharashtra,Pune,1,TOP-S,Top,WhatsApp
#1253,14/02/2024,449.00,paid,Maharashtra,Nagpur,1,DUP-S,Dupatta,web
#1254,19/01/2024,1899.00,paid,Delhi,New Delhi,1,SAR-M,Saree,WhatsApp
#1255,09/02/2024,599.00,paid,Karnataka,Bengaluru,1,TOP-L,Top,WhatsApp
#1256,21/02/2024,699.00,paid,Karnataka,Mysuru,1,PAL-M,Palazzo,web
#1257,19/02/2024,599.00,paid,Karnataka,Bengaluru,1,TOP-M,Top,web
#1258,27/02/2024,898.00,paid,Telangana,Hyderabad,2,DUP-M,Dupatta,Instagram
#1259,05/03/2024,699.00,paid,Delhi,New Delhi,1,PAL-M,Palazzo,web
#1260,24/02/2024,449.00,paid,Karnataka,Bengaluru,1,DUP-XL,Dupatta,WhatsApp
#1261,25/02/2024,699.00,paid,Maharashtra,Pune,1,PAL-M,Palazzo,Instagram
#1262,24/02/2024,1398.00,paid,Delhi,New Delhi,2,PAL-S,Palazzo,web
#1263,19/01/2024,1899.00,paid,Maharashtra,Mumbai,1,SAR-M,Saree,WhatsApp
#1264,12/01/2024,899.00,pending,Maharashtra,Nagpur,1,KUR-S,Kurta,WhatsApp
#1265,16/03/2024,5697.00,paid,West Bengal,Kolkata,3,SAR-M,Saree,web
#1266,30/03/2024,1899.00,paid,Kerala,Kochi,1,SAR-M,Saree,WhatsApp
#1267,06/01/2024,699.00,paid,Gujarat,Ahmedabad,1,PAL-L,Palazzo,web
#1267,06/01/2024,1899.00,paid,Gujarat,Ahmedabad,1,SAR-L,Saree,web
#1267,06/01/2024,899.00,paid,Gujarat,Ahmedabad,1,KUR-S,Kurta,web
#1268,26/02/2024,449.00,refunded,West Bengal,Kolkata,1,DUP-L,Dupatta,WhatsApp
#1269,06/01/2024,599.00,paid,Karnataka,Bengaluru,1,TOP-M,Top,WhatsApp
#1270,12/01/2024,1899.00,paid,Delhi,New Delhi,1,SAR-XL,Saree,Instagram
#1271,03/03/2024,1899.00,refunded,Gujarat,Ahmedabad,1,SAR-L,Saree,Instagram
#1271,03/03/2024,2097.00,refunded,Gujarat,Ahmedabad,3,PAL-L,Palazzo,Instagram
#1271,03/03/2024,899.00,refunded,Gujarat,Ahmedabad,1,KUR-XL,Kurta,Instagram
#1272,02/02/2024,1899.00,paid,Karnataka,Mysuru,1,SAR-M,Saree,Instagram
#1272,02/02/2024,2097.00,paid,Karnataka,Mysuru,3,PAL-XL,Palazzo,Instagram
#1273,25/03/2024,898.00,paid,Telangana,Hyderabad,2,DUP-M,Dupatta,WhatsApp
#1274,22/03/2024,1899.00,paid,Telangana,Hyderabad,1,SAR-L,Saree,Instagram
#1275,16/02/2024,599.00,paid,Gujarat,Surat,1,TOP-M,Top,web
#1276,07/03/2024,599.00,Cancelled,Karnataka,Bengaluru,1,TOP-S,Top,web
#1276,07/03/2024,3798.00,Cancelled,Karnataka,Bengaluru,2,SAR-L,Saree,web
#1277,22/03/2024,1899.00,paid,Telangana,Hyderabad,1,SAR-XL,Saree,web
#1278,05/01/2024,449.00,paid,Kerala,Kochi,1,DUP-L,Dupatta,web
#1279,26/03/2024,599.00,paid,Gujarat,Ahmedabad,1,TOP-S,Top,Instagram
#1279,26/03/2024,3798.00,paid,Gujarat,Ahmedabad,2,SAR-M,Saree,Instagram
#1280,31/03/2024,449.00,pending,Kerala,Kochi,1,DUP-M,Dupatta,web
#1281,08/02/2024,1398.00,paid,Delhi,New Delhi,2,PAL-XL,Palazzo,WhatsApp
#1282,01/03/2024,1899.00,paid,Telangana,Hyderabad,1,SAR-M,Saree,web
#1283,21/01/2024,599.00,paid,Kerala,Kochi,1,TOP-M,Top,WhatsApp
#1284,22/02/2024,1899.00,Cancelled,Delhi,New Delhi,1,SAR-L,Saree,Instagram
#1285,23/01/2024,3798.00,paid,Karnataka,Bengaluru,2,SAR-S,Saree,Instagram
#1285,23/01/2024,899.00,paid,Karnataka,Bengaluru,1,KUR-L,Kurta,Instagram
#1285,23/01/2024,699.00,paid,Karnataka,Bengaluru,1,PAL-M,Palazzo,Instagram
#1286,02/01/2024,3798.00,Cancelled,Rajasthan,Udaipur,2,SAR-XL,Saree,web
#1287,17/02/2024,449.00,pending,Delhi,New Delhi,1,DUP-L,Dupatta,Instagram
#1288,07/03/2024,899.00,paid,Maharashtra,Mumbai,1,KUR-M,Kurta,WhatsApp
#1288,07/03/2024,699.00,paid,Maharashtra,Mumbai,1,PAL-M,Palazzo,WhatsApp
#1288,07/03/2024,1899.00,paid,Maharashtra,Mumbai,1,SAR-L,Saree,WhatsApp
#1289,31/01/2024,599.00,paid,Telangana,Hyderabad,1,TOP-S,Top,WhatsApp
#1290,01/03/2024,599.00,paid,Maharashtra,Nagpur,1,TOP-L,Top,WhatsApp
#1291,27/03/2024,599.00,paid,Tamil Nadu,Coimbatore,1,TOP-S,Top,web
#1292,10/01/2024,699.00,refunded,Uttar Pradesh,Lucknow,1,PAL-XL,Palazzo,WhatsApp
#1292,10/01/2024,899.00,refunded,Uttar Pradesh,Lucknow,1,KUR-L,Kurta,WhatsApp
#1292,10/01/2024,1899.00,refunded,Uttar Pradesh,Lucknow,1,SAR-XL,Saree,WhatsApp
#1293,05/03/2024,699.00,refunded,Telangana,Hyderabad,1,PAL-S,Palazzo,web
#1294,01/01/2024,899.00,paid,Maharashtra,Mumbai,1,KUR-S,Kurta,WhatsApp
#1295,27/02/2024,1899.00,paid,Maharashtra,Mumbai,1,SAR-S,Saree,Instagram
#1295,27/02/2024,899.00,paid,Maharashtra,Mumbai,1,KUR-XL,Kurta,Instagram
#1296,04/03/2024,898.00,paid,Maharashtra,Pune,2,DUP-XL,Dupatta,web
#1297,31/01/2024,1899.00,paid,Maharashtra,Mumbai,1,SAR-M,Saree,web
#1298,30/03/2024,449.00,paid,Uttar Pradesh,Noida,1,DUP-M,Dupatta,WhatsApp
#1298,30/03/2024,599.00,paid,Uttar Pradesh,Noida,1,TOP-S,Top,WhatsApp
#1299,09/02/2024,699.00,pending,West Bengal,Kolkata,1,PAL-XL,Palazzo,WhatsApp
#1300,08/02/2024,449.00,paid,Telangana,Hyderabad,1,DUP-S,Dupatta,WhatsApp
#1301,04/01/2024,699.00,paid,Maharashtra,Mumbai,1,PAL-S,Palazzo,WhatsApp
#1302,17/02/2024,899.00,refunded,Karnataka,Mysuru,1,KUR-XL,Kurta,Instagram
#1303,04/03/2024,599.00,paid,Uttar Pradesh,Lucknow,1,TOP-L,Top,WhatsApp
#1304,08/01/2024,1899.00,paid,Uttar Pradesh,Lucknow,1,SAR-S,Saree,WhatsApp
#1305,22/02/2024,899.00,paid,West Bengal,Kolkata,1,KUR-S,Kurta,web
#1306,31/01/2024,899.00,Cancelled,West Bengal,Kolkata,1,KUR-XL,Kurta,WhatsApp
#1306,31/01/2024,449.00,Cancelled,West Bengal,Kolkata,1,DUP-XL,Dupatta,WhatsApp
#1307,28/03/2024,449.00,Cancelled,Karnataka,Bengaluru,1,DUP-XL,Dupatta,Instagram
#1307,28/03/2024,899.00,Cancelled,Karnataka,Bengaluru,1,KUR-XL,Kurta,Instagram
#1308,08/01/2024,1198.00,paid,Maharashtra,Pune,2,TOP-L,Top,WhatsApp
#1309,19/01/2024,898.00,Cancelled,Rajasthan,Udaipur,2,DUP-S,Dupatta,WhatsApp
#1309,19/01/2024,699.00,Cancelled,Rajasthan,Udaipur,1,PAL-XL,Palazzo,WhatsApp
#1309,19/01/2024,599.00,Cancelled,Rajasthan,Udaipur,1,TOP-M,Top,WhatsApp
#1310,09/02/2024,1798.00,paid,Kerala,Kochi,2,KUR-L,Kurta,Instagram
#1311,01/02/2024,3798.00,paid,Karnataka,Bengaluru,2,SAR-L,Saree,web
#1312,23/02/2024,449.00,paid,Karnataka,Bengaluru,1,DUP-L,Dupatta,WhatsApp
#1313,21/01/2024,449.00,Cancelled,Maharashtra,Nagpur,1,DUP-S,Dupatta,Instagram
#1314,14/03/2024,599.00,Cancelled,Gujarat,Ahmedabad,1,TOP-L,Top,Instagram
#1314,14/03/2024,699.00,Cancelled,Gujarat,Ahmedabad,1,PAL-XL,Palazzo,Instagram
#1314,14/03/2024,1899.00,Cancelled,Gujarat,Ahmedabad,1,SAR-M,Saree,Instagram
#1315,08/01/2024,899.00,paid,West Bengal,Kolkata,1,KUR-M,Kurta,WhatsApp
#1316,22/01/2024,699.00,paid,Maharashtra,Pune,1,PAL-S,Palazzo,WhatsApp
#1317,17/02/2024,1797.00,paid,Maharashtra,Nagpur,3,TOP-M,Top,web
#1318,04/02/2024,699.00,paid,Tamil Nadu,Coimbatore,1,PAL-M,Palazzo,Instagram
#1319,24/02/2024,599.00,paid,Delhi,New Delhi,1,TOP-M,Top,WhatsApp
#1319,24/02/2024,899.00,paid,Delhi,New Delhi,1,KUR-S,Kurta,WhatsApp
#1320,23/02/2024,599.00,paid,Maharashtra,Nagpur,1,TOP-M,Top,web
#1321,07/01/2024,699.00,paid,Karnataka,Mysuru,1,PAL-M,Palazzo,web
#1322,14/02/2024,899.00,paid,West Bengal,Kolkata,1,KUR-S,Kurta,WhatsApp
#1322,14/02/2024,699.00,paid,West Bengal,Kolkata,1,PAL-L,Palazzo,WhatsApp
#1323,10/01/2024,699.00,paid,Karnataka,Bengaluru,1,PAL-S,Palazzo,WhatsApp
#1323,10/01/2024,599.00,paid,Karnataka,Bengaluru,1,TOP-L,Top,WhatsApp
#1324,04/02/2024,449.00,Cancelled,West Bengal,Kolkata,1,DUP-S,Dupatta,WhatsApp
#1324,04/02/2024,699.00,Cancelled,West Bengal,Kolkata,1,PAL-XL,Palazzo,WhatsApp
#1324,04/02/2024,2697.00,Cancelled,West Bengal,Kolkata,3,KUR-S,Kurta,WhatsApp
#1325,07/02/2024,898.00,pending,Delhi,New Delhi,2,DUP-XL,Dupatta,Instagram
#1325,07/02/2024,599.00,pending,Delhi,New Delhi,1,TOP-M,Top,Instagram
#1326,27/03/2024,699.00,paid,Uttar Pradesh,Noida,1,PAL-XL,Palazzo,WhatsApp
#1327,30/03/2024,898.00,paid,Maharashtra,Nagpur,2,DUP-S,Dupatta,web
#1327,30/03/2024,2697.00,paid,Maharashtra,Nagpur,3,KUR-L,Kurta,web
#1328,20/02/2024,449.00,paid,Delhi,New Delhi,1,DUP-M,Dupatta,Instagram
#1329,28/01/2024,1899.00,paid,Maharashtra,Pune,1,SAR-L,Saree,Instagram
#1330,23/01/2024,1899.00,paid,West Bengal,Kolkata,1,SAR-S,Saree,web
#1330,23/01/2024,449.00,paid,West Bengal,Kolkata,1,DUP-L,Dupatta,web
#1330,23/01/2024,899.00,paid,West Bengal,Kolkata,1,KUR-XL,Kurta,web
#1331,07/01/2024,1398.00,paid,Kerala,Kochi,2,PAL-M,Palazzo,WhatsApp
#1331,07/01/2024,899.00,paid,Kerala,Kochi,1,KUR-L,Kurta,WhatsApp
#1331,07/01/2024,599.00,paid,Kerala,Kochi,1,TOP-M,Top,WhatsApp
#1332,18/02/2024,699.00,pending,Tamil Nadu,Chennai,1,PAL-S,Palazzo,Instagram
#1332,18/02/2024,898.00,pending,Tamil Nadu,Chennai,2,DUP-XL,Dupatta,Instagram
#1333,23/01/2024,449.00,paid,Delhi,New Delhi,1,DUP-L,Dupatta,WhatsApp
#1334,19/03/2024,1198.00,paid,Gujarat,Surat,2,TOP-L,Top,Instagram
#1334,19/03/2024,699.00,paid,Gujarat,Surat,1,PAL-M,Palazzo,Instagram
#1334,19/03/2024,5697.00,paid,Gujarat,Surat,3,SAR-S,Saree,Instagram
#1335,03/02/2024,599.00,paid,Tamil Nadu,Coimbatore,1,TOP-S,Top,WhatsApp
#1336,31/03/2024,1398.00,paid,Gujarat,Surat,2,PAL-XL,Palazzo,Instagram
#1336,31/03/2024,1899.00,paid,Gujarat,Surat,1,SAR-S,Saree,Instagram
#1336,31/03/2024,599.00,paid,Gujarat,Surat,1,TOP-L,Top,Instagram
#1337,05/02/2024,449.00,Cancelled,Delhi,New Delhi,1,DUP-L,Dupatta,WhatsApp
#1338,03/03/2024,699.00,paid,Maharashtra,Nagpur,1,PAL-L,Palazzo,WhatsApp
#1339,18/02/2024,1398.00,Cancelled,Telangana,Hyderabad,2,PAL-XL,Palazzo,Instagram
#1340,11/01/2024,699.00,paid,Kerala,Kochi,1,PAL-L,Palazzo,WhatsApp
#1341,06/02/2024,899.00,paid,Uttar Pradesh,Lucknow,1,KUR-S,Kurta,Instagram
#1342,04/01/2024,599.00,paid,Maharashtra,Mumbai,1,TOP-S,Top,Instagram
#1343,14/01/2024,449.00,paid,Karnataka,Mysuru,1,DUP-M,Dupatta,WhatsApp
#1343,14/01/2024,2697.00,paid,Karnataka,Mysuru,3,KUR-L,Kurta,WhatsApp
#1344,19/03/2024,449.00,paid,West Bengal,Kolkata,1,DUP-L,Dupatta,web
#1345,29/03/2024,3798.00,paid,Tamil Nadu,Chennai,2,SAR-S,Saree,web
#1346,29/02/2024,1198.00,Cancelled,Tamil Nadu,Coimbatore,2,TOP-M,Top,web
#1346,29/02/2024,449.00,Cancelled,Tamil Nadu,Coimbatore,1,DUP-S,Dupatta,web
#1346,29/02/2024,699.00,Cancelled,Tamil Nadu,Coimbatore,1,PAL-XL,Palazzo,web
#1347,18/03/2024,449.00,paid,Karnataka,Mysuru,1,DUP-S,Dupatta,web
#1348,07/02/2024,699.00,paid,West Bengal,Kolkata,1,PAL-XL,Palazzo,web
#1348,07/02/2024,449.00,paid,West Bengal,Kolkata,1,DUP-XL,Dupatta,web
#1348,07/02/2024,899.00,paid,West Bengal,Kolkata,1,KUR-XL,Kurta,web
#1349,19/03/2024,699.00,paid,Maharashtra,Nagpur,1,PAL-XL,Palazzo,WhatsApp
#1349,19/03/2024,449.00,paid,Maharashtra,Nagpur,1,DUP-L,Dupatta,WhatsApp
#1350,09/01/2024,1899.00,paid,Telangana,Hyderabad,1,SAR-XL,Saree,web
#1350,09/01/2024,1198.00,paid,Telangana,Hyderabad,2,TOP-M,Top,web
#1351,04/02/2024,449.00,paid,Telangana,Hyderabad,1,DUP-XL,Dupatta,web
#1352,24/01/2024,1899.00,Cancelled,Karnataka,Mysuru,1,SAR-S,Saree,Instagram
#1352,24/01/2024,699.00,Cancelled,Karnataka,Mysuru,1,PAL-XL,Palazzo,Instagram
#1353,27/02/2024,699.00,refunded,Uttar Pradesh,Noida,1,PAL-XL,Palazzo,Instagram
#1353,27/02/2024,1899.00,refunded,Uttar Pradesh,Noida,1,SAR-L,Saree,Instagram
#1354,10/03/2024,599.00,paid,Maharashtra,Mumbai,1,TOP-XL,Top,Instagram
#1354,10/03/2024,899.00,paid,Maharashtra,Mumbai,1,KUR-XL,Kurta,Instagram
#1354,10/03/2024,699.00,paid,Maharashtra,Mumbai,1,PAL-L,Palazzo,Instagram
#1355,28/01/2024,1198.00,refunded,Maharashtra,Mumbai,2,TOP-M,Top,web
#1355,28/01/2024,898.00,refunded,Maharashtra,Mumbai,2,DUP-XL,Dupatta,web
#1355,28/01/2024,2097.00,refunded,Maharashtra,Mumbai,3,PAL-S,Palazzo,web
#1356,18/03/2024,1899.00,Cancelled,Delhi,New Delhi,1,SAR-XL,Saree,Instagram
#1357,26/02/2024,1899.00,paid,Maharashtra,Mumbai,1,SAR-S,Saree,Instagram
#1357,26/02/2024,449.00,paid,Maharashtra,Mumbai,1,DUP-M,Dupatta,Instagram
#1358,11/02/2024,699.00,paid,Telangana,Hyderabad,1,PAL-S,Palazzo,Instagram
#1358,11/02/2024,899.00,paid,Telangana,Hyderabad,1,KUR-S,Kurta,Instagram
#1359,25/01/2024,1899.00,paid,Tamil Nadu,Chennai,1,SAR-S,Saree,WhatsApp
#1359,25/01/2024,599.00,paid,Tamil Nadu,Chennai,1,TOP-M,Top,WhatsApp
#1360,09/03/2024,3798.00,paid,Karnataka,Mysuru,2,SAR-M,Saree,web
#1361,23/02/2024,699.00,paid,Delhi,New Delhi,1,PAL-M,Palazzo,web
#1361,23/02/2024,1899.00,paid,Delhi,New Delhi,1,SAR-S,Saree,web
#1362,14/02/2024,699.00,paid,Uttar Pradesh,Noida,1,PAL-S,Palazzo,WhatsApp
#1362,14/02/2024,1899.00,paid,Uttar Pradesh,Noida,1,SAR-XL,Saree,WhatsApp
#1363,06/03/2024,899.00,paid,Kerala,Kochi,1,KUR-XL,Kurta,web
#1363,06/03/2024,699.00,paid,Kerala,Kochi,1,PAL-XL,Palazzo,web
#1363,06/03/2024,599.00,paid,Kerala,Kochi,1,TOP-S,Top,web
#1364,22/03/2024,599.00,paid,Maharashtra,Mumbai,1,TOP-L,Top,Instagram
#1365,04/02/2024,1398.00,paid,Karnataka,Mysuru,2,PAL-M,Palazzo,WhatsApp
#1366,18/01/2024,599.00,paid,Uttar Pradesh,Noida,1,TOP-XL,Top,WhatsApp
#1366,18/01/2024,1899.00,paid,Uttar Pradesh,Noida,1,SAR-L,Saree,WhatsApp
#1366,18/01/2024,699.00,paid,Uttar Pradesh,Noida,1,PAL-M,Palazzo,WhatsApp
#1367,09/01/2024,599.00,paid,Tamil Nadu,Coimbatore,1,TOP-L,Top,Instagram
#1368,25/01/2024,699.00,paid,Maharashtra,Pune,1,PAL-S,Palazzo,WhatsApp
#1369,19/01/2024,1899.00,pending,West Bengal,Kolkata,1,SAR-S,Saree,Instagram
#1370,25/01/2024,699.00,Cancelled,Maharashtra,Pune,1,PAL-S,Palazzo,WhatsApp
#1371,24/01/2024,899.00,Cancelled,Gujarat,Ahmedabad,1,KUR-S,Kurta,Instagram
#1371,24/01/2024,699.00,Cancelled,Gujarat,Ahmedabad,1,PAL-M,Palazzo,Instagram
#1371,24/01/2024,1899.00,Cancelled,Gujarat,Ahmedabad,1,SAR-S,Saree,Instagram
#1372,27/02/2024,449.00,Cancelled,Maharashtra,Mumbai,1,DUP-S,Dupatta,web
#1372,27/02/2024,699.00,Cancelled,Maharashtra,Mumbai,1,PAL-S,Palazzo,web
#1373,04/03/2024,899.00,paid,Rajasthan,Udaipur,1,KUR-S,Kurta,web
#1374,09/03/2024,1899.00,paid,Delhi,New Delhi,1,SAR-XL,Saree,web
#1375,08/01/2024,699.00,refunded,Delhi,New Delhi,1,PAL-L,Palazzo,Instagram
#1375,08/01/2024,899.00,refunded,Delhi,New Delhi,1,KUR-M,Kurta,Instagram
#1376,07/03/2024,699.00,paid,Uttar Pradesh,Noida,1,PAL-L,Palazzo,Instagram
#1376,07/03/2024,1899.00,paid,Uttar Pradesh,Noida,1,SAR-XL,Saree,Instagram
#1376,07/03/2024,449.00,paid,Uttar Pradesh,Noida,1,DUP-M,Dupatta,Instagram
#1377,06/03/2024,699.00,paid,Telangana,Hyderabad,1,PAL-L,Palazzo,web
#1377,06/03/2024,899.00,paid,Telangana,Hyderabad,1,KUR-M,Kurta,web
#1378,02/01/2024,599.00,pending,Maharashtra,Mumbai,1,TOP-M,Top,Instagram
#1379,17/02/2024,1798.00,paid,Maharashtra,Pune,2,KUR-M,Kurta,WhatsApp
#1380,29/02/2024,1899.00,paid,Uttar Pradesh,Lucknow,1,SAR-XL,Saree,Instagram
#1380,29/02/2024,449.00,paid,Uttar Pradesh,Lucknow,1,DUP-XL,Dupatta,Instagram
#1381,20/03/2024,449.00,paid,West Bengal,Kolkata,1,DUP-S,Dupatta,web
#1381,20/03/2024,899.00,paid,West Bengal,Kolkata,1,KUR-L,Kurta,web
#1382,13/03/2024,899.00,paid,Tamil Nadu,Coimbatore,1,KUR-XL,Kurta,Instagram
#1382,13/03/2024,699.00,paid,Tamil Nadu,Coimbatore,1,PAL-L,Palazzo,Instagram
#1383,02/02/2024,449.00,paid,Delhi,New Delhi,1,DUP-M,Dupatta,WhatsApp
#1384,09/02/2024,699.00,paid,Rajasthan,Jaipur,1,PAL-S,Palazzo,web
#1384,09/02/2024,898.00,paid,Rajasthan,Jaipur,2,DUP-XL,Dupatta,web
#1384,09/02/2024,899.00,paid,Rajasthan,Jaipur,1,KUR-XL,Kurta,web
#1385,12/03/2024,599.00,refunded,Kerala,Kochi,1,TOP-L,Top,WhatsApp
#1386,02/02/2024,599.00,paid,Delhi,New Delhi,1,TOP-XL,Top,web
#1387,04/01/2024,898.00,paid,Karnataka,Bengaluru,2,DUP-XL,Dupatta,web
#1388,13/01/2024,599.00,paid,Delhi,New Delhi,1,TOP-L,Top,Instagram
#1388,13/01/2024,899.00,paid,Delhi,New Delhi,1,KUR-S,Kurta,Instagram
#1389,06/02/2024,699.00,paid,Kerala,Kochi,1,PAL-XL,Palazzo,web
#1390,25/01/2024,449.00,pending,Karnataka,Bengaluru,1,DUP-S,Dupatta,web
#1391,07/01/2024,899.00,paid,Maharashtra,Pune,1,KUR-L,Kurta,Instagram
#1391,07/01/2024,449.00,paid,Maharashtra,Pune,1,DUP-L,Dupatta,Instagram
#1392,10/02/2024,599.00,paid,Tamil Nadu,Coimbatore,1,TOP-L,Top,Instagram
#1393,05/03/2024,2697.00,paid,Gujarat,Ahmedabad,3,KUR-XL,Kurta,web
#1393,05/03/2024,449.00,paid,Gujarat,Ahmedabad,1,DUP-M,Dupatta,web
#1394,13/02/2024,1899.00,paid,Telangana,Hyderabad,1,SAR-XL,Saree,Instagram
#1395,18/03/2024,1398.00,paid,Tamil Nadu,Coimbatore,2,PAL-L,Palazzo,WhatsApp
#1395,18/03/2024,599.00,paid,Tamil Nadu,Coimbatore,1,TOP-XL,Top,WhatsApp
#1396,23/02/2024,898.00,paid,Maharashtra,Mumbai,2,DUP-XL,Dupatta,web
#1397,14/03/2024,1899.00,paid,Delhi,New Delhi,1,SAR-XL,Saree,web
#1398,06/02/2024,599.00,paid,Delhi,New Delhi,1,TOP-L,Top,web
#1399,27/03/2024,599.00,paid,West Bengal,Kolkata,1,TOP-M,Top,Instagram
#1400,04/03/2024,899.00,paid,Kerala,Kochi,1,KUR-S,Kurta,WhatsApp
#1401,24/02/2024,699.00,paid,Gujarat,Surat,1,PAL-S,Palazzo,web
#1402,05/03/2024,1798.00,pending,Maharashtra,Mumbai,2,KUR-M,Kurta,WhatsApp
#1403,17/03/2024,899.00,paid,Maharashtra,Pune,1,KUR-S,Kurta,Instagram
#1404,03/03/2024,599.00,paid,Karnataka,Bengaluru,1,TOP-M,Top,web
#1405,22/03/2024,899.00,paid,Telangana,Hyderabad,1,KUR-S,Kurta,WhatsApp
#1406,07/01/2024,899.00,paid,Tamil Nadu,Chennai,1,KUR-S,Kurta,WhatsApp
#1407,02/03/2024,1398.00,paid,Telangana,Hyderabad,2,PAL-S,Palazzo,Instagram
#1408,14/01/2024,449.00,paid,Delhi,New Delhi,1,DUP-L,Dupatta,web
#1408,14/01/2024,699.00,paid,Delhi,New Delhi,1,PAL-S,Palazzo,web
#1408,14/01/2024,1899.00,paid,Delhi,New Delhi,1,SAR-S,Saree,web
#1409,27/01/2024,699.00,paid,Telangana,Hyderabad,1,PAL-XL,Palazzo,Instagram
#1409,27/01/2024,1899.00,paid,Telangana,Hyderabad,1,SAR-M,Saree,Instagram
#1409,27/01/2024,449.00,paid,Telangana,Hyderabad,1,DUP-XL,Dupatta,Instagram
#1410,01/02/2024,699.00,paid,Karnataka,Mysuru,1,PAL-XL,Palazzo,WhatsApp
#1411,24/03/2024,1899.00,paid,Delhi,New Delhi,1,SAR-M,Saree,WhatsApp
#1412,24/03/2024,599.00,paid,Karnataka,Mysuru,1,TOP-M,Top,web
#1413,22/01/2024,699.00,pending,Telangana,Hyderabad,1,PAL-XL,Palazzo,WhatsApp
#1414,11/03/2024,1899.00,paid,Gujarat,Ahmedabad,1,SAR-S,Saree,web
#1415,17/03/2024,899.00,paid,Karnataka,Bengaluru,1,KUR-XL,Kurta,Instagram
#1416,03/03/2024,449.00,paid,Telangana,Hyderabad,1,DUP-S,Dupatta,WhatsApp
#1417,11/02/2024,1899.00,paid,Kerala,Kochi,1,SAR-L,Saree,Instagram
#1418,02/01/2024,899.00,paid,Maharashtra,Pune,1,KUR-XL,Kurta,Instagram
#1418,02/01/2024,1899.00,paid,Maharashtra,Pune,1,SAR-S,Saree,Instagram
#1419,15/03/2024,899.00,paid,Gujarat,Ahmedabad,1,KUR-S,Kurta,web
#1419,15/03/2024,449.00,paid,Gujarat,Ahmedabad,1,DUP-S,Dupatta,web
#1420,14/03/2024,1899.00,paid,Telangana,Hyderabad,1,SAR-L,Saree,Instagram
#1421,29/02/2024,3798.00,paid,Gujarat,Ahmedabad,2,SAR-XL,Saree,web
#1422,07/03/2024,449.00,paid,Uttar Pradesh,Noida,1,DUP-L,Dupatta,web
#1423,23/02/2024,699.00,paid,Tamil Nadu,Chennai,1,PAL-XL,Palazzo,Instagram
#1424,31/01/2024,449.00,Cancelled,Maharashtra,Pune,1,DUP-M,Dupatta,web
#1425,22/02/2024,699.00,paid,Uttar Pradesh,Lucknow,1,PAL-XL,Palazzo,Instagram
#1425,22/02/2024,1798.00,paid,Uttar Pradesh,Lucknow,2,KUR-S,Kurta,Instagram
#1426,31/01/2024,699.00,paid,Delhi,New Delhi,1,PAL-S,Palazzo,Instagram
#1426,31/01/2024,599.00,paid,Delhi,New Delhi,1,TOP-S,Top,Instagram
#1427,17/02/2024,449.00,paid,Rajasthan,Jaipur,1,DUP-S,Dupatta,Instagram
#1428,26/03/2024,1198.00,paid,Karnataka,Mysuru,2,TOP-S,Top,web
#1429,06/01/2024,899.00,paid,Delhi,New Delhi,1,KUR-M,Kurta,Instagram
#1429,06/01/2024,1398.00,paid,Delhi,New Delhi,2,PAL-M,Palazzo,Instagram
#1430,08/01/2024,699.00,paid,Rajasthan,Jaipur,1,PAL-L,Palazzo,web
#1431,24/03/2024,1899.00,pending,West Bengal,Kolkata,1,SAR-L,Saree,WhatsApp
#1432,24/03/2024,599.00,paid,Maharashtra,Nagpur,1,TOP-M,Top,web
#1432,24/03/2024,1899.00,paid,Maharashtra,Nagpur,1,SAR-L,Saree,web
#1433,19/02/2024,449.00,paid,Telangana,Hyderabad,1,DUP-M,Dupatta,WhatsApp
#1434,04/01/2024,1347.00,paid,West Bengal,Kolkata,3,DUP-M,Dupatta,WhatsApp
#1434,04/01/2024,1899.00,paid,West Bengal,Kolkata,1,SAR-L,Saree,WhatsApp
#1435,26/03/2024,1899.00,paid,Maharashtra,Nagpur,1,SAR-M,Saree,Instagram
#1436,10/02/2024,699.00,paid,Telangana,Hyderabad,1,PAL-L,Palazzo,web
#1436,10/02/2024,1798.00,paid,Telangana,Hyderabad,2,KUR-S,Kurta,web
#1437,21/02/2024,1798.00,paid,Telangana,Hyderabad,2,KUR-L,Kurta,WhatsApp
#1437,21/02/2024,449.00,paid,Telangana,Hyderabad,1,DUP-L,Dupatta,WhatsApp
#1438,07/01/2024,899.00,paid,Karnataka,Bengaluru,1,KUR-L,Kurta,Instagram
#1439,27/01/2024,1899.00,paid,Karnataka,Bengaluru,1,SAR-S,Saree,WhatsApp
#1440,28/02/2024,1797.00,paid,Delhi,New Delhi,3,TOP-M,Top,WhatsApp
#1441,24/02/2024,599.00,Cancelled,Telangana,Hyderabad,1,TOP-S,Top,Instagram
#1442,26/02/2024,1899.00,paid,Karnataka,Mysuru,1,SAR-XL,Saree,web
#1442,26/02/2024,2097.00,paid,Karnataka,Mysuru,3,PAL-S,Palazzo,web
#1443,08/01/2024,1198.00,pending,Uttar Pradesh,Noida,2,TOP-L,Top,web
#1444,25/01/2024,899.00,paid,Maharashtra,Mumbai,1,KUR-XL,Kurta,web
#1445,30/01/2024,599.00,paid,Gujarat,Ahmedabad,1,TOP-L,Top,WhatsApp
#1446,06/01/2024,699.00,paid,Maharashtra,Mumbai,1,PAL-M,Palazzo,WhatsApp
#1446,06/01/2024,449.00,paid,Maharashtra,Mumbai,1,DUP-M,Dupatta,WhatsApp
#1447,13/02/2024,599.00,paid,Telangana,Hyderabad,1,TOP-XL,Top,Instagram
#1448,09/02/2024,1198.00,paid,Tamil Nadu,Coimbatore,2,TOP-XL,Top,web
#1449,12/01/2024,899.00,paid,Rajasthan,Udaipur,1,KUR-L,Kurta,Instagram
#1450,21/03/2024,1899.00,paid,Kerala,Kochi,1,SAR-M,Saree,WhatsApp
#1451,18/02/2024,449.00,paid,Telangana,Hyderabad,1,DUP-XL,Dupatta,web
#1452,05/01/2024,699.00,paid,Gujarat,Ahmedabad,1,PAL-L,Palazzo,web
#1453,15/03/2024,699.00,paid,Delhi,New Delhi,1,PAL-XL,Palazzo,WhatsApp
#1454,15/03/2024,599.00,paid,Gujarat,Surat,1,TOP-XL,Top,Instagram
#1455,29/01/2024,1899.00,paid,Gujarat,Surat,1,SAR-M,Saree,web
#1456,15/01/2024,449.00,paid,Karnataka,Mysuru,1,DUP-L,Dupatta,Instagram
#1457,09/02/2024,1899.00,paid,Rajasthan,Udaipur,1,SAR-XL,Saree,WhatsApp
#1458,13/01/2024,899.00,paid,Gujarat,Ahmedabad,1,KUR-M,Kurta,WhatsApp
#1458,13/01/2024,1398.00,paid,Gujarat,Ahmedabad,2,PAL-M,Palazzo,WhatsApp
#1459,05/03/2024,1398.00,paid,Gujarat,Ahmedabad,2,PAL-XL,Palazzo,WhatsApp
#1460,05/01/2024,2697.00,paid,Delhi,New Delhi,3,KUR-S,Kurta,Instagram
#1460,05/01/2024,599.00,paid,Delhi,New Delhi,1,TOP-S,Top,Instagram
#1460,05/01/2024,449.00,paid,Delhi,New Delhi,1,DUP-S,Dupatta,Instagram
#1461,02/03/2024,898.00,paid,Rajasthan,Jaipur,2,DUP-M,Dupatta,Instagram
#1462,23/03/2024,599.00,paid,Telangana,Hyderabad,1,TOP-XL,Top,web
#1463,09/01/2024,899.00,paid,Maharashtra,Mumbai,1,KUR-M,Kurta,Instagram
#1463,09/01/2024,449.00,paid,Maharashtra,Mumbai,1,DUP-XL,Dupatta,Instagram
#1464,06/01/2024,449.00,pending,Maharashtra,Pune,1,DUP-M,Dupatta,web
#1465,20/02/2024,899.00,refunded,Telangana,Hyderabad,1,KUR-M,Kurta,Instagram
#1466,12/02/2024,1899.00,paid,Maharashtra,Nagpur,1,SAR-S,Saree,web
#1467,22/03/2024,1899.00,paid,West Bengal,Kolkata,1,SAR-M,Saree,Instagram
#1467,22/03/2024,599.00,paid,West Bengal,Kolkata,1,TOP-L,Top,Instagram
#1468,09/03/2024,699.00,pending,Tamil Nadu,Chennai,1,PAL-M,Palazzo,web
#1469,25/03/2024,1899.00,paid,Rajasthan,Udaipur,1,SAR-L,Saree,WhatsApp
#1470,31/01/2024,899.00,paid,Karnataka,Mysuru,1,KUR-XL,Kurta,WhatsApp
#1470,31/01/2024,1797.00,paid,Karnataka,Mysuru,3,TOP-S,Top,WhatsApp
#1471,04/01/2024,449.00,pending,Gujarat,Ahmedabad,1,DUP-XL,Dupatta,WhatsApp
#1471,04/01/2024,599.00,pending,Gujarat,Ahmedabad,1,TOP-S,Top,WhatsApp
#1471,04/01/2024,899.00,pending,Gujarat,Ahmedabad,1,KUR-L,Kurta,WhatsApp
#1472,09/03/2024,1899.00,pending,Karnataka,Bengaluru,1,SAR-XL,Saree,WhatsApp
#1473,20/01/2024,899.00,paid,Rajasthan,Udaipur,1,KUR-S,Kurta,WhatsApp
#1474,06/03/2024,1899.00,Cancelled,Karnataka,Bengaluru,1,SAR-S,Saree,Instagram
#1474,06/03/2024,1798.00,Cancelled,Karnataka,Bengaluru,2,KUR-M,Kurta,Instagram
#1474,06/03/2024,599.00,Cancelled,Karnataka,Bengaluru,1,TOP-S,Top,Instagram
#1475,10/03/2024,899.00,Cancelled,Tamil Nadu,Coimbatore,1,KUR-XL,Kurta,Instagram
#1476,25/01/2024,699.00,paid,Tamil Nadu,Coimbatore,1,PAL-S,Palazzo,Instagram
#1477,25/03/2024,599.00,paid,Karnataka,Bengaluru,1,TOP-S,Top,Instagram
#1478,15/02/2024,1899.00,paid,Telangana,Hyderabad,1,SAR-M,Saree,web
#1479,13/03/2024,449.00,Cancelled,Delhi,New Delhi,1,DUP-S,Dupatta,Instagram
#1480,07/03/2024,1899.00,paid,Telangana,Hyderabad,1,SAR-L,Saree,Instagram
#1481,19/03/2024,699.00,paid,Delhi,New Delhi,1,PAL-L,Palazzo,web
#1482,01/01/2024,898.00,paid,Rajasthan,Jaipur,2,DUP-L,Dupatta,Instagram
#1483,01/03/2024,699.00,paid,Delhi,New Delhi,1,PAL-S,Palazzo,WhatsApp
#1483,01/03/2024,1899.00,paid,Delhi,New Delhi,1,SAR-M,Saree,WhatsApp
#1483,01/03/2024,898.00,paid,Delhi,New Delhi,2,DUP-S,Dupatta,WhatsApp
#1484,02/01/2024,899.00,paid,Telangana,Hyderabad,1,KUR-M,Kurta,WhatsApp
#1485,07/02/2024,1899.00,pending,Karnataka,Bengaluru,1,SAR-M,Saree,web
#1485,07/02/2024,1798.00,pending,Karnataka,Bengaluru,2,KUR-XL,Kurta,web
#1486,21/03/2024,699.00,paid,Rajasthan,Udaipur,1,PAL-M,Palazzo,Instagram
#1487,24/02/2024,1347.00,paid,Telangana,Hyderabad,3,DUP-S,Dupatta,WhatsApp
#1487,24/02/2024,899.00,paid,Telangana,Hyderabad,1,KUR-M,Kurta,WhatsApp
#1488,12/03/2024,899.00,pending,Kerala,Kochi,1,KUR-L,Kurta,Instagram
#1489,02/02/2024,1899.00,pending,Telangana,Hyderabad,1,SAR-XL,Saree,web
#1490,04/02/2024,898.00,pending,Tamil Nadu,Coimbatore,2,DUP-L,Dupatta,web
#1490,04/02/2024,599.00,pending,Tamil Nadu,Coimbatore,1,TOP-M,Top,web
#1491,03/01/2024,1899.00,paid,Karnataka,Mysuru,1,SAR-M,Saree,web
#1492,07/02/2024,1198.00,paid,West Bengal,Kolkata,2,TOP-XL,Top,web
#1493,09/02/2024,699.00,paid,Gujarat,Ahmedabad,1,PAL-S,Palazzo,Instagram
#1493,09/02/2024,899.00,paid,Gujarat,Ahmedabad,1,KUR-M,Kurta,Instagram
#1493,09/02/2024,599.00,paid,Gujarat,Ahmedabad,1,TOP-L,Top,Instagram
#1494,02/02/2024,1198.00,paid,Maharashtra,Nagpur,2,TOP-XL,Top,WhatsApp
#1495,02/02/2024,599.00,paid,Delhi,New Delhi,1,TOP-S,Top,Instagram
#1496,06/01/2024,1899.00,Cancelled,Karnataka,Bengaluru,1,SAR-L,Saree,Instagram
#1496,06/01/2024,449.00,Cancelled,Karnataka,Bengaluru,1,DUP-XL,Dupatta,Instagram
#1497,22/03/2024,899.00,refunded,Maharashtra,Mumbai,1,KUR-XL,Kurta,web
#1498,31/01/2024,1899.00,pending,Maharashtra,Mumbai,1,SAR-S,Saree,WhatsApp
#1498,31/01/2024,599.00,pending,Maharashtra,Mumbai,1,TOP-S,Top,WhatsApp
#1498,31/01/2024,449.00,pending,Maharashtra,Mumbai,1,DUP-M,Dupatta,WhatsApp
#1499,06/03/2024,449.00,Cancelled,Telangana,Hyderabad,1,DUP-M,Dupatta,Instagram
#1499,06/03/2024,699.00,Cancelled,Telangana,Hyderabad,1,PAL-M,Palazzo,Instagram
#1500,19/03/2024,899.00,paid,Tamil Nadu,Coimbatore,1,KUR-L,Kurta,WhatsApp
#1501,25/02/2024,5697.00,paid,Rajasthan,Jaipur,3,SAR-L,Saree,WhatsApp
#1501,25/02/2024,899.00,paid,Rajasthan,Jaipur,1,KUR-XL,Kurta,WhatsApp
#1502,07/03/2024,3798.00,Cancelled,Karnataka,Mysuru,2,SAR-XL,Saree,WhatsApp
#1503,09/03/2024,599.00,paid,Gujarat,Surat,1,TOP-S,Top,WhatsApp
#1504,27/01/2024,1899.00,paid,Tamil Nadu,Coimbatore,1,SAR-S,Saree,web
#1504,27/01/2024,1198.00,paid,Tamil Nadu,Coimbatore,2,TOP-L,Top,web
#1505,03/02/2024,599.00,refunded,Delhi,New Delhi,1,TOP-M,Top,Instagram
#1506,18/03/2024,899.00,pending,Maharashtra,Pune,1,KUR-S,Kurta,WhatsApp
#1507,13/03/2024,899.00,paid,Tamil Nadu,Coimbatore,1,KUR-L,Kurta,WhatsApp
#1508,29/03/2024,1899.00,paid,Maharashtra,Mumbai,1,SAR-M,Saree,WhatsApp
#1508,29/03/2024,1198.00,paid,Maharashtra,Mumbai,2,TOP-M,Top,WhatsApp
#1509,02/02/2024,449.00,Cancelled,West Bengal,Kolkata,1,DUP-M,Dupatta,Instagram
#1510,21/01/2024,599.00,paid,Uttar Pradesh,Lucknow,1,TOP-M,Top,WhatsApp
#1510,21/01/2024,699.00,paid,Uttar Pradesh,Lucknow,1,PAL-XL,Palazzo,WhatsApp
#1511,24/03/2024,449.00,paid,Rajasthan,Udaipur,1,DUP-S,Dupatta,web
#1512,01/01/2024,599.00,paid,Telangana,Hyderabad,1,TOP-L,Top,web
#1513,01/02/2024,599.00,pending,Delhi,New Delhi,1,TOP-S,Top,WhatsApp
#1514,28/03/2024,449.00,paid,Telangana,Hyderabad,1,DUP-M,Dupatta,Instagram
#1515,27/02/2024,3798.00,paid,Rajasthan,Jaipur,2,SAR-S,Saree,WhatsApp
#1515,27/02/2024,899.00,paid,Rajasthan,Jaipur,1,KUR-XL,Kurta,WhatsApp
#1516,01/03/2024,1899.00,paid,Maharashtra,Mumbai,1,SAR-L,Saree,Instagram
#1517,19/03/2024,899.00,Cancelled,Maharashtra,Nagpur,1,KUR-M,Kurta,web
#1518,02/02/2024,449.00,paid,Gujarat,Ahmedabad,1,DUP-M,Dupatta,web
#1519,30/03/2024,1899.00,pending,Telangana,Hyderabad,1,SAR-L,Saree,WhatsApp
#1520,10/02/2024,1398.00,paid,Maharashtra,Pune,2,PAL-L,Palazzo,WhatsApp
#1521,28/03/2024,1899.00,paid,Rajasthan,Udaipur,1,SAR-M,Saree,web
#1521,28/03/2024,1198.00,paid,Rajasthan,Udaipur,2,TOP-S,Top,web
#1522,04/02/2024,2697.00,paid,Uttar Pradesh,Lucknow,3,KUR-S,Kurta,web
#1523,21/02/2024,899.00,paid,Uttar Pradesh,Noida,1,KUR-XL,Kurta,WhatsApp
#1523,21/02/2024,449.00,paid,Uttar Pradesh,Noida,1,DUP-XL,Dupatta,WhatsApp
#1523,21/02/2024,599.00,paid,Uttar Pradesh,Noida,1,TOP-S,Top,WhatsApp
#1524,24/02/2024,899.00,refunded,Karnataka,Bengaluru,1,KUR-XL,Kurta,WhatsApp
#1525,03/01/2024,1899.00,refunded,Gujarat,Surat,1,SAR-L,Saree,web
#1526,22/01/2024,599.00,Cancelled,Karnataka,Mysuru,1,TOP-S,Top,Instagram
#1527,31/03/2024,699.00,Cancelled,Maharashtra,Nagpur,1,PAL-M,Palazzo,Instagram
#1528,16/01/2024,1398.00,paid,Delhi,New Delhi,2,PAL-M,Palazzo,web
#1529,25/03/2024,899.00,paid,Telangana,Hyderabad,1,KUR-M,Kurta,WhatsApp
#1530,27/03/2024,899.00,paid,Delhi,New Delhi,1,KUR-XL,Kurta,WhatsApp
#1531,29/02/2024,1198.00,Cancelled,Delhi,New Delhi,2,TOP-XL,Top,web
#1531,29/02/2024,1347.00,Cancelled,Delhi,New Delhi,3,DUP-XL,Dupatta,web
#1532,28/03/2024,1899.00,paid,West Bengal,Kolkata,1,SAR-L,Saree,Instagram
#1533,13/03/2024,1797.00,paid,Rajasthan,Udaipur,3,TOP-M,Top,web
#1534,07/01/2024,449.00,paid,Karnataka,Mysuru,1,DUP-S,Dupatta,web
#1534,07/01/2024,1198.00,paid,Karnataka,Mysuru,2,TOP-M,Top,web
#1534,07/01/2024,699.00,paid,Karnataka,Mysuru,1,PAL-M,Palazzo,web
#1535,02/03/2024,699.00,paid,Maharashtra,Pune,1,PAL-M,Palazzo,Instagram
#1535,02/03/2024,449.00,paid,Maharashtra,Pune,1,DUP-L,Dupatta,Instagram
#1536,19/02/2024,899.00,paid,Telangana,Hyderabad,1,KUR-L,Kurta,WhatsApp
#1537,17/01/2024,699.00,paid,Rajasthan,Jaipur,1,PAL-XL,Palazzo,WhatsApp
#1538,12/01/2024,899.00,pending,Karnataka,Bengaluru,1,KUR-S,Kurta,Instagram
#1539,04/02/2024,449.00,paid,Rajasthan,Jaipur,1,DUP-L,Dupatta,WhatsApp
#1540,29/02/2024,699.00,paid,Uttar Pradesh,Noida,1,PAL-S,Palazzo,WhatsApp
#1541,22/03/2024,1899.00,paid,Rajasthan,Jaipur,1,SAR-L,Saree,web
#1542,17/02/2024,699.00,paid,Maharashtra,Nagpur,1,PAL-M,Palazzo,web
#1543,21/03/2024,1899.00,Cancelled,Rajasthan,Jaipur,1,SAR-L,Saree,Instagram
#1544,24/01/2024,1398.00,paid,Gujarat,Ahmedabad,2,PAL-S,Palazzo,WhatsApp
#1545,22/01/2024,1899.00,paid,Gujarat,Ahmedabad,1,SAR-S,Saree,web
#1546,04/01/2024,899.00,paid,Tamil Nadu,Chennai,1,KUR-M,Kurta,web
#1546,04/01/2024,1899.00,paid,Tamil Nadu,Chennai,1,SAR-L,Saree,web
#1547,21/01/2024,1198.00,paid,Tamil Nadu,Chennai,2,TOP-S,Top,web
#1548,03/02/2024,699.00,refunded,Maharashtra,Pune,1,PAL-M,Palazzo,web
#1549,22/01/2024,1899.00,paid,Delhi,New Delhi,1,SAR-L,Saree,Instagram
#1550,13/02/2024,1797.00,pending,Kerala,Kochi,3,TOP-XL,Top,Instagram
#1551,20/02/2024,899.00,paid,Tamil Nadu,Chennai,1,KUR-L,Kurta,web
#1552,17/03/2024,1899.00,paid,Rajasthan,Jaipur,1,SAR-S,Saree,WhatsApp
#1553,02/03/2024,898.00,paid,Rajasthan,Udaipur,2,DUP-S,Dupatta,WhatsApp
#1553,02/03/2024,899.00,paid,Rajasthan,Udaipur,1,KUR-S,Kurta,WhatsApp
#1554,09/01/2024,1899.00,paid,Maharashtra,Mumbai,1,SAR-M,Saree,WhatsApp
#1555,02/01/2024,599.00,paid,Telangana,Hyderabad,1,TOP-XL,Top,web
#1556,07/02/2024,699.00,paid,Maharashtra,Mumbai,1,PAL-L,Palazzo,Instagram
#1557,07/02/2024,699.00,paid,West Bengal,Kolkata,1,PAL-M,Palazzo,Instagram
#1557,07/02/2024,899.00,paid,West Bengal,Kolkata,1,KUR-M,Kurta,Instagram
#1557,07/02/2024,599.00,paid,West Bengal,Kolkata,1,TOP-M,Top,Instagram
#1558,28/02/2024,449.00,Cancelled,Gujarat,Surat,1,DUP-M,Dupatta,WhatsApp
#1559,03/02/2024,449.00,paid,Uttar Pradesh,Noida,1,DUP-S,Dupatta,WhatsApp
#1560,21/01/2024,449.00,pending,Tamil Nadu,Coimbatore,1,DUP-XL,Dupatta,web
#1560,21/01/2024,2697.00,pending,Tamil Nadu,Coimbatore,3,KUR-XL,Kurta,web
#1561,14/03/2024,599.00,paid,Rajasthan,Jaipur,1,TOP-S,Top,WhatsApp
#1561,14/03/2024,1899.00,paid,Rajasthan,Jaipur,1,SAR-S,Saree,WhatsApp
#1561,14/03/2024,699.00,paid,Rajasthan,Jaipur,1,PAL-S,Palazzo,WhatsApp
#1562,11/01/2024,449.00,paid,Maharashtra,Mumbai,1,DUP-S,Dupatta,WhatsApp
#1563,16/03/2024,3798.00,paid,Delhi,New Delhi,2,SAR-S,Saree,web
#1563,16/03/2024,449.00,paid,Delhi,New Delhi,1,DUP-XL,Dupatta,web
#1564,12/02/2024,449.00,paid,Rajasthan,Jaipur,1,DUP-S,Dupatta,Instagram
#1564,12/02/2024,1198.00,paid,Rajasthan,Jaipur,2,TOP-S,Top,Instagram
#1565,26/01/2024,599.00,paid,Tamil Nadu,Coimbatore,1,TOP-L,Top,web
#1566,11/03/2024,899.00,paid,Delhi,New Delhi,1,KUR-XL,Kurta,web
#1567,06/01/2024,1398.00,paid,Rajasthan,Udaipur,2,PAL-M,Palazzo,WhatsApp
#1568,09/03/2024,1899.00,pending,Tamil Nadu,Coimbatore,1,SAR-XL,Saree,Instagram
#1569,08/01/2024,899.00,paid,Maharashtra,Pune,1,KUR-M,Kurta,Instagram
#1570,07/02/2024,699.00,Cancelled,Gujarat,Surat,1,PAL-M,Palazzo,web
#1571,15/03/2024,699.00,paid,Maharashtra,Nagpur,1,PAL-S,Palazzo,web
#1572,19/01/2024,1899.00,Cancelled,Maharashtra,Mumbai,1,SAR-XL,Saree,web
#1573,03/01/2024,1899.00,paid,Karnataka,Mysuru,1,SAR-M,Saree,WhatsApp
#1574,01/03/2024,449.00,pending,Delhi,New Delhi,1,DUP-L,Dupatta,Instagram
#1574,01/03/2024,599.00,pending,Delhi,New Delhi,1,TOP-M,Top,Instagram
#1574,01/03/2024,1899.00,pending,Delhi,New Delhi,1,SAR-XL,Saree,Instagram
#1575,17/03/2024,3798.00,refunded,Tamil Nadu,Coimbatore,2,SAR-XL,Saree,web
#1576,11/03/2024,699.00,paid,Tamil Nadu,Chennai,1,PAL-XL,Palazzo,Instagram
#1577,11/02/2024,699.00,Cancelled,Karnataka,Bengaluru,1,PAL-XL,Palazzo,WhatsApp
#1578,28/01/2024,699.00,paid,Tamil Nadu,Chennai,1,PAL-S,Palazzo,WhatsApp
#1579,12/03/2024,449.00,paid,Kerala,Kochi,1,DUP-S,Dupatta,web
#1580,27/03/2024,899.00,pending,Delhi,New Delhi,1,KUR-L,Kurta,WhatsApp
#1581,08/03/2024,599.00,paid,West Bengal,Kolkata,1,TOP-M,Top,web
#1582,22/01/2024,699.00,paid,West Bengal,Kolkata,1,PAL-M,Palazzo,WhatsApp
#1582,22/01/2024,1899.00,paid,West Bengal,Kolkata,1,SAR-L,Saree,WhatsApp
#1582,22/01/2024,599.00,paid,West Bengal,Kolkata,1,TOP-S,Top,WhatsApp
#1583,06/01/2024,899.00,paid,Tamil Nadu,Chennai,1,KUR-M,Kurta,WhatsApp
#1583,06/01/2024,449.00,paid,Tamil Nadu,Chennai,1,DUP-S,Dupatta,WhatsApp
#1583,06/01/2024,2097.00,paid,Tamil Nadu,Chennai,3,PAL-L,Palazzo,WhatsApp
#1584,23/01/2024,699.00,paid,Maharashtra,Nagpur,1,PAL-M,Palazzo,WhatsApp
#1584,23/01/2024,1899.00,paid,Maharashtra,Nagpur,1,SAR-S,Saree,WhatsApp
#1585,23/01/2024,899.00,paid,Gujarat,Surat,1,KUR-L,Kurta,Instagram
#1586,15/01/2024,1899.00,paid,Uttar Pradesh,Lucknow,1,SAR-XL,Saree,web
#1587,08/02/2024,599.00,Cancelled,Maharashtra,Pune,1,TOP-M,Top,web
#1588,27/02/2024,1398.00,paid,Gujarat,Surat,2,PAL-L,Palazzo,Instagram
#1589,20/02/2024,1798.00,paid,Delhi,New Delhi,2,KUR-M,Kurta,Instagram
#1590,29/01/2024,599.00,paid,Gujarat,Surat,1,TOP-M,Top,web
#1591,29/02/2024,599.00,paid,Karnataka,Bengaluru,1,TOP-M,Top,web
#1592,27/02/2024,899.00,paid,Kerala,Kochi,1,KUR-S,Kurta,Instagram
#1592,27/02/2024,599.00,paid,Kerala,Kochi,1,TOP-L,Top,Instagram
#1593,03/03/2024,898.00,Cancelled,Tamil Nadu,Chennai,2,DUP-S,Dupatta,web
#1594,20/03/2024,899.00,paid,Tamil Nadu,Coimbatore,1,KUR-L,Kurta,Instagram
#1595,21/02/2024,899.00,paid,Kerala,Kochi,1,KUR-S,Kurta,WhatsApp
#1596,18/03/2024,1899.00,paid,Tamil Nadu,Coimbatore,1,SAR-M,Saree,web
#1597,19/01/2024,449.00,paid,Maharashtra,Nagpur,1,DUP-XL,Dupatta,Instagram
#1597,19/01/2024,1899.00,paid,Maharashtra,Nagpur,1,SAR-S,Saree,Instagram
#1598,08/02/2024,1347.00,paid,Tamil Nadu,Chennai,3,DUP-XL,Dupatta,WhatsApp
#1599,19/02/2024,899.00,paid,Tamil Nadu,Coimbatore,1,KUR-S,Kurta,web
#1600,19/03/2024,3798.00,pending,Delhi,New Delhi,2,SAR-M,Saree,web
#1601,26/03/2024,1899.00,paid,Kerala,Kochi,1,SAR-L,Saree,WhatsApp
#1602,17/03/2024,699.00,paid,Gujarat,Surat,1,PAL-XL,Palazzo,WhatsApp
#1603,01/01/2024,449.00,paid,Rajasthan,Jaipur,1,DUP-S,Dupatta,web
#1603,01/01/2024,1899.00,paid,Rajasthan,Jaipur,1,SAR-S,Saree,web
#1604,17/02/2024,1899.00,paid,Maharashtra,Pune,1,SAR-XL,Saree,web
#1604,17/02/2024,1797.00,paid,Maharashtra,Pune,3,TOP-S,Top,web
#1605,11/02/2024,899.00,paid,Gujarat,Ahmedabad,1,KUR-XL,Kurta,WhatsApp
#1606,08/01/2024,599.00,paid,Karnataka,Mysuru,1,TOP-M,Top,WhatsApp
#1607,18/01/2024,449.00,paid,Uttar Pradesh,Noida,1,DUP-M,Dupatta,Instagram
#1608,18/02/2024,599.00,pending,Rajasthan,Udaipur,1,TOP-M,Top,WhatsApp
#1609,21/01/2024,1398.00,paid,Rajasthan,Jaipur,2,PAL-XL,Palazzo,Instagram
#1610,07/01/2024,1899.00,paid,Rajasthan,Udaipur,1,SAR-M,Saree,Instagram
#1611,11/02/2024,449.00,paid,Delhi,New Delhi,1,DUP-M,Dupatta,web
#1612,10/03/2024,1899.00,paid,Rajasthan,Udaipur,1,SAR-S,Saree,Instagram
#1613,18/03/2024,1899.00,paid,Rajasthan,Udaipur,1,SAR-M,Saree,web
#1613,18/03/2024,899.00,paid,Rajasthan,Udaipur,1,KUR-S,Kurta,web
#1614,24/01/2024,1899.00,paid,Maharashtra,Nagpur,1,SAR-XL,Saree,Instagram
#1614,24/01/2024,599.00,paid,Maharashtra,Nagpur,1,TOP-L,Top,Instagram
#1615,20/01/2024,599.00,paid,Karnataka,Bengaluru,1,TOP-S,Top,web
#1615,20/01/2024,699.00,paid,Karnataka,Bengaluru,1,PAL-XL,Palazzo,web
#1616,27/02/2024,1899.00,paid,Rajasthan,Udaipur,1,SAR-M,Saree,Instagram
#1617,27/03/2024,1798.00,pending,West Bengal,Kolkata,2,KUR-XL,Kurta,Instagram
#1617,27/03/2024,699.00,pending,West Bengal,Kolkata,1,PAL-M,Palazzo,Instagram
#1618,12/03/2024,1798.00,paid,Maharashtra,Nagpur,2,KUR-M,Kurta,Instagram
#1618,12/03/2024,1899.00,paid,Maharashtra,Nagpur,1,SAR-S,Saree,Instagram
#1619,29/03/2024,449.00,paid,Delhi,New Delhi,1,DUP-M,Dupatta,web
#1620,14/03/2024,2697.00,paid,Maharashtra,Pune,3,KUR-M,Kurta,web
#1620,14/03/2024,599.00,paid,Maharashtra,Pune,1,TOP-XL,Top,web
#1620,14/03/2024,1398.00,paid,Maharashtra,Pune,2,PAL-S,Palazzo,web
#1621,05/03/2024,599.00,paid,Karnataka,Bengaluru,1,TOP-L,Top,Instagram
#1622,22/02/2024,3798.00,paid,Kerala,Kochi,2,SAR-S,Saree,WhatsApp
#1623,04/01/2024,599.00,paid,Uttar Pradesh,Lucknow,1,TOP-L,Top,WhatsApp
#1623,04/01/2024,449.00,paid,Uttar Pradesh,Lucknow,1,DUP-M,Dupatta,WhatsApp
#1623,04/01/2024,699.00,paid,Uttar Pradesh,Lucknow,1,PAL-L,Palazzo,WhatsApp
#1624,07/02/2024,699.00,paid,Delhi,New Delhi,1,PAL-L,Palazzo,Instagram
#1625,28/01/2024,1797.00,paid,Gujarat,Ahmedabad,3,TOP-S,Top,WhatsApp
#1625,28/01/2024,899.00,paid,Gujarat,Ahmedabad,1,KUR-L,Kurta,WhatsApp
#1625,28/01/2024,449.00,paid,Gujarat,Ahmedabad,1,DUP-XL,Dupatta,WhatsApp
#1626,07/02/2024,1899.00,paid,Uttar Pradesh,Lucknow,1,SAR-L,Saree,WhatsApp
#1626,07/02/2024,599.00,paid,Uttar Pradesh,Lucknow,1,TOP-S,Top,WhatsApp
#1627,25/01/2024,699.00,pending,Rajasthan,Udaipur,1,PAL-XL,Palazzo,WhatsApp
#1627,25/01/2024,899.00,pending,Rajasthan,Udaipur,1,KUR-S,Kurta,WhatsApp
#1628,26/02/2024,699.00,Cancelled,Rajasthan,Udaipur,1,PAL-XL,Palazzo,web
#1629,21/03/2024,449.00,paid,Delhi,New Delhi,1,DUP-M,Dupatta,WhatsApp
#1630,20/01/2024,1398.00,Cancelled,Maharashtra,Pune,2,PAL-XL,Palazzo,Instagram
#1631,03/01/2024,899.00,paid,West Bengal,Kolkata,1,KUR-L,Kurta,web
#1631,03/01/2024,449.00,paid,West Bengal,Kolkata,1,DUP-XL,Dupatta,web
#1632,23/02/2024,898.00,paid,Gujarat,Surat,2,DUP-M,Dupatta,WhatsApp
#1632,23/02/2024,1899.00,paid,Gujarat,Surat,1,SAR-XL,Saree,WhatsApp
#1633,19/01/2024,899.00,paid,West Bengal,Kolkata,1,KUR-XL,Kurta,web
#1634,07/02/2024,2097.00,Cancelled,Tamil Nadu,Chennai,3,PAL-S,Palazzo,WhatsApp
#1635,03/01/2024,699.00,paid,Kerala,Kochi,1,PAL-XL,Palazzo,WhatsApp
#1635,03/01/2024,449.00,paid,Kerala,Kochi,1,DUP-XL,Dupatta,WhatsApp
#1636,23/01/2024,699.00,paid,Kerala,Kochi,1,PAL-L,Palazzo,Instagram
#1637,22/03/2024,449.00,pending,Delhi,New Delhi,1,DUP-M,Dupatta,WhatsApp
#1638,19/02/2024,699.00,paid,Delhi,New Delhi,1,PAL-XL,Palazzo,web
#1638,19/02/2024,449.00,paid,Delhi,New Delhi,1,DUP-S,Dupatta,web
#1639,27/03/2024,599.00,paid,Gujarat,Surat,1,TOP-L,Top,WhatsApp
#1640,04/02/2024,1899.00,paid,Karnataka,Bengaluru,1,SAR-XL,Saree,Instagram
#1641,08/01/2024,449.00,refunded,Rajasthan,Jaipur,1,DUP-S,Dupatta,WhatsApp
#1642,09/01/2024,449.00,paid,Uttar Pradesh,Noida,1,DUP-M,Dupatta,Instagram
#1643,19/01/2024,699.00,paid,Gujarat,Surat,1,PAL-S,Palazzo,WhatsApp
#1644,27/03/2024,449.00,pending,Karnataka,Mysuru,1,DUP-S,Dupatta,web
#1644,27/03/2024,699.00,pending,Karnataka,Mysuru,1,PAL-S,Palazzo,web
#1645,20/03/2024,449.00,paid,Rajasthan,Jaipur,1,DUP-M,Dupatta,Instagram
#1646,01/02/2024,899.00,Cancelled,Uttar Pradesh,Lucknow,1,KUR-L,Kurta,WhatsApp
#1647,14/01/2024,1899.00,paid,Karnataka,Bengaluru,1,SAR-S,Saree,web
#1648,26/03/2024,699.00,paid,Tamil Nadu,Coimbatore,1,PAL-XL,Palazzo,Instagram
#1649,18/02/2024,1899.00,paid,Gujarat,Surat,1,SAR-M,Saree,web
#1650,04/01/2024,449.00,paid,West Bengal,Kolkata,1,DUP-M,Dupatta,WhatsApp
#1651,27/02/2024,599.00,paid,Telangana,Hyderabad,1,TOP-XL,Top,Instagram
#1651,27/02/2024,449.00,paid,Telangana,Hyderabad,1,DUP-L,Dupatta,Instagram
#1652,14/02/2024,899.00,paid,Delhi,New Delhi,1,KUR-XL,Kurta,web
#1653,22/01/2024,1899.00,paid,Maharashtra,Nagpur,1,SAR-M,Saree,web
#1654,03/03/2024,899.00,Cancelled,Tamil Nadu,Chennai,1,KUR-L,Kurta,Instagram
#1655,15/03/2024,699.00,paid,Telangana,Hyderabad,1,PAL-S,Palazzo,Instagram
#1656,24/02/2024,1198.00,paid,Rajasthan,Udaipur,2,TOP-M,Top,Instagram
#1657,02/01/2024,449.00,paid,Maharashtra,Mumbai,1,DUP-XL,Dupatta,Instagram
#1658,04/02/2024,1798.00,paid,Maharashtra,Nagpur,2,KUR-M,Kurta,Instagram
#1658,04/02/2024,599.00,paid,Maharashtra,Nagpur,1,TOP-M,Top,Instagram
#1658,04/02/2024,3798.00,paid,Maharashtra,Nagpur,2,SAR-S,Saree,Instagram
#1659,05/01/2024,699.00,paid,Uttar Pradesh,Lucknow,1,PAL-XL,Palazzo,Instagram
#1660,14/02/2024,599.00,Cancelled,Tamil Nadu,Coimbatore,1,TOP-M,Top,WhatsApp
#1660,14/02/2024,1398.00,Cancelled,Tamil Nadu,Coimbatore,2,PAL-M,Palazzo,WhatsApp
#1661,06/01/2024,1899.00,paid,Tamil Nadu,Chennai,1,SAR-S,Saree,web
#1662,28/03/2024,3798.00,paid,Delhi,New Delhi,2,SAR-M,Saree,Instagram
#1662,28/03/2024,699.00,paid,Delhi,New Delhi,1,PAL-XL,Palazzo,Instagram
#1663,22/03/2024,899.00,paid,Karnataka,Bengaluru,1,KUR-M,Kurta,web
#1664,24/01/2024,599.00,pending,Delhi,New Delhi,1,TOP-S,Top,Instagram
#1665,29/01/2024,699.00,paid,Karnataka,Mysuru,1,PAL-S,Palazzo,Instagram
#1666,01/01/2024,899.00,paid,West Bengal,Kolkata,1,KUR-S,Kurta,web
#1666,01/01/2024,1899.00,paid,West Bengal,Kolkata,1,SAR-XL,Saree,web
#1666,01/01/2024,2097.00,paid,West Bengal,Kolkata,3,PAL-M,Palazzo,web
#1667,28/03/2024,1798.00,paid,Telangana,Hyderabad,2,KUR-L,Kurta,web
#1668,16/03/2024,899.00,paid,Tamil Nadu,Coimbatore,1,KUR-M,Kurta,web
#1669,25/02/2024,599.00,paid,Gujarat,Ahmedabad,1,TOP-XL,Top,web
#1669,25/02/2024,1899.00,paid,Gujarat,Ahmedabad,1,SAR-M,Saree,web
#1669,25/02/2024,1798.00,paid,Gujarat,Ahmedabad,2,KUR-S,Kurta,web
#1670,10/02/2024,699.00,paid,Gujarat,Surat,1,PAL-L,Palazzo,Instagram
#1671,01/01/2024,898.00,paid,Delhi,New Delhi,2,DUP-XL,Dupatta,Instagram
#1672,07/01/2024,449.00,paid,Uttar Pradesh,Noida,1,DUP-XL,Dupatta,web
#1673,09/03/2024,699.00,paid,West Bengal,Kolkata,1,PAL-S,Palazzo,Instagram
#1674,13/03/2024,449.00,paid,Karnataka,Bengaluru,1,DUP-L,Dupatta,WhatsApp
#1674,13/03/2024,899.00,paid,Karnataka,Bengaluru,1,KUR-M,Kurta,WhatsApp
#1674,13/03/2024,699.00,paid,Karnataka,Bengaluru,1,PAL-XL,Palazzo,WhatsApp
#1675,29/03/2024,2097.00,paid,Tamil Nadu,Coimbatore,3,PAL-M,Palazzo,web
#1676,03/01/2024,449.00,paid,Karnataka,Mysuru,1,DUP-L,Dupatta,WhatsApp
#1677,13/03/2024,599.00,paid,Karnataka,Bengaluru,1,TOP-XL,Top,web
#1678,14/02/2024,599.00,paid,Kerala,Kochi,1,TOP-S,Top,web
#1679,10/02/2024,699.00,paid,Tamil Nadu,Chennai,1,PAL-L,Palazzo,Instagram
#1679,10/02/2024,899.00,paid,Tamil Nadu,Chennai,1,KUR-S,Kurta,Instagram
#1680,15/02/2024,1398.00,paid,Maharashtra,Pune,2,PAL-M,Palazzo,web
#1680,15/02/2024,899.00,paid,Maharashtra,Pune,1,KUR-XL,Kurta,web
#1681,11/02/2024,599.00,paid,Maharashtra,Nagpur,1,TOP-XL,Top,WhatsApp
#1682,21/03/2024,449.00,paid,Telangana,Hyderabad,1,DUP-S,Dupatta,WhatsApp
#1683,15/03/2024,1899.00,Cancelled,Uttar Pradesh,Noida,1,SAR-S,Saree,WhatsApp
#1684,11/03/2024,899.00,paid,Maharashtra,Nagpur,1,KUR-XL,Kurta,web
#1685,11/02/2024,599.00,paid,Delhi,New Delhi,1,TOP-XL,Top,web
#1686,10/02/2024,1899.00,paid,Maharashtra,Nagpur,1,SAR-XL,Saree,web
#1687,14/02/2024,899.00,paid,Telangana,Hyderabad,1,KUR-S,Kurta,Instagram
#1688,29/01/2024,449.00,paid,Uttar Pradesh,Noida,1,DUP-XL,Dupatta,WhatsApp
#1688,29/01/2024,599.00,paid,Uttar Pradesh,Noida,1,TOP-L,Top,WhatsApp
#1689,28/01/2024,599.00,paid,Karnataka,Bengaluru,1,TOP-S,Top,WhatsApp
#1690,11/02/2024,699.00,paid,Karnataka,Mysuru,1,PAL-M,Palazzo,Instagram
#1690,11/02/2024,1899.00,paid,Karnataka,Mysuru,1,SAR-S,Saree,Instagram
#1691,07/03/2024,699.00,paid,Delhi,New Delhi,1,PAL-S,Palazzo,Instagram
#1692,21/03/2024,699.00,paid,Tamil Nadu,Coimbatore,1,PAL-S,Palazzo,WhatsApp
#1693,24/01/2024,599.00,paid,Telangana,Hyderabad,1,TOP-M,Top,WhatsApp
#1693,24/01/2024,1798.00,paid,Telangana,Hyderabad,2,KUR-XL,Kurta,WhatsApp
#1694,22/01/2024,1899.00,paid,Gujarat,Surat,1,SAR-S,Saree,web
#1695,13/02/2024,898.00,paid,Maharashtra,Pune,2,DUP-L,Dupatta,WhatsApp
#1695,13/02/2024,599.00,paid,Maharashtra,Pune,1,TOP-M,Top,WhatsApp
#1696,28/02/2024,599.00,paid,Delhi,New Delhi,1,TOP-S,Top,Instagram
#1697,28/02/2024,1899.00,pending,Gujarat,Surat,1,SAR-L,Saree,web
#1697,28/02/2024,599.00,pending,Gujarat,Surat,1,TOP-XL,Top,web
#1697,28/02/2024,699.00,pending,Gujarat,Surat,1,PAL-S,Palazzo,web
#1698,18/03/2024,899.00,paid,Delhi,New Delhi,1,KUR-M,Kurta,WhatsApp
#1698,18/03/2024,449.00,paid,Delhi,New Delhi,1,DUP-M,Dupatta,WhatsApp
#1699,10/03/2024,449.00,paid,Kerala,Kochi,1,DUP-L,Dupatta,web
#1700,28/01/2024,449.00,paid,West Bengal,Kolkata,1,DUP-L,Dupatta,Instagram
#1701,31/01/2024,1899.00,paid,Tamil Nadu,Chennai,1,SAR-L,Saree,web
#1701,31/01/2024,899.00,paid,Tamil Nadu,Chennai,1,KUR-M,Kurta,web
#1702,05/02/2024,899.00,paid,Telangana,Hyderabad,1,KUR-L,Kurta,web
#1703,21/02/2024,449.00,paid,Kerala,Kochi,1,DUP-L,Dupatta,WhatsApp
#1704,05/02/2024,3798.00,Cancelled,Karnataka,Bengaluru,2,SAR-XL,Saree,web
#1705,12/02/2024,1899.00,paid,Telangana,Hyderabad,1,SAR-XL,Saree,Instagram
#1706,29/03/2024,449.00,paid,Karnataka,Mysuru,1,DUP-L,Dupatta,Instagram
#1707,09/03/2024,599.00,paid,Telangana,Hyderabad,1,TOP-L,Top,WhatsApp
#1707,09/03/2024,899.00,paid,Telangana,Hyderabad,1,KUR-S,Kurta,WhatsApp
#1708,04/02/2024,449.00,pending,Tamil Nadu,Coimbatore,1,DUP-S,Dupatta,Instagram
#1709,30/01/2024,699.00,paid,Kerala,Kochi,1,PAL-XL,Palazzo,Instagram
#1710,07/02/2024,899.00,refunded,Uttar Pradesh,Lucknow,1,KUR-XL,Kurta,Instagram
#1711,24/01/2024,449.00,paid,Maharashtra,Pune,1,DUP-L,Dupatta,web
#1712,18/02/2024,3798.00,paid,Gujarat,Ahmedabad,2,SAR-S,Saree,WhatsApp
#1713,31/01/2024,699.00,paid,Rajasthan,Udaipur,1,PAL-M,Palazzo,Instagram
#1714,02/02/2024,1899.00,paid,Kerala,Kochi,1,SAR-L,Saree,WhatsApp
#1715,29/02/2024,599.00,paid,Rajasthan,Jaipur,1,TOP-XL,Top,Instagram
#1716,29/01/2024,599.00,paid,Tamil Nadu,Coimbatore,1,TOP-M,Top,Instagram
#1717,26/03/2024,449.00,paid,Tamil Nadu,Chennai,1,DUP-S,Dupatta,web
#1718,28/02/2024,899.00,paid,Delhi,New Delhi,1,KUR-S,Kurta,web
#1718,28/02/2024,599.00,paid,Delhi,New Delhi,1,TOP-S,Top,web
#1719,25/02/2024,599.00,paid,Rajasthan,Jaipur,1,TOP-M,Top,Instagram
#1720,12/02/2024,699.00,paid,Telangana,Hyderabad,1,PAL-L,Palazzo,web
#1720,12/02/2024,899.00,paid,Telangana,Hyderabad,1,KUR-L,Kurta,web
#1721,27/01/2024,899.00,paid,Maharashtra,Nagpur,1,KUR-L,Kurta,web
#1722,14/01/2024,2697.00,paid,Karnataka,Bengaluru,3,KUR-S,Kurta,web
#1723,09/01/2024,1798.00,paid,Uttar Pradesh,Lucknow,2,KUR-M,Kurta,Instagram
#1724,04/01/2024,599.00,paid,Tamil Nadu,Coimbatore,1,TOP-XL,Top,web
#1724,04/01/2024,1899.00,paid,Tamil Nadu,Coimbatore,1,SAR-L,Saree,web
#1724,04/01/2024,449.00,paid,Tamil Nadu,Coimbatore,1,DUP-S,Dupatta,web
#1725,20/01/2024,599.00,paid,Rajasthan,Udaipur,1,TOP-S,Top,WhatsApp
#1726,01/03/2024,699.00,refunded,Maharashtra,Mumbai,1,PAL-M,Palazzo,web
#1726,01/03/2024,899.00,refunded,Maharashtra,Mumbai,1,KUR-M,Kurta,web
#1727,21/01/2024,899.00,paid,Gujarat,Surat,1,KUR-M,Kurta,Instagram
#1728,28/03/2024,449.00,pending,Delhi,New Delhi,1,DUP-S,Dupatta,WhatsApp
#1728,28/03/2024,699.00,pending,Delhi,New Delhi,1,PAL-S,Palazzo,WhatsApp
#1729,10/03/2024,699.00,paid,Kerala,Kochi,1,PAL-S,Palazzo,web
#1729,10/03/2024,899.00,paid,Kerala,Kochi,1,KUR-S,Kurta,web
#1730,08/01/2024,599.00,paid,Kerala,Kochi,1,TOP-XL,Top,Instagram
#1731,04/01/2024,5697.00,paid,Karnataka,Bengaluru,3,SAR-M,Saree,WhatsApp
#1732,18/03/2024,699.00,paid,Rajasthan,Udaipur,1,PAL-M,Palazzo,web
#1732,18/03/2024,1899.00,paid,Rajasthan,Udaipur,1,SAR-XL,Saree,web
#1733,03/01/2024,449.00,paid,Maharashtra,Pune,1,DUP-M,Dupatta,web
#1734,18/03/2024,899.00,paid,Delhi,New Delhi,1,KUR-M,Kurta,WhatsApp
#1735,15/01/2024,1398.00,Cancelled,Maharashtra,Nagpur,2,PAL-S,Palazzo,WhatsApp
#1736,09/01/2024,599.00,paid,West Bengal,Kolkata,1,TOP-S,Top,WhatsApp
#1737,24/03/2024,449.00,paid,West Bengal,Kolkata,1,DUP-S,Dupatta,web
#1738,25/02/2024,699.00,paid,Maharashtra,Mumbai,1,PAL-S,Palazzo,Instagram
#1739,14/02/2024,899.00,paid,Telangana,Hyderabad,1,KUR-XL,Kurta,Instagram
#1739,14/02/2024,599.00,paid,Telangana,Hyderabad,1,TOP-S,Top,Instagram
#1740,17/01/2024,899.00,paid,Rajasthan,Udaipur,1,KUR-S,Kurta,web
#1740,17/01/2024,599.00,paid,Rajasthan,Udaipur,1,TOP-XL,Top,web
#1741,11/03/2024,1899.00,paid,Maharashtra,Mumbai,1,SAR-S,Saree,WhatsApp
#1742,21/01/2024,699.00,Cancelled,West Bengal,Kolkata,1,PAL-S,Palazzo,WhatsApp
#1743,26/01/2024,1899.00,paid,Rajasthan,Udaipur,1,SAR-S,Saree,web
#1743,26/01/2024,599.00,paid,Rajasthan,Udaipur,1,TOP-XL,Top,web
#1744,10/02/2024,899.00,paid,Gujarat,Ahmedabad,1,KUR-XL,Kurta,WhatsApp
#1744,10/02/2024,449.00,paid,Gujarat,Ahmedabad,1,DUP-L,Dupatta,WhatsApp
#1745,19/01/2024,449.00,Cancelled,Kerala,Kochi,1,DUP-L,Dupatta,WhatsApp
#1746,02/01/2024,1198.00,paid,Telangana,Hyderabad,2,TOP-M,Top,web
#1747,09/01/2024,599.00,paid,Delhi,New Delhi,1,TOP-L,Top,WhatsApp
#1747,09/01/2024,1798.00,paid,Delhi,New Delhi,2,KUR-L,Kurta,WhatsApp
#1747,09/01/2024,1899.00,paid,Delhi,New Delhi,1,SAR-S,Saree,WhatsApp
#1748,12/03/2024,899.00,paid,Telangana,Hyderabad,1,KUR-S,Kurta,WhatsApp
#1749,19/01/2024,1899.00,paid,Tamil Nadu,Coimbatore,1,SAR-M,Saree,web
#1750,22/01/2024,449.00,paid,Karnataka,Mysuru,1,DUP-XL,Dupatta,Instagram
#1751,08/02/2024,1198.00,paid,Telangana,Hyderabad,2,TOP-M,Top,web
#1752,21/02/2024,1899.00,paid,Maharashtra,Nagpur,1,SAR-M,Saree,Instagram
#1752,21/02/2024,599.00,paid,Maharashtra,Nagpur,1,TOP-S,Top,Instagram
#1752,21/02/2024,449.00,paid,Maharashtra,Nagpur,1,DUP-XL,Dupatta,Instagram
#1753,12/01/2024,1798.00,paid,Tamil Nadu,Coimbatore,2,KUR-M,Kurta,WhatsApp
#1754,25/01/2024,1899.00,paid,West Bengal,Kolkata,1,SAR-S,Saree,WhatsApp
#1755,31/03/2024,699.00,paid,Karnataka,Mysuru,1,PAL-S,Palazzo,web
#1756,19/03/2024,899.00,paid,Tamil Nadu,Coimbatore,1,KUR-M,Kurta,web
#1757,16/03/2024,899.00,paid,Delhi,New Delhi,1,KUR-M,Kurta,web
#1758,06/02/2024,699.00,paid,Maharashtra,Mumbai,1,PAL-L,Palazzo,Instagram
#1759,15/01/2024,1899.00,paid,Uttar Pradesh,Lucknow,1,SAR-S,Saree,Instagram
#1759,15/01/2024,699.00,paid,Uttar Pradesh,Lucknow,1,PAL-S,Palazzo,Instagram
#1760,26/01/2024,1899.00,refunded,Uttar Pradesh,Noida,1,SAR-L,Saree,Instagram
#1760,26/01/2024,699.00,refunded,Uttar Pradesh,Noida,1,PAL-L,Palazzo,Instagram
#1760,26/01/2024,898.00,refunded,Uttar Pradesh,Noida,2,DUP-XL,Dupatta,Instagram
#1761,16/02/2024,1797.00,paid,Karnataka,Mysuru,3,TOP-S,Top,web
#1762,04/02/2024,899.00,paid,Tamil Nadu,Chennai,1,KUR-L,Kurta,web
#1762,04/02/2024,599.00,paid,Tamil Nadu,Chennai,1,TOP-L,Top,web
#1763,08/02/2024,449.00,Cancelled,Delhi,New Delhi,1,DUP-S,Dupatta,web
#1763,08/02/2024,699.00,Cancelled,Delhi,New Delhi,1,PAL-L,Palazzo,web
#1764,08/01/2024,899.00,paid,Tamil Nadu,Coimbatore,1,KUR-S,Kurta,WhatsApp
#1765,01/02/2024,449.00,paid,Tamil Nadu,Chennai,1,DUP-L,Dupatta,web
#1765,01/02/2024,899.00,paid,Tamil Nadu,Chennai,1,KUR-XL,Kurta,web
#1766,22/03/2024,1899.00,paid,Maharashtra,Nagpur,1,SAR-XL,Saree,Instagram
#1767,22/03/2024,1899.00,paid,Karnataka,Mysuru,1,SAR-M,Saree,WhatsApp
#1768,23/03/2024,1899.00,paid,Maharashtra,Nagpur,1,SAR-M,Saree,WhatsApp
#1769,05/02/2024,699.00,paid,Uttar Pradesh,Lucknow,1,PAL-XL,Palazzo,WhatsApp
#1770,04/02/2024,1899.00,paid,Karnataka,Mysuru,1,SAR-L,Saree,web
#1771,05/03/2024,449.00,paid,Maharashtra,Nagpur,1,DUP-L,Dupatta,Instagram
#1772,07/03/2024,699.00,Cancelled,Maharashtra,Pune,1,PAL-L,Palazzo,Instagram
#1773,25/02/2024,2097.00,paid,Delhi,New Delhi,3,PAL-M,Palazzo,WhatsApp
#1773,25/02/2024,1899.00,paid,Delhi,New Delhi,1,SAR-L,Saree,WhatsApp
#1774,02/01/2024,1899.00,paid,Karnataka,Bengaluru,1,SAR-L,Saree,web
#1774,02/01/2024,899.00,paid,Karnataka,Bengaluru,1,KUR-XL,Kurta,web
#1775,23/01/2024,899.00,paid,Karnataka,Bengaluru,1,KUR-M,Kurta,WhatsApp
#1775,23/01/2024,3798.00,paid,Karnataka,Bengaluru,2,SAR-M,Saree,WhatsApp
#1776,17/02/2024,699.00,paid,Maharashtra,Pune,1,PAL-S,Palazzo,WhatsApp
#1777,11/01/2024,599.00,paid,Gujarat,Ahmedabad,1,TOP-S,Top,WhatsApp
#1777,11/01/2024,899.00,paid,Gujarat,Ahmedabad,1,KUR-M,Kurta,WhatsApp
#1778,30/03/2024,699.00,paid,Uttar Pradesh,Noida,1,PAL-XL,Palazzo,WhatsApp
#1779,29/01/2024,899.00,paid,Delhi,New Delhi,1,KUR-S,Kurta,Instagram
#1780,25/02/2024,699.00,paid,Maharashtra,Pune,1,PAL-XL,Palazzo,WhatsApp
#1781,11/02/2024,599.00,paid,Maharashtra,Mumbai,1,TOP-M,Top,web
#1782,03/02/2024,1899.00,paid,West Bengal,Kolkata,1,SAR-S,Saree,web
#1783,02/01/2024,599.00,paid,Gujarat,Surat,1,TOP-M,Top,Instagram
#1783,02/01/2024,899.00,paid,Gujarat,Surat,1,KUR-L,Kurta,Instagram
#1783,02/01/2024,898.00,paid,Gujarat,Surat,2,DUP-XL,Dupatta,Instagram
#1784,02/03/2024,898.00,pending,Gujarat,Surat,2,DUP-M,Dupatta,web
#1785,17/02/2024,898.00,paid,Rajasthan,Jaipur,2,DUP-M,Dupatta,WhatsApp
#1786,06/02/2024,1899.00,paid,Karnataka,Mysuru,1,SAR-XL,Saree,WhatsApp
#1787,28/01/2024,1347.00,Cancelled,Karnataka,Mysuru,3,DUP-L,Dupatta,web
#1788,10/02/2024,699.00,paid,Delhi,New Delhi,1,PAL-S,Palazzo,WhatsApp
#1789,03/03/2024,599.00,Cancelled,Uttar Pradesh,Noida,1,TOP-L,Top,WhatsApp
#1789,03/03/2024,449.00,Cancelled,Uttar Pradesh,Noida,1,DUP-M,Dupatta,WhatsApp
#1790,15/03/2024,1198.00,paid,Rajasthan,Jaipur,2,TOP-L,Top,WhatsApp
#1791,03/02/2024,599.00,paid,Tamil Nadu,Coimbatore,1,TOP-XL,Top,WhatsApp
#1792,14/03/2024,899.00,paid,Rajasthan,Udaipur,1,KUR-M,Kurta,WhatsApp
#1793,07/02/2024,449.00,paid,Delhi,New Delhi,1,DUP-XL,Dupatta,WhatsApp
#1794,15/03/2024,1398.00,paid,Kerala,Kochi,2,PAL-M,Palazzo,WhatsApp
#1795,14/02/2024,899.00,refunded,Karnataka,Bengaluru,1,KUR-S,Kurta,web
#1796,13/01/2024,899.00,pending,Karnataka,Bengaluru,1,KUR-XL,Kurta,web
#1796,13/01/2024,699.00,pending,Karnataka,Bengaluru,1,PAL-M,Palazzo,web
#1797,25/02/2024,1398.00,paid,Maharashtra,Mumbai,2,PAL-M,Palazzo,WhatsApp
#1798,20/03/2024,449.00,paid,Karnataka,Mysuru,1,DUP-M,Dupatta,Instagram
#1799,04/02/2024,599.00,paid,Rajasthan,Jaipur,1,TOP-L,Top,WhatsApp
#1800,24/02/2024,449.00,paid,Tamil Nadu,Coimbatore,1,DUP-L,Dupatta,WhatsApp
#1801,03/01/2024,699.00,paid,Karnataka,Mysuru,1,PAL-S,Palazzo,web
#1801,03/01/2024,1899.00,paid,Karnataka,Mysuru,1,SAR-L,Saree,web
#1802,01/02/2024,1798.00,refunded,Maharashtra,Mumbai,2,KUR-XL,Kurta,Instagram
#1803,02/02/2024,699.00,paid,Delhi,New Delhi,1,PAL-L,Palazzo,WhatsApp
#1804,05/01/2024,1899.00,refunded,Delhi,New Delhi,1,SAR-M,Saree,web
#1805,18/01/2024,1798.00,pending,Maharashtra,Mumbai,2,KUR-L,Kurta,WhatsApp
#1806,19/01/2024,899.00,paid,Karnataka,Bengaluru,1,KUR-XL,Kurta,WhatsApp
#1807,02/02/2024,899.00,paid,Karnataka,Mysuru,1,KUR-L,Kurta,web
#1808,16/02/2024,1899.00,Cancelled,Kerala,Kochi,1,SAR-XL,Saree,Instagram
#1809,24/02/2024,1899.00,paid,Tamil Nadu,Coimbatore,1,SAR-L,Saree,WhatsApp
#1810,21/01/2024,899.00,paid,Uttar Pradesh,Lucknow,1,KUR-L,Kurta,web
#1811,28/02/2024,1899.00,paid,Karnataka,Bengaluru,1,SAR-XL,Saree,WhatsApp
#1812,22/01/2024,449.00,Cancelled,Tamil Nadu,Coimbatore,1,DUP-M,Dupatta,Instagram
#1812,22/01/2024,1398.00,Cancelled,Tamil Nadu,Coimbatore,2,PAL-L,Palazzo,Instagram
#1813,29/01/2024,699.00,paid,Delhi,New Delhi,1,PAL-S,Palazzo,Instagram
#1814,07/03/2024,599.00,paid,Telangana,Hyderabad,1,TOP-XL,Top,WhatsApp
#1815,07/02/2024,1198.00,refunded,Uttar Pradesh,Lucknow,2,TOP-XL,Top,WhatsApp
#1816,12/02/2024,899.00,paid,Uttar Pradesh,Lucknow,1,KUR-XL,Kurta,web
#1816,12/02/2024,449.00,paid,Uttar Pradesh,Lucknow,1,DUP-L,Dupatta,web
#1817,28/02/2024,599.00,paid,Telangana,Hyderabad,1,TOP-S,Top,web
#1818,17/02/2024,599.00,paid,West Bengal,Kolkata,1,TOP-M,Top,web
#1819,05/01/2024,449.00,paid,Maharashtra,Nagpur,1,DUP-S,Dupatta,WhatsApp
#1820,26/03/2024,449.00,paid,Gujarat,Surat,1,DUP-S,Dupatta,web
#1821,01/01/2024,5697.00,paid,Delhi,New Delhi,3,SAR-L,Saree,web
#1821,01/01/2024,449.00,paid,Delhi,New Delhi,1,DUP-M,Dupatta,web
#1822,21/01/2024,599.00,paid,Maharashtra,Pune,1,TOP-S,Top,web
#1823,06/02/2024,449.00,pending,Delhi,New Delhi,1,DUP-M,Dupatta,Instagram
#1823,06/02/2024,599.00,pending,Delhi,New Delhi,1,TOP-L,Top,Instagram
#1824,06/03/2024,449.00,Cancelled,Telangana,Hyderabad,1,DUP-M,Dupatta,web
#1824,06/03/2024,899.00,Cancelled,Telangana,Hyderabad,1,KUR-M,Kurta,web
#1825,08/02/2024,1198.00,paid,West Bengal,Kolkata,2,TOP-XL,Top,web
#1826,23/03/2024,899.00,paid,Rajasthan,Jaipur,1,KUR-S,Kurta,Instagram
#1827,02/01/2024,899.00,pending,Tamil Nadu,Coimbatore,1,KUR-S,Kurta,web
#1827,02/01/2024,699.00,pending,Tamil Nadu,Coimbatore,1,PAL-M,Palazzo,web
#1827,02/01/2024,599.00,pending,Tamil Nadu,Coimbatore,1,TOP-S,Top,web
#1828,14/02/2024,1899.00,paid,Rajasthan,Jaipur,1,SAR-L,Saree,Instagram
#1829,12/02/2024,1398.00,paid,Gujarat,Ahmedabad,2,PAL-M,Palazzo,Instagram
#1830,14/03/2024,699.00,Cancelled,Rajasthan,Udaipur,1,PAL-XL,Palazzo,web
#1830,14/03/2024,449.00,Cancelled,Rajasthan,Udaipur,1,DUP-XL,Dupatta,web
#1831,11/01/2024,1899.00,paid,Tamil Nadu,Chennai,1,SAR-L,Saree,web
#1831,11/01/2024,599.00,paid,Tamil Nadu,Chennai,1,TOP-L,Top,web
#1832,16/03/2024,3798.00,paid,Tamil Nadu,Chennai,2,SAR-XL,Saree,web
#1832,16/03/2024,699.00,paid,Tamil Nadu,Chennai,1,PAL-XL,Palazzo,web
#1833,16/01/2024,599.00,Cancelled,Delhi,New Delhi,1,TOP-XL,Top,Instagram
#1833,16/01/2024,3798.00,Cancelled,Delhi,New Delhi,2,SAR-XL,Saree,Instagram
#1834,24/03/2024,699.00,Cancelled,Karnataka,Mysuru,1,PAL-M,Palazzo,web
#1835,27/03/2024,599.00,paid,West Bengal,Kolkata,1,TOP-L,Top,Instagram
#1836,18/03/2024,699.00,paid,Tamil Nadu,Chennai,1,PAL-XL,Palazzo,WhatsApp
#1837,05/03/2024,599.00,paid,Tamil Nadu,Coimbatore,1,TOP-L,Top,web
#1838,15/01/2024,599.00,paid,Uttar Pradesh,Lucknow,1,TOP-S,Top,Instagram
#1839,27/01/2024,2097.00,paid,Telangana,Hyderabad,3,PAL-XL,Palazzo,Instagram
#1840,24/01/2024,899.00,paid,Uttar Pradesh,Lucknow,1,KUR-S,Kurta,web
#1840,24/01/2024,599.00,paid,Uttar Pradesh,Lucknow,1,TOP-L,Top,web
#1841,13/01/2024,599.00,paid,Maharashtra,Mumbai,1,TOP-L,Top,Instagram
#1842,12/02/2024,1899.00,paid,Telangana,Hyderabad,1,SAR-L,Saree,WhatsApp
#1842,12/02/2024,599.00,paid,Telangana,Hyderabad,1,TOP-M,Top,WhatsApp
#1842,12/02/2024,899.00,paid,Telangana,Hyderabad,1,KUR-S,Kurta,WhatsApp
#1843,20/02/2024,1899.00,paid,Maharashtra,Nagpur,1,SAR-M,Saree,WhatsApp
#1843,20/02/2024,699.00,paid,Maharashtra,Nagpur,1,PAL-L,Palazzo,WhatsApp
#1844,15/01/2024,2697.00,paid,West Bengal,Kolkata,3,KUR-M,Kurta,Instagram
#1845,01/03/2024,899.00,paid,Maharashtra,Nagpur,1,KUR-M,Kurta,web
#1846,26/01/2024,599.00,paid,Uttar Pradesh,Noida,1,TOP-S,Top,WhatsApp
#1846,26/01/2024,1899.00,paid,Uttar Pradesh,Noida,1,SAR-L,Saree,WhatsApp
#1847,21/03/2024,449.00,Cancelled,Delhi,New Delhi,1,DUP-XL,Dupatta,web
#1848,16/03/2024,599.00,paid,Karnataka,Bengaluru,1,TOP-M,Top,WhatsApp
#1849,14/01/2024,449.00,paid,Karnataka,Mysuru,1,DUP-S,Dupatta,Instagram
#1849,14/01/2024,599.00,paid,Karnataka,Mysuru,1,TOP-S,Top,Instagram
#1850,10/01/2024,5697.00,paid,Maharashtra,Mumbai,3,SAR-XL,Saree,Instagram
#1850,10/01/2024,1198.00,paid,Maharashtra,Mumbai,2,TOP-XL,Top,Instagram
#1851,20/02/2024,2697.00,paid,Uttar Pradesh,Lucknow,3,KUR-M,Kurta,web
#1851,20/02/2024,1899.00,paid,Uttar Pradesh,Lucknow,1,SAR-M,Saree,web
#1851,20/02/2024,2097.00,paid,Uttar Pradesh,Lucknow,3,PAL-S,Palazzo,web
#1852,09/01/2024,449.00,paid,Uttar Pradesh,Lucknow,1,DUP-L,Dupatta,web
#1852,09/01/2024,1899.00,paid,Uttar Pradesh,Lucknow,1,SAR-M,Saree,web
#1853,28/03/2024,699.00,paid,Tamil Nadu,Coimbatore,1,PAL-L,Palazzo,web
#1854,17/02/2024,449.00,refunded,Rajasthan,Jaipur,1,DUP-L,Dupatta,WhatsApp
#1855,19/02/2024,899.00,Cancelled,Gujarat,Ahmedabad,1,KUR-L,Kurta,WhatsApp
#1856,02/01/2024,699.00,refunded,Delhi,New Delhi,1,PAL-L,Palazzo,web
#1856,02/01/2024,1899.00,refunded,Delhi,New Delhi,1,SAR-XL,Saree,web
#1857,29/01/2024,1198.00,paid,Telangana,Hyderabad,2,TOP-XL,Top,WhatsApp
#1858,01/03/2024,1899.00,paid,Maharashtra,Pune,1,SAR-L,Saree,WhatsApp
#1859,29/01/2024,1797.00,paid,Tamil Nadu,Chennai,3,TOP-XL,Top,WhatsApp
#1859,29/01/2024,899.00,paid,Tamil Nadu,Chennai,1,KUR-M,Kurta,WhatsApp
#1859,29/01/2024,699.00,paid,Tamil Nadu,Chennai,1,PAL-M,Palazzo,WhatsApp
#1860,02/01/2024,1899.00,paid,Maharashtra,Nagpur,1,SAR-M,Saree,WhatsApp
#1861,21/02/2024,1899.00,Cancelled,Maharashtra,Mumbai,1,SAR-XL,Saree,WhatsApp
#1862,01/03/2024,1899.00,paid,Uttar Pradesh,Lucknow,1,SAR-S,Saree,WhatsApp
#1863,24/01/2024,699.00,paid,Uttar Pradesh,Noida,1,PAL-XL,Palazzo,web
#1863,24/01/2024,3798.00,paid,Uttar Pradesh,Noida,2,SAR-XL,Saree,web
#1864,13/03/2024,899.00,paid,Karnataka,Mysuru,1,KUR-S,Kurta,web
#1865,05/03/2024,899.00,paid,Karnataka,Mysuru,1,KUR-L,Kurta,web
#1866,22/01/2024,599.00,paid,Gujarat,Surat,1,TOP-XL,Top,Instagram
#1867,12/02/2024,699.00,pending,Maharashtra,Mumbai,1,PAL-L,Palazzo,web
#1868,25/02/2024,1899.00,paid,Gujarat,Ahmedabad,1,SAR-M,Saree,WhatsApp
#1869,20/02/2024,1899.00,paid,Karnataka,Mysuru,1,SAR-XL,Saree,web
#1870,17/03/2024,898.00,paid,Delhi,New Delhi,2,DUP-M,Dupatta,web
#1871,27/01/2024,449.00,pending,Rajasthan,Jaipur,1,DUP-XL,Dupatta,web
#1871,27/01/2024,1899.00,pending,Rajasthan,Jaipur,1,SAR-L,Saree,web
#1871,27/01/2024,599.00,pending,Rajasthan,Jaipur,1,TOP-L,Top,web
#1872,02/03/2024,449.00,paid,Maharashtra,Nagpur,1,DUP-L,Dupatta,web
#1873,08/03/2024,899.00,paid,Tamil Nadu,Coimbatore,1,KUR-S,Kurta,Instagram
#1874,21/03/2024,599.00,paid,Delhi,New Delhi,1,TOP-L,Top,Instagram
#1875,16/02/2024,899.00,paid,Maharashtra,Mumbai,1,KUR-S,Kurta,Instagram
#1876,22/03/2024,2697.00,paid,Delhi,New Delhi,3,KUR-S,Kurta,web
#1877,10/01/2024,899.00,paid,Kerala,Kochi,1,KUR-L,Kurta,WhatsApp
#1877,10/01/2024,449.00,paid,Kerala,Kochi,1,DUP-S,Dupatta,WhatsApp
#1878,19/01/2024,599.00,paid,Telangana,Hyderabad,1,TOP-XL,Top,WhatsApp
#1879,28/03/2024,599.00,paid,Gujarat,Surat,1,TOP-S,Top,web
#1880,12/01/2024,599.00,paid,Maharashtra,Pune,1,TOP-S,Top,WhatsApp
#1881,06/02/2024,449.00,paid,Gujarat,Surat,1,DUP-XL,Dupatta,WhatsApp
#1882,31/03/2024,449.00,paid,Kerala,Kochi,1,DUP-S,Dupatta,WhatsApp
#1883,18/03/2024,899.00,paid,Uttar Pradesh,Lucknow,1,KUR-L,Kurta,Instagram
#1883,18/03/2024,1899.00,paid,Uttar Pradesh,Lucknow,1,SAR-M,Saree,Instagram
#1884,11/01/2024,1899.00,pending,Gujarat,Ahmedabad,1,SAR-M,Saree,WhatsApp
#1885,02/03/2024,449.00,paid,Gujarat,Ahmedabad,1,DUP-S,Dupatta,WhatsApp
#1886,21/02/2024,699.00,paid,Gujarat,Ahmedabad,1,PAL-L,Palazzo,web
#1887,11/01/2024,1398.00,paid,Uttar Pradesh,Noida,2,PAL-S,Palazzo,web
#1887,11/01/2024,449.00,paid,Uttar Pradesh,Noida,1,DUP-L,Dupatta,web
#1888,16/03/2024,3798.00,paid,Telangana,Hyderabad,2,SAR-S,Saree,web
#1888,16/03/2024,1347.00,paid,Telangana,Hyderabad,3,DUP-L,Dupatta,web
#1889,12/03/2024,449.00,paid,Uttar Pradesh,Noida,1,DUP-XL,Dupatta,WhatsApp
#1890,01/03/2024,699.00,paid,Delhi,New Delhi,1,PAL-XL,Palazzo,WhatsApp
#1890,01/03/2024,899.00,paid,Delhi,New Delhi,1,KUR-S,Kurta,WhatsApp
#1891,18/02/2024,1899.00,paid,Kerala,Kochi,1,SAR-M,Saree,WhatsApp
#1892,29/01/2024,898.00,paid,Maharashtra,Mumbai,2,DUP-L,Dupatta,Instagram
#1893,24/03/2024,449.00,paid,Delhi,New Delhi,1,DUP-XL,Dupatta,web
#1893,24/03/2024,599.00,paid,Delhi,New Delhi,1,TOP-L,Top,web
#1893,24/03/2024,699.00,paid,Delhi,New Delhi,1,PAL-S,Palazzo,web
#1894,20/03/2024,1899.00,paid,Telangana,Hyderabad,1,SAR-XL,Saree,Instagram
#1894,20/03/2024,1798.00,paid,Telangana,Hyderabad,2,KUR-S,Kurta,Instagram
#1894,20/03/2024,1398.00,paid,Telangana,Hyderabad,2,PAL-M,Palazzo,Instagram
#1895,10/02/2024,2097.00,paid,Uttar Pradesh,Noida,3,PAL-S,Palazzo,web
#1896,29/02/2024,1899.00,Cancelled,Kerala,Kochi,1,SAR-XL,Saree,web
#1897,14/01/2024,898.00,Cancelled,Delhi,New Delhi,2,DUP-S,Dupatta,WhatsApp
#1897,14/01/2024,899.00,Cancelled,Delhi,New Delhi,1,KUR-XL,Kurta,WhatsApp
#1898,08/03/2024,1899.00,Cancelled,Telangana,Hyderabad,1,SAR-M,Saree,WhatsApp
#1899,04/01/2024,1899.00,refunded,Karnataka,Mysuru,1,SAR-S,Saree,Instagram
#1900,06/03/2024,599.00,paid,Delhi,New Delhi,1,TOP-XL,Top,web
#1901,25/02/2024,449.00,paid,Karnataka,Mysuru,1,DUP-M,Dupatta,WhatsApp
#1901,25/02/2024,1398.00,paid,Karnataka,Mysuru,2,PAL-S,Palazzo,WhatsApp
#1902,07/01/2024,599.00,paid,Rajasthan,Udaipur,1,TOP-S,Top,WhatsApp
#1903,29/02/2024,1899.00,pending,Tamil Nadu,Coimbatore,1,SAR-M,Saree,web
#1904,30/01/2024,449.00,paid,Telangana,Hyderabad,1,DUP-M,Dupatta,WhatsApp
#1905,20/02/2024,449.00,paid,Gujarat,Ahmedabad,1,DUP-M,Dupatta,WhatsApp
#1906,29/02/2024,899.00,paid,Uttar Pradesh,Lucknow,1,KUR-L,Kurta,web
#1907,26/03/2024,699.00,paid,Uttar Pradesh,Lucknow,1,PAL-M,Palazzo,WhatsApp
#1907,26/03/2024,449.00,paid,Uttar Pradesh,Lucknow,1,DUP-S,Dupatta,WhatsApp
#1907,26/03/2024,599.00,paid,Uttar Pradesh,Lucknow,1,TOP-M,Top,WhatsApp
#1908,25/01/2024,699.00,paid,Tamil Nadu,Chennai,1,PAL-L,Palazzo,web
#1909,27/01/2024,599.00,Cancelled,Maharashtra,Mumbai,1,TOP-S,Top,web
#1910,29/02/2024,699.00,paid,Telangana,Hyderabad,1,PAL-S,Palazzo,web
#1911,05/03/2024,899.00,paid,Kerala,Kochi,1,KUR-S,Kurta,Instagram
#1911,05/03/2024,1198.00,paid,Kerala,Kochi,2,TOP-XL,Top,Instagram
#1912,12/02/2024,599.00,paid,Telangana,Hyderabad,1,TOP-S,Top,WhatsApp
#1912,12/02/2024,699.00,paid,Telangana,Hyderabad,1,PAL-M,Palazzo,WhatsApp
#1912,12/02/2024,449.00,paid,Telangana,Hyderabad,1,DUP-L,Dupatta,WhatsApp
#1913,03/03/2024,1198.00,paid,Maharashtra,Pune,2,TOP-XL,Top,WhatsApp
#1914,19/02/2024,699.00,paid,Uttar Pradesh,Lucknow,1,PAL-L,Palazzo,Instagram
#1915,09/01/2024,599.00,paid,Gujarat,Ahmedabad,1,TOP-L,Top,web
#1916,23/03/2024,1797.00,paid,Uttar Pradesh,Lucknow,3,TOP-XL,Top,web
#1917,01/01/2024,1899.00,paid,Kerala,Kochi,1,SAR-S,Saree,WhatsApp
#1917,01/01/2024,899.00,paid,Kerala,Kochi,1,KUR-L,Kurta,WhatsApp
#1917,01/01/2024,449.00,paid,Kerala,Kochi,1,DUP-XL,Dupatta,WhatsApp
#1918,24/03/2024,899.00,paid,West Bengal,Kolkata,1,KUR-XL,Kurta,Instagram
#1919,14/01/2024,1899.00,paid,Rajasthan,Udaipur,1,SAR-XL,Saree,Instagram
#1920,16/01/2024,449.00,pending,Maharashtra,Mumbai,1,DUP-L,Dupatta,web
#1921,15/03/2024,599.00,refunded,Rajasthan,Jaipur,1,TOP-XL,Top,WhatsApp
#1922,03/01/2024,898.00,Cancelled,Karnataka,Bengaluru,2,DUP-XL,Dupatta,web
#1922,03/01/2024,1797.00,Cancelled,Karnataka,Bengaluru,3,TOP-S,Top,web
#1923,18/02/2024,449.00,refunded,Karnataka,Mysuru,1,DUP-L,Dupatta,WhatsApp
#1924,25/02/2024,5697.00,Cancelled,Uttar Pradesh,Noida,3,SAR-XL,Saree,WhatsApp
#1925,01/01/2024,699.00,paid,Maharashtra,Mumbai,1,PAL-S,Palazzo,WhatsApp
#1925,01/01/2024,599.00,paid,Maharashtra,Mumbai,1,TOP-XL,Top,WhatsApp
#1925,01/01/2024,1899.00,paid,Maharashtra,Mumbai,1,SAR-M,Saree,WhatsApp
#1926,02/01/2024,899.00,paid,Uttar Pradesh,Noida,1,KUR-M,Kurta,Instagram
#1927,26/01/2024,449.00,paid,Rajasthan,Udaipur,1,DUP-M,Dupatta,WhatsApp
#1928,08/03/2024,1398.00,paid,Karnataka,Mysuru,2,PAL-M,Palazzo,Instagram
#1929,20/01/2024,1899.00,refunded,West Bengal,Kolkata,1,SAR-S,Saree,WhatsApp
#1930,07/02/2024,699.00,paid,Tamil Nadu,Chennai,1,PAL-S,Palazzo,WhatsApp
#1931,25/03/2024,599.00,paid,Karnataka,Bengaluru,1,TOP-S,Top,Instagram
#1932,23/03/2024,1899.00,Cancelled,Maharashtra,Mumbai,1,SAR-S,Saree,WhatsApp
#1932,23/03/2024,449.00,Cancelled,Maharashtra,Mumbai,1,DUP-XL,Dupatta,WhatsApp
#1933,27/03/2024,1899.00,paid,Uttar Pradesh,Lucknow,1,SAR-L,Saree,web
#1934,08/01/2024,1899.00,refunded,Delhi,New Delhi,1,SAR-M,Saree,web
#1935,16/03/2024,699.00,paid,Delhi,New Delhi,1,PAL-M,Palazzo,Instagram
#1936,02/02/2024,699.00,paid,Delhi,New Delhi,1,PAL-M,Palazzo,Instagram
#1937,31/01/2024,699.00,Cancelled,Kerala,Kochi,1,PAL-M,Palazzo,Instagram
#1938,16/01/2024,699.00,paid,Maharashtra,Pune,1,PAL-M,Palazzo,web
#1938,16/01/2024,599.00,paid,Maharashtra,Pune,1,TOP-XL,Top,web
#1938,16/01/2024,449.00,paid,Maharashtra,Pune,1,DUP-L,Dupatta,web
#1939,20/03/2024,899.00,paid,Maharashtra,Nagpur,1,KUR-S,Kurta,web
#1940,22/02/2024,599.00,paid,Kerala,Kochi,1,TOP-L,Top,Instagram
#1941,22/03/2024,899.00,paid,Uttar Pradesh,Noida,1,KUR-XL,Kurta,web
#1942,16/02/2024,699.00,paid,Maharashtra,Pune,1,PAL-M,Palazzo,Instagram
#1942,16/02/2024,1899.00,paid,Maharashtra,Pune,1,SAR-L,Saree,Instagram
#1942,16/02/2024,449.00,paid,Maharashtra,Pune,1,DUP-S,Dupatta,Instagram
#1943,21/02/2024,699.00,paid,Telangana,Hyderabad,1,PAL-S,Palazzo,web
#1944,05/01/2024,449.00,Cancelled,Delhi,New Delhi,1,DUP-S,Dupatta,WhatsApp
#1944,05/01/2024,1398.00,Cancelled,Delhi,New Delhi,2,PAL-S,Palazzo,WhatsApp
#1944,05/01/2024,899.00,Cancelled,Delhi,New Delhi,1,KUR-M,Kurta,WhatsApp
#1945,07/03/2024,2697.00,paid,Telangana,Hyderabad,3,KUR-M,Kurta,WhatsApp
#1946,30/03/2024,449.00,paid,Maharashtra,Pune,1,DUP-L,Dupatta,Instagram
#1946,30/03/2024,1899.00,paid,Maharashtra,Pune,1,SAR-L,Saree,Instagram
#1946,30/03/2024,899.00,paid,Maharashtra,Pune,1,KUR-XL,Kurta,Instagram
#1947,06/01/2024,449.00,paid,Tamil Nadu,Chennai,1,DUP-S,Dupatta,web
#1948,15/02/2024,898.00,Cancelled,Kerala,Kochi,2,DUP-XL,Dupatta,Instagram
#1948,15/02/2024,899.00,Cancelled,Kerala,Kochi,1,KUR-S,Kurta,Instagram
#1949,21/02/2024,899.00,paid,Telangana,Hyderabad,1,KUR-L,Kurta,WhatsApp
#1950,12/03/2024,449.00,Cancelled,Kerala,Kochi,1,DUP-M,Dupatta,Instagram
#1950,12/03/2024,599.00,Cancelled,Kerala,Kochi,1,TOP-S,Top,Instagram
#1950,12/03/2024,899.00,Cancelled,Kerala,Kochi,1,KUR-L,Kurta,Instagram
#1951,14/02/2024,599.00,paid,Tamil Nadu,Chennai,1,TOP-L,Top,WhatsApp
#1951,14/02/2024,898.00,paid,Tamil Nadu,Chennai,2,DUP-XL,Dupatta,WhatsApp
#1952,09/01/2024,699.00,Cancelled,Telangana,Hyderabad,1,PAL-M,Palazzo,Instagram
#1953,16/02/2024,599.00,paid,Maharashtra,Pune,1,TOP-S,Top,Instagram
#1954,24/01/2024,1899.00,paid,Karnataka,Bengaluru,1,SAR-M,Saree,Instagram
#1955,15/01/2024,1899.00,pending,Telangana,Hyderabad,1,SAR-L,Saree,WhatsApp
#1955,15/01/2024,699.00,pending,Telangana,Hyderabad,1,PAL-S,Palazzo,WhatsApp
#1956,10/01/2024,1798.00,paid,Telangana,Hyderabad,2,KUR-M,Kurta,WhatsApp
#1956,10/01/2024,599.00,paid,Telangana,Hyderabad,1,TOP-S,Top,WhatsApp
#1957,19/03/2024,1198.00,paid,Gujarat,Surat,2,TOP-S,Top,Instagram
#1957,19/03/2024,699.00,paid,Gujarat,Surat,1,PAL-XL,Palazzo,Instagram
#1958,11/02/2024,1899.00,paid,Kerala,Kochi,1,SAR-L,Saree,web
#1958,11/02/2024,899.00,paid,Kerala,Kochi,1,KUR-S,Kurta,web
#1959,23/02/2024,899.00,paid,Uttar Pradesh,Noida,1,KUR-M,Kurta,Instagram
#1959,23/02/2024,699.00,paid,Uttar Pradesh,Noida,1,PAL-L,Palazzo,Instagram
#1960,25/03/2024,1798.00,paid,Rajasthan,Udaipur,2,KUR-M,Kurta,web
#1960,25/03/2024,1899.00,paid,Rajasthan,Udaipur,1,SAR-XL,Saree,web
#1960,25/03/2024,599.00,paid,Rajasthan,Udaipur,1,TOP-M,Top,web
#1961,30/01/2024,898.00,paid,Telangana,Hyderabad,2,DUP-L,Dupatta,web
#1962,31/01/2024,899.00,paid,Uttar Pradesh,Noida,1,KUR-M,Kurta,WhatsApp
#1962,31/01/2024,449.00,paid,Uttar Pradesh,Noida,1,DUP-S,Dupatta,WhatsApp
#1963,14/01/2024,899.00,paid,Telangana,Hyderabad,1,KUR-L,Kurta,WhatsApp
#1964,18/01/2024,2097.00,paid,Tamil Nadu,Chennai,3,PAL-XL,Palazzo,Instagram
#1965,08/02/2024,449.00,refunded,Rajasthan,Jaipur,1,DUP-XL,Dupatta,WhatsApp
#1966,06/01/2024,599.00,paid,Maharashtra,Mumbai,1,TOP-S,Top,web
#1967,29/01/2024,1798.00,paid,Maharashtra,Pune,2,KUR-XL,Kurta,Instagram
#1968,19/03/2024,899.00,paid,Tamil Nadu,Coimbatore,1,KUR-S,Kurta,Instagram
#1969,27/02/2024,599.00,paid,Rajasthan,Udaipur,1,TOP-L,Top,WhatsApp
#1970,31/03/2024,699.00,paid,Maharashtra,Mumbai,1,PAL-XL,Palazzo,web
#1970,31/03/2024,599.00,paid,Maharashtra,Mumbai,1,TOP-M,Top,web
#1970,31/03/2024,899.00,paid,Maharashtra,Mumbai,1,KUR-S,Kurta,web
#1971,17/03/2024,899.00,paid,Uttar Pradesh,Lucknow,1,KUR-XL,Kurta,Instagram
#1972,11/03/2024,3798.00,paid,Karnataka,Mysuru,2,SAR-L,Saree,web
#1973,31/01/2024,599.00,paid,Gujarat,Ahmedabad,1,TOP-L,Top,web
#1974,06/02/2024,449.00,paid,West Bengal,Kolkata,1,DUP-S,Dupatta,WhatsApp
#1975,05/03/2024,699.00,paid,Rajasthan,Udaipur,1,PAL-XL,Palazzo,web
#1975,05/03/2024,1899.00,paid,Rajasthan,Udaipur,1,SAR-L,Saree,web
#1976,23/03/2024,449.00,paid,Delhi,New Delhi,1,DUP-S,Dupatta,web
#1976,23/03/2024,1899.00,paid,Delhi,New Delhi,1,SAR-L,Saree,web
#1977,08/03/2024,599.00,paid,Gujarat,Surat,1,TOP-M,Top,web
#1978,25/01/2024,699.00,paid,Karnataka,Bengaluru,1,PAL-L,Palazzo,web
#1979,12/01/2024,699.00,paid,Delhi,New Delhi,1,PAL-L,Palazzo,web
#1980,16/01/2024,699.00,paid,Uttar Pradesh,Noida,1,PAL-S,Palazzo,web
#1980,16/01/2024,449.00,paid,Uttar Pradesh,Noida,1,DUP-XL,Dupatta,web
#1980,16/01/2024,599.00,paid,Uttar Pradesh,Noida,1,TOP-S,Top,web
#1981,14/02/2024,899.00,paid,Maharashtra,Nagpur,1,KUR-S,Kurta,Instagram
#1982,12/01/2024,699.00,paid,Tamil Nadu,Chennai,1,PAL-S,Palazzo,web
#1983,11/02/2024,1899.00,paid,Delhi,New Delhi,1,SAR-M,Saree,web
#1984,28/03/2024,1798.00,paid,West Bengal,Kolkata,2,KUR-M,Kurta,WhatsApp
#1985,04/03/2024,1899.00,paid,Karnataka,Bengaluru,1,SAR-XL,Saree,WhatsApp
#1986,11/01/2024,1899.00,paid,Tamil Nadu,Coimbatore,1,SAR-S,Saree,Instagram
#1987,25/01/2024,599.00,paid,Delhi,New Delhi,1,TOP-XL,Top,WhatsApp
#1988,28/01/2024,449.00,paid,Gujarat,Ahmedabad,1,DUP-XL,Dupatta,WhatsApp
#1988,28/01/2024,1398.00,paid,Gujarat,Ahmedabad,2,PAL-L,Palazzo,WhatsApp
#1988,28/01/2024,5697.00,paid,Gujarat,Ahmedabad,3,SAR-XL,Saree,WhatsApp
#1989,21/02/2024,2697.00,paid,Gujarat,Ahmedabad,3,KUR-M,Kurta,Instagram
#1990,14/02/2024,449.00,paid,Tamil Nadu,Chennai,1,DUP-M,Dupatta,web
#1991,24/01/2024,449.00,paid,Gujarat,Ahmedabad,1,DUP-L,Dupatta,WhatsApp
#1991,24/01/2024,1198.00,paid,Gujarat,Ahmedabad,2,TOP-L,Top,WhatsApp
#1992,26/01/2024,699.00,pending,Kerala,Kochi,1,PAL-XL,Palazzo,Instagram
#1993,25/03/2024,898.00,refunded,Gujarat,Ahmedabad,2,DUP-L,Dupatta,WhatsApp
#1994,07/03/2024,699.00,paid,Delhi,New Delhi,1,PAL-XL,Palazzo,Instagram
#1995,13/02/2024,899.00,paid,Uttar Pradesh,Lucknow,1,KUR-M,Kurta,web
#1996,05/03/2024,449.00,paid,Delhi,New Delhi,1,DUP-S,Dupatta,WhatsApp
#1997,11/02/2024,1798.00,paid,Maharashtra,Nagpur,2,KUR-S,Kurta,WhatsApp
#1997,11/02/2024,1398.00,paid,Maharashtra,Nagpur,2,PAL-XL,Palazzo,WhatsApp
#1998,08/01/2024,1398.00,paid,Karnataka,Mysuru,2,PAL-XL,Palazzo,web
#1999,11/02/2024,898.00,paid,Uttar Pradesh,Noida,2,DUP-XL,Dupatta,Instagram
#1999,11/02/2024,899.00,paid,Uttar Pradesh,Noida,1,KUR-L,Kurta,Instagram
#2000,11/03/2024,599.00,paid,Telangana,Hyderabad,1,TOP-L,Top,WhatsApp
#2000,11/03/2024,1798.00,paid,Telangana,Hyderabad,2,KUR-XL,Kurta,WhatsApp
#2000,11/03/2024,449.00,paid,Telangana,Hyderabad,1,DUP-S,Dupatta,WhatsApp
#2001,24/01/2024,1198.00,paid,Telangana,Hyderabad,2,TOP-L,Top,web
#2001,24/01/2024,899.00,paid,Telangana,Hyderabad,1,KUR-M,Kurta,web
#2001,24/01/2024,449.00,paid,Telangana,Hyderabad,1,DUP-XL,Dupatta,web
#2002,29/01/2024,449.00,paid,Karnataka,Bengaluru,1,DUP-M,Dupatta,WhatsApp
#2003,15/03/2024,599.00,paid,Rajasthan,Jaipur,1,TOP-XL,Top,web
#2004,19/03/2024,899.00,paid,Telangana,Hyderabad,1,KUR-L,Kurta,web
#2004,19/03/2024,1899.00,paid,Telangana,Hyderabad,1,SAR-L,Saree,web
#2005,10/03/2024,1899.00,paid,Telangana,Hyderabad,1,SAR-M,Saree,Instagram
#2006,16/01/2024,449.00,paid,Uttar Pradesh,Noida,1,DUP-M,Dupatta,WhatsApp
#2006,16/01/2024,1899.00,paid,Uttar Pradesh,Noida,1,SAR-M,Saree,WhatsApp
#2007,06/02/2024,699.00,paid,Rajasthan,Udaipur,1,PAL-XL,Palazzo,WhatsApp
#2007,06/02/2024,899.00,paid,Rajasthan,Udaipur,1,KUR-L,Kurta,WhatsApp
#2008,30/01/2024,1398.00,paid,Maharashtra,Pune,2,PAL-L,Palazzo,Instagram
#2009,14/01/2024,1198.00,paid,Maharashtra,Mumbai,2,TOP-S,Top,Instagram
#2010,05/01/2024,899.00,paid,Tamil Nadu,Chennai,1,KUR-L,Kurta,Instagram
#2011,06/01/2024,898.00,paid,Karnataka,Mysuru,2,DUP-XL,Dupatta,Instagram
#2012,12/02/2024,599.00,paid,Karnataka,Mysuru,1,TOP-S,Top,Instagram
#2013,19/03/2024,599.00,paid,Delhi,New Delhi,1,TOP-L,Top,WhatsApp
#2013,19/03/2024,699.00,paid,Delhi,New Delhi,1,PAL-S,Palazzo,WhatsApp
#2014,03/01/2024,449.00,refunded,Uttar Pradesh,Lucknow,1,DUP-XL,Dupatta,WhatsApp
#2015,17/03/2024,599.00,paid,Tamil Nadu,Chennai,1,TOP-S,Top,web
#2016,01/02/2024,449.00,paid,Delhi,New Delhi,1,DUP-XL,Dupatta,Instagram
#2016,01/02/2024,1899.00,paid,Delhi,New Delhi,1,SAR-XL,Saree,Instagram
#2017,16/03/2024,699.00,paid,West Bengal,Kolkata,1,PAL-M,Palazzo,web
#2018,18/02/2024,1347.00,refunded,Gujarat,Ahmedabad,3,DUP-S,Dupatta,web
#2018,18/02/2024,1398.00,refunded,Gujarat,Ahmedabad,2,PAL-S,Palazzo,web
#2019,29/02/2024,899.00,paid,Tamil Nadu,Coimbatore,1,KUR-XL,Kurta,Instagram
#2020,16/02/2024,1899.00,paid,Telangana,Hyderabad,1,SAR-S,Saree,web
#2020,16/02/2024,599.00,paid,Telangana,Hyderabad,1,TOP-L,Top,web
#2021,31/03/2024,699.00,paid,Delhi,New Delhi,1,PAL-S,Palazzo,Instagram
#2022,25/03/2024,1798.00,pending,Karnataka,Bengaluru,2,KUR-S,Kurta,Instagram
#2023,22/03/2024,1198.00,paid,Gujarat,Surat,2,TOP-S,Top,Instagram
#2024,14/01/2024,449.00,paid,Karnataka,Bengaluru,1,DUP-L,Dupatta,Instagram
#2024,14/01/2024,699.00,paid,Karnataka,Bengaluru,1,PAL-XL,Palazzo,Instagram
#2024,14/01/2024,599.00,paid,Karnataka,Bengaluru,1,TOP-XL,Top,Instagram
#2025,04/03/2024,1899.00,paid,Delhi,New Delhi,1,SAR-XL,Saree,web
#2025,04/03/2024,899.00,paid,Delhi,New Delhi,1,KUR-M,Kurta,web
#2026,01/01/2024,449.00,paid,Rajasthan,Jaipur,1,DUP-XL,Dupatta,WhatsApp
#2027,21/03/2024,5697.00,paid,Uttar Pradesh,Noida,3,SAR-S,Saree,WhatsApp
#2028,15/03/2024,599.00,paid,Uttar Pradesh,Noida,1,TOP-M,Top,WhatsApp
#2029,06/01/2024,898.00,paid,Maharashtra,Nagpur,2,DUP-L,Dupatta,WhatsApp
#2029,06/01/2024,899.00,paid,Maharashtra,Nagpur,1,KUR-M,Kurta,WhatsApp
#2030,29/01/2024,699.00,paid,Karnataka,Mysuru,1,PAL-XL,Palazzo,web
#2031,21/02/2024,899.00,paid,Uttar Pradesh,Lucknow,1,KUR-M,Kurta,WhatsApp
#2032,23/01/2024,699.00,paid,Telangana,Hyderabad,1,PAL-S,Palazzo,WhatsApp
#2033,03/03/2024,449.00,paid,Tamil Nadu,Chennai,1,DUP-L,Dupatta,web
#2034,23/02/2024,699.00,paid,Maharashtra,Nagpur,1,PAL-L,Palazzo,WhatsApp
#2035,17/02/2024,899.00,refunded,Karnataka,Mysuru,1,KUR-L,Kurta,Instagram
#2036,15/02/2024,449.00,paid,Delhi,New Delhi,1,DUP-L,Dupatta,WhatsApp
#2037,17/01/2024,1198.00,pending,Uttar Pradesh,Noida,2,TOP-L,Top,web
#2038,07/02/2024,1899.00,paid,Delhi,New Delhi,1,SAR-S,Saree,Instagram
#2039,15/03/2024,449.00,paid,Karnataka,Mysuru,1,DUP-XL,Dupatta,web
#2039,15/03/2024,1198.00,paid,Karnataka,Mysuru,2,TOP-S,Top,web
#2039,15/03/2024,1899.00,paid,Karnataka,Mysuru,1,SAR-M,Saree,web
#2040,05/01/2024,599.00,paid,West Bengal,Kolkata,1,TOP-L,Top,web
#2041,20/03/2024,599.00,paid,Karnataka,Bengaluru,1,TOP-S,Top,WhatsApp
#2042,18/03/2024,449.00,paid,Rajasthan,Udaipur,1,DUP-M,Dupatta,web
#2043,09/01/2024,898.00,paid,Telangana,Hyderabad,2,DUP-M,Dupatta,WhatsApp
#2044,21/02/2024,1899.00,Cancelled,West Bengal,Kolkata,1,SAR-L,Saree,Instagram
#2045,16/03/2024,899.00,paid,Telangana,Hyderabad,1,KUR-S,Kurta,Instagram
#2046,23/02/2024,699.00,pending,Karnataka,Mysuru,1,PAL-L,Palazzo,WhatsApp
#2047,11/01/2024,699.00,pending,Tamil Nadu,Chennai,1,PAL-M,Palazzo,WhatsApp
#2048,02/01/2024,1899.00,paid,Delhi,New Delhi,1,SAR-S,Saree,web
#2049,19/02/2024,1899.00,paid,Maharashtra,Mumbai,1,SAR-M,Saree,web
#2050,03/01/2024,699.00,paid,Rajasthan,Jaipur,1,PAL-XL,Palazzo,WhatsApp
#2051,03/01/2024,449.00,paid,Karnataka,Bengaluru,1,DUP-XL,Dupatta,WhatsApp
#2052,21/03/2024,899.00,paid,Maharashtra,Pune,1,KUR-XL,Kurta,WhatsApp
#2053,21/01/2024,899.00,paid,Karnataka,Bengaluru,1,KUR-M,Kurta,web
#2053,21/01/2024,1899.00,paid,Karnataka,Bengaluru,1,SAR-M,Saree,web
#2054,08/02/2024,599.00,paid,Uttar Pradesh,Lucknow,1,TOP-S,Top,web
#2054,08/02/2024,899.00,paid,Uttar Pradesh,Lucknow,1,KUR-M,Kurta,web
#2055,01/03/2024,1899.00,pending,Maharashtra,Mumbai,1,SAR-L,Saree,Instagram
#2056,06/01/2024,3798.00,paid,Gujarat,Surat,2,SAR-S,Saree,Instagram
#2056,06/01/2024,899.00,paid,Gujarat,Surat,1,KUR-S,Kurta,Instagram
#2056,06/01/2024,599.00,paid,Gujarat,Surat,1,TOP-XL,Top,Instagram
#2057,23/02/2024,3798.00,paid,Gujarat,Surat,2,SAR-M,Saree,WhatsApp
#2058,25/03/2024,1797.00,paid,Uttar Pradesh,Noida,3,TOP-M,Top,web
#2059,22/03/2024,1347.00,Cancelled,Karnataka,Bengaluru,3,DUP-XL,Dupatta,Instagram
#2060,20/01/2024,699.00,paid,Telangana,Hyderabad,1,PAL-M,Palazzo,Instagram
#2060,20/01/2024,899.00,paid,Telangana,Hyderabad,1,KUR-M,Kurta,Instagram
#2061,02/02/2024,699.00,paid,Tamil Nadu,Chennai,1,PAL-M,Palazzo,web
#2062,24/03/2024,449.00,paid,Kerala,Kochi,1,DUP-S,Dupatta,WhatsApp
#2063,09/02/2024,899.00,paid,Karnataka,Mysuru,1,KUR-M,Kurta,web
#2064,06/02/2024,1899.00,paid,Tamil Nadu,Coimbatore,1,SAR-M,Saree,web
#2064,06/02/2024,699.00,paid,Tamil Nadu,Coimbatore,1,PAL-S,Palazzo,web
#2064,06/02/2024,449.00,paid,Tamil Nadu,Coimbatore,1,DUP-M,Dupatta,web
#2065,09/02/2024,449.00,paid,Maharashtra,Mumbai,1,DUP-XL,Dupatta,web
#2065,09/02/2024,899.00,paid,Maharashtra,Mumbai,1,KUR-L,Kurta,web
#2066,24/03/2024,1347.00,paid,Tamil Nadu,Coimbatore,3,DUP-S,Dupatta,Instagram
#2066,24/03/2024,699.00,paid,Tamil Nadu,Coimbatore,1,PAL-XL,Palazzo,Instagram
#2067,20/02/2024,699.00,paid,Gujarat,Ahmedabad,1,PAL-M,Palazzo,Instagram
#2067,20/02/2024,899.00,paid,Gujarat,Ahmedabad,1,KUR-L,Kurta,Instagram
#2068,18/01/2024,899.00,Cancelled,Karnataka,Bengaluru,1,KUR-L,Kurta,web
#2068,18/01/2024,5697.00,Cancelled,Karnataka,Bengaluru,3,SAR-L,Saree,web
#2069,02/02/2024,1899.00,paid,Delhi,New Delhi,1,SAR-L,Saree,WhatsApp
#2069,02/02/2024,899.00,paid,Delhi,New Delhi,1,KUR-XL,Kurta,WhatsApp
#2070,03/01/2024,2697.00,paid,Delhi,New Delhi,3,KUR-M,Kurta,WhatsApp
#2071,23/03/2024,599.00,Cancelled,Maharashtra,Nagpur,1,TOP-XL,Top,WhatsApp
#2072,23/01/2024,1347.00,paid,Tamil Nadu,Chennai,3,DUP-XL,Dupatta,web
#2073,28/02/2024,899.00,paid,Maharashtra,Mumbai,1,KUR-M,Kurta,WhatsApp
#2073,28/02/2024,1899.00,paid,Maharashtra,Mumbai,1,SAR-M,Saree,WhatsApp
#2074,09/02/2024,899.00,paid,Telangana,Hyderabad,1,KUR-L,Kurta,web
#2075,17/03/2024,1899.00,paid,Karnataka,Mysuru,1,SAR-XL,Saree,WhatsApp
#2076,05/01/2024,1899.00,pending,West Bengal,Kolkata,1,SAR-S,Saree,web
#2077,28/03/2024,599.00,paid,Uttar Pradesh,Noida,1,TOP-L,Top,Instagram
#2078,17/03/2024,1198.00,paid,Uttar Pradesh,Lucknow,2,TOP-S,Top,web
#2078,17/03/2024,1899.00,paid,Uttar Pradesh,Lucknow,1,SAR-XL,Saree,web
#2079,14/03/2024,3798.00,paid,West Bengal,Kolkata,2,SAR-XL,Saree,Instagram
#2080,05/01/2024,1198.00,paid,Delhi,New Delhi,2,TOP-XL,Top,WhatsApp
#2080,05/01/2024,449.00,paid,Delhi,New Delhi,1,DUP-M,Dupatta,WhatsApp
#2081,20/01/2024,1899.00,paid,West Bengal,Kolkata,1,SAR-XL,Saree,web
#2081,20/01/2024,699.00,paid,West Bengal,Kolkata,1,PAL-L,Palazzo,web
#2082,01/03/2024,899.00,paid,Kerala,Kochi,1,KUR-L,Kurta,Instagram
#2083,06/01/2024,449.00,Cancelled,West Bengal,Kolkata,1,DUP-L,Dupatta,WhatsApp
#2084,04/02/2024,449.00,paid,Telangana,Hyderabad,1,DUP-S,Dupatta,WhatsApp
#2085,21/03/2024,699.00,paid,Karnataka,Mysuru,1,PAL-L,Palazzo,web
#2086,02/02/2024,449.00,paid,Tamil Nadu,Coimbatore,1,DUP-XL,Dupatta,web
#2087,03/03/2024,2697.00,paid,Kerala,Kochi,3,KUR-S,Kurta,web
#2088,20/02/2024,898.00,paid,Gujarat,Ahmedabad,2,DUP-L,Dupatta,WhatsApp
#2089,03/03/2024,899.00,paid,Rajasthan,Udaipur,1,KUR-L,Kurta,Instagram
#2090,16/02/2024,1899.00,Cancelled,Gujarat,Ahmedabad,1,SAR-M,Saree,Instagram
#2091,07/02/2024,1899.00,paid,Maharashtra,Pune,1,SAR-M,Saree,web
#2092,20/03/2024,898.00,paid,Kerala,Kochi,2,DUP-M,Dupatta,Instagram
#2093,12/03/2024,3798.00,paid,Telangana,Hyderabad,2,SAR-L,Saree,WhatsApp
#2094,09/03/2024,1198.00,paid,Delhi,New Delhi,2,TOP-L,Top,WhatsApp
#2094,09/03/2024,898.00,paid,Delhi,New Delhi,2,DUP-M,Dupatta,WhatsApp
#2094,09/03/2024,1899.00,paid,Delhi,New Delhi,1,SAR-XL,Saree,WhatsApp
#2095,15/03/2024,599.00,paid,Delhi,New Delhi,1,TOP-XL,Top,WhatsApp
#2096,11/03/2024,899.00,paid,Uttar Pradesh,Lucknow,1,KUR-XL,Kurta,web
#2097,28/02/2024,599.00,paid,Maharashtra,Mumbai,1,TOP-S,Top,web
#2098,05/03/2024,3798.00,pending,Uttar Pradesh,Noida,2,SAR-M,Saree,WhatsApp
#2099,09/01/2024,699.00,paid,Tamil Nadu,Coimbatore,1,PAL-S,Palazzo,WhatsApp
#2099,09/01/2024,599.00,paid,Tamil Nadu,Coimbatore,1,TOP-L,Top,WhatsApp
#2100,05/02/2024,599.00,paid,Delhi,New Delhi,1,TOP-M,Top,Instagram
#2101,28/01/2024,899.00,paid,Delhi,New Delhi,1,KUR-L,Kurta,Instagram
#2102,18/03/2024,1347.00,paid,Uttar Pradesh,Noida,3,DUP-XL,Dupatta,WhatsApp
#2103,11/01/2024,1899.00,paid,Delhi,New Delhi,1,SAR-L,Saree,WhatsApp
#2104,12/03/2024,899.00,Cancelled,Telangana,Hyderabad,1,KUR-XL,Kurta,Instagram
#2105,11/03/2024,599.00,paid,Kerala,Kochi,1,TOP-M,Top,WhatsApp
#2105,11/03/2024,899.00,paid,Kerala,Kochi,1,KUR-S,Kurta,WhatsApp
#2106,11/02/2024,898.00,paid,Uttar Pradesh,Noida,2,DUP-L,Dupatta,WhatsApp
#2106,11/02/2024,599.00,paid,Uttar Pradesh,Noida,1,TOP-L,Top,WhatsApp
#2106,11/02/2024,699.00,paid,Uttar Pradesh,Noida,1,PAL-L,Palazzo,WhatsApp
#2107,20/01/2024,599.00,paid,Rajasthan,Udaipur,1,TOP-M,Top,WhatsApp
#2108,10/01/2024,449.00,paid,Delhi,New Delhi,1,DUP-XL,Dupatta,Instagram
#2109,29/03/2024,1798.00,paid,Karnataka,Mysuru,2,KUR-M,Kurta,WhatsApp
#2110,03/02/2024,1899.00,paid,Karnataka,Bengaluru,1,SAR-XL,Saree,WhatsApp
#2111,22/01/2024,1398.00,paid,Karnataka,Bengaluru,2,PAL-L,Palazzo,web
#2111,22/01/2024,599.00,paid,Karnataka,Bengaluru,1,TOP-S,Top,web
#2112,05/01/2024,1198.00,paid,Uttar Pradesh,Lucknow,2,TOP-S,Top,web
#2112,05/01/2024,1899.00,paid,Uttar Pradesh,Lucknow,1,SAR-XL,Saree,web
#2113,12/01/2024,599.00,paid,Uttar Pradesh,Noida,1,TOP-S,Top,web
#2113,12/01/2024,699.00,paid,Uttar Pradesh,Noida,1,PAL-M,Palazzo,web
#2114,06/01/2024,1899.00,paid,Maharashtra,Mumbai,1,SAR-L,Saree,web
#2115,25/03/2024,1798.00,pending,Tamil Nadu,Coimbatore,2,KUR-XL,Kurta,WhatsApp
#2116,27/03/2024,1899.00,paid,Karnataka,Mysuru,1,SAR-L,Saree,WhatsApp
#2116,27/03/2024,1198.00,paid,Karnataka,Mysuru,2,TOP-L,Top,WhatsApp
#2117,08/02/2024,599.00,paid,Maharashtra,Pune,1,TOP-M,Top,WhatsApp
#2118,01/01/2024,1198.00,paid,Karnataka,Bengaluru,2,TOP-XL,Top,Instagram
#2119,07/03/2024,1899.00,paid,Maharashtra,Mumbai,1,SAR-S,Saree,WhatsApp
#2120,18/01/2024,899.00,paid,Delhi,New Delhi,1,KUR-XL,Kurta,web
#2120,18/01/2024,699.00,paid,Delhi,New Delhi,1,PAL-S,Palazzo,web
#2121,11/03/2024,3798.00,paid,Tamil Nadu,Chennai,2,SAR-XL,Saree,WhatsApp
#2122,11/02/2024,449.00,paid,Karnataka,Mysuru,1,DUP-XL,Dupatta,WhatsApp
#2123,06/01/2024,899.00,paid,Maharashtra,Pune,1,KUR-S,Kurta,Instagram
#2124,15/01/2024,1347.00,paid,Uttar Pradesh,Lucknow,3,DUP-M,Dupatta,WhatsApp
#2124,15/01/2024,899.00,paid,Uttar Pradesh,Lucknow,1,KUR-S,Kurta,WhatsApp
#2125,24/01/2024,899.00,pending,Uttar Pradesh,Noida,1,KUR-XL,Kurta,Instagram
#2126,01/01/2024,1398.00,paid,Delhi,New Delhi,2,PAL-XL,Palazzo,web
#2127,15/03/2024,699.00,paid,Uttar Pradesh,Noida,1,PAL-L,Palazzo,Instagram
#2127,15/03/2024,599.00,paid,Uttar Pradesh,Noida,1,TOP-M,Top,Instagram
#2128,14/01/2024,1398.00,paid,Tamil Nadu,Coimbatore,2,PAL-L,Palazzo,web
#2129,15/01/2024,3798.00,paid,Karnataka,Mysuru,2,SAR-S,Saree,WhatsApp
#2130,01/02/2024,699.00,paid,Karnataka,Mysuru,1,PAL-XL,Palazzo,Instagram
#2131,16/03/2024,2097.00,paid,Telangana,Hyderabad,3,PAL-XL,Palazzo,WhatsApp
#2131,16/03/2024,1797.00,paid,Telangana,Hyderabad,3,TOP-L,Top,WhatsApp
#2132,14/03/2024,599.00,paid,Telangana,Hyderabad,1,TOP-L,Top,web
#2132,14/03/2024,1899.00,paid,Telangana,Hyderabad,1,SAR-XL,Saree,web
#2132,14/03/2024,899.00,paid,Telangana,Hyderabad,1,KUR-S,Kurta,web
#2133,04/03/2024,1797.00,paid,Delhi,New Delhi,3,TOP-L,Top,Instagram
#2133,04/03/2024,1347.00,paid,Delhi,New Delhi,3,DUP-M,Dupatta,Instagram
#2133,04/03/2024,1899.00,paid,Delhi,New Delhi,1,SAR-L,Saree,Instagram
#2134,28/02/2024,1899.00,paid,Delhi,New Delhi,1,SAR-S,Saree,web
#2134,28/02/2024,898.00,paid,Delhi,New Delhi,2,DUP-L,Dupatta,web
#2135,20/02/2024,699.00,Cancelled,Uttar Pradesh,Lucknow,1,PAL-S,Palazzo,WhatsApp
#2135,20/02/2024,1347.00,Cancelled,Uttar Pradesh,Lucknow,3,DUP-L,Dupatta,WhatsApp
#2135,20/02/2024,899.00,Cancelled,Uttar Pradesh,Lucknow,1,KUR-L,Kurta,WhatsApp
#2136,07/02/2024,1899.00,paid,Maharashtra,Nagpur,1,SAR-S,Saree,web
#2137,08/02/2024,899.00,paid,Maharashtra,Nagpur,1,KUR-S,Kurta,Instagram
#2138,06/03/2024,899.00,Cancelled,Karnataka,Mysuru,1,KUR-XL,Kurta,web
#2139,21/02/2024,899.00,Cancelled,Telangana,Hyderabad,1,KUR-S,Kurta,WhatsApp
#2139,21/02/2024,699.00,Cancelled,Telangana,Hyderabad,1,PAL-S,Palazzo,WhatsApp
#2140,06/03/2024,699.00,paid,Karnataka,Mysuru,1,PAL-M,Palazzo,Instagram
#2141,19/02/2024,449.00,paid,Delhi,New Delhi,1,DUP-XL,Dupatta,WhatsApp
#2142,03/03/2024,599.00,paid,Telangana,Hyderabad,1,TOP-M,Top,web
#2142,03/03/2024,1899.00,paid,Telangana,Hyderabad,1,SAR-L,Saree,web
#2143,13/02/2024,699.00,paid,Telangana,Hyderabad,1,PAL-XL,Palazzo,web
#2144,28/03/2024,449.00,Cancelled,Uttar Pradesh,Lucknow,1,DUP-XL,Dupatta,WhatsApp
#2144,28/03/2024,899.00,Cancelled,Uttar Pradesh,Lucknow,1,KUR-M,Kurta,WhatsApp
#2145,09/03/2024,1899.00,paid,Delhi,New Delhi,1,SAR-S,Saree,Instagram
#2146,08/03/2024,1899.00,Cancelled,Delhi,New Delhi,1,SAR-M,Saree,web
#2147,18/03/2024,3798.00,pending,Kerala,Kochi,2,SAR-XL,Saree,WhatsApp
#2148,12/02/2024,1347.00,Cancelled,Tamil Nadu,Coimbatore,3,DUP-XL,Dupatta,WhatsApp
#2149,21/01/2024,1798.00,paid,Delhi,New Delhi,2,KUR-L,Kurta,WhatsApp
#2150,26/02/2024,599.00,paid,Tamil Nadu,Chennai,1,TOP-L,Top,WhatsApp
#2151,25/02/2024,899.00,paid,Gujarat,Surat,1,KUR-XL,Kurta,web
#2151,25/02/2024,3798.00,paid,Gujarat,Surat,2,SAR-XL,Saree,web
#2152,30/03/2024,1899.00,paid,Delhi,New Delhi,1,SAR-S,Saree,WhatsApp
#2152,30/03/2024,899.00,paid,Delhi,New Delhi,1,KUR-L,Kurta,WhatsApp
#2152,30/03/2024,599.00,paid,Delhi,New Delhi,1,TOP-S,Top,WhatsApp
#2153,25/01/2024,699.00,paid,Rajasthan,Udaipur,1,PAL-XL,Palazzo,Instagram
#2154,30/03/2024,449.00,paid,Tamil Nadu,Chennai,1,DUP-M,Dupatta,WhatsApp
#2154,30/03/2024,899.00,paid,Tamil Nadu,Chennai,1,KUR-L,Kurta,WhatsApp
#2155,05/02/2024,699.00,paid,Telangana,Hyderabad,1,PAL-M,Palazzo,Instagram
#2156,31/03/2024,899.00,paid,Kerala,Kochi,1,KUR-S,Kurta,Instagram
#2157,05/02/2024,449.00,pending,Uttar Pradesh,Noida,1,DUP-M,Dupatta,web
#2158,05/03/2024,2097.00,paid,Karnataka,Bengaluru,3,PAL-L,Palazzo,WhatsApp
#2159,15/02/2024,699.00,paid,Maharashtra,Pune,1,PAL-M,Palazzo,web
#2160,19/02/2024,599.00,refunded,Delhi,New Delhi,1,TOP-M,Top,WhatsApp
#2161,02/03/2024,1899.00,paid,Rajasthan,Udaipur,1,SAR-M,Saree,Instagram
#2162,06/02/2024,699.00,paid,Uttar Pradesh,Lucknow,1,PAL-XL,Palazzo,Instagram
#2163,28/02/2024,899.00,paid,Uttar Pradesh,Lucknow,1,KUR-L,Kurta,WhatsApp
#2164,07/02/2024,899.00,Cancelled,Delhi,New Delhi,1,KUR-XL,Kurta,Instagram
#2165,01/03/2024,699.00,Cancelled,Karnataka,Bengaluru,1,PAL-L,Palazzo,WhatsApp
#2166,20/01/2024,699.00,Cancelled,Telangana,Hyderabad,1,PAL-XL,Palazzo,WhatsApp
#2166,20/01/2024,899.00,Cancelled,Telangana,Hyderabad,1,KUR-XL,Kurta,WhatsApp
#2166,20/01/2024,1899.00,Cancelled,Telangana,Hyderabad,1,SAR-M,Saree,WhatsApp
#2167,16/01/2024,699.00,paid,Uttar Pradesh,Lucknow,1,PAL-L,Palazzo,web
#2167,16/01/2024,599.00,paid,Uttar Pradesh,Lucknow,1,TOP-L,Top,web
#2168,25/01/2024,899.00,Cancelled,West Bengal,Kolkata,1,KUR-L,Kurta,Instagram
#2169,30/03/2024,899.00,paid,Telangana,Hyderabad,1,KUR-S,Kurta,WhatsApp
#2170,15/03/2024,1899.00,paid,Maharashtra,Mumbai,1,SAR-S,Saree,web
#2171,14/03/2024,699.00,paid,Karnataka,Bengaluru,1,PAL-L,Palazzo,WhatsApp
#2172,16/02/2024,899.00,paid,Tamil Nadu,Chennai,1,KUR-XL,Kurta,Instagram
#2172,16/02/2024,1899.00,paid,Tamil Nadu,Chennai,1,SAR-M,Saree,Instagram
#2172,16/02/2024,898.00,paid,Tamil Nadu,Chennai,2,DUP-S,Dupatta,Instagram
#2173,05/02/2024,699.00,pending,Maharashtra,Mumbai,1,PAL-XL,Palazzo,web
#2173,05/02/2024,599.00,pending,Maharashtra,Mumbai,1,TOP-XL,Top,web
#2174,01/03/2024,1899.00,paid,Maharashtra,Pune,1,SAR-M,Saree,WhatsApp
#2175,25/01/2024,599.00,paid,Kerala,Kochi,1,TOP-S,Top,web
#2176,27/02/2024,1899.00,Cancelled,Maharashtra,Mumbai,1,SAR-XL,Saree,Instagram
#2177,25/02/2024,1899.00,Cancelled,Delhi,New Delhi,1,SAR-L,Saree,web
#2177,25/02/2024,449.00,Cancelled,Delhi,New Delhi,1,DUP-XL,Dupatta,web
#2178,07/03/2024,449.00,paid,Telangana,Hyderabad,1,DUP-XL,Dupatta,WhatsApp
#2179,10/01/2024,1398.00,paid,Gujarat,Surat,2,PAL-L,Palazzo,Instagram
#2180,31/03/2024,699.00,paid,Gujarat,Surat,1,PAL-XL,Palazzo,Instagram
#2181,18/02/2024,1899.00,paid,Uttar Pradesh,Lucknow,1,SAR-M,Saree,WhatsApp
#2182,02/03/2024,699.00,Cancelled,Maharashtra,Pune,1,PAL-XL,Palazzo,Instagram
#2183,18/03/2024,899.00,paid,Maharashtra,Pune,1,KUR-XL,Kurta,web
#2183,18/03/2024,449.00,paid,Maharashtra,Pune,1,DUP-L,Dupatta,web
#2184,18/01/2024,1398.00,Cancelled,Maharashtra,Mumbai,2,PAL-L,Palazzo,Instagram
#2185,08/02/2024,699.00,paid,Maharashtra,Nagpur,1,PAL-M,Palazzo,Instagram
#2186,15/02/2024,449.00,paid,Karnataka,Mysuru,1,DUP-XL,Dupatta,Instagram
#2187,27/03/2024,599.00,paid,West Bengal,Kolkata,1,TOP-M,Top,WhatsApp
#2187,27/03/2024,699.00,paid,West Bengal,Kolkata,1,PAL-XL,Palazzo,WhatsApp
#2188,14/02/2024,1198.00,paid,Delhi,New Delhi,2,TOP-S,Top,web
#2189,12/02/2024,699.00,paid,Gujarat,Surat,1,PAL-S,Palazzo,Instagram
#2190,14/03/2024,599.00,paid,Maharashtra,Mumbai,1,TOP-L,Top,Instagram
#2191,16/03/2024,898.00,paid,West Bengal,Kolkata,2,DUP-XL,Dupatta,WhatsApp
#2192,11/01/2024,699.00,Cancelled,Karnataka,Mysuru,1,PAL-M,Palazzo,web
#2193,30/01/2024,699.00,paid,Delhi,New Delhi,1,PAL-S,Palazzo,Instagram
#2193,30/01/2024,599.00,paid,Delhi,New Delhi,1,TOP-M,Top,Instagram
#2194,03/02/2024,699.00,paid,Delhi,New Delhi,1,PAL-L,Palazzo,WhatsApp
#2194,03/02/2024,449.00,paid,Delhi,New Delhi,1,DUP-XL,Dupatta,WhatsApp
#2195,06/01/2024,1899.00,pending,Tamil Nadu,Coimbatore,1,SAR-XL,Saree,web
#2196,08/02/2024,899.00,paid,Rajasthan,Jaipur,1,KUR-M,Kurta,web
#2196,08/02/2024,699.00,paid,Rajasthan,Jaipur,1,PAL-M,Palazzo,web
#2197,27/03/2024,1398.00,paid,Delhi,New Delhi,2,PAL-XL,Palazzo,Instagram
#2198,01/03/2024,449.00,paid,Rajasthan,Udaipur,1,DUP-L,Dupatta,WhatsApp
#2198,01/03/2024,699.00,paid,Rajasthan,Udaipur,1,PAL-L,Palazzo,WhatsApp
#2198,01/03/2024,1797.00,paid,Rajasthan,Udaipur,3,TOP-L,Top,WhatsApp
#2199,09/01/2024,449.00,paid,Tamil Nadu,Coimbatore,1,DUP-XL,Dupatta,WhatsApp
#2199,09/01/2024,699.00,paid,Tamil Nadu,Coimbatore,1,PAL-M,Palazzo,WhatsApp
#2200,24/02/2024,899.00,paid,Tamil Nadu,Chennai,1,KUR-XL,Kurta,WhatsApp
#2200,24/02/2024,449.00,paid,Tamil Nadu,Chennai,1,DUP-L,Dupatta,WhatsApp
#2201,22/01/2024,599.00,paid,Delhi,New Delhi,1,TOP-L,Top,WhatsApp
#2202,16/01/2024,449.00,paid,Karnataka,Mysuru,1,DUP-S,Dupatta,WhatsApp
#2203,01/01/2024,699.00,paid,Rajasthan,Jaipur,1,PAL-S,Palazzo,WhatsApp
#2204,10/02/2024,1899.00,paid,Karnataka,Mysuru,1,SAR-XL,Saree,web
#2204,10/02/2024,599.00,paid,Karnataka,Mysuru,1,TOP-XL,Top,web
#2205,21/02/2024,599.00,paid,Karnataka,Mysuru,1,TOP-S,Top,Instagram
#2205,21/02/2024,449.00,paid,Karnataka,Mysuru,1,DUP-S,Dupatta,Instagram
#2205,21/02/2024,1899.00,paid,Karnataka,Mysuru,1,SAR-S,Saree,Instagram
#2206,22/02/2024,1198.00,paid,Karnataka,Mysuru,2,TOP-M,Top,web
#2207,08/02/2024,899.00,refunded,Maharashtra,Nagpur,1,KUR-S,Kurta,WhatsApp
#2207,08/02/2024,449.00,refunded,Maharashtra,Nagpur,1,DUP-XL,Dupatta,WhatsApp
#2208,06/01/2024,699.00,paid,Karnataka,Bengaluru,1,PAL-XL,Palazzo,WhatsApp
#2208,06/01/2024,599.00,paid,Karnataka,Bengaluru,1,TOP-XL,Top,WhatsApp
#2209,18/01/2024,3798.00,paid,West Bengal,Kolkata,2,SAR-S,Saree,web
#2210,24/01/2024,599.00,paid,Uttar Pradesh,Noida,1,TOP-XL,Top,Instagram
#2210,24/01/2024,899.00,paid,Uttar Pradesh,Noida,1,KUR-M,Kurta,Instagram
#2211,07/03/2024,899.00,paid,Tamil Nadu,Chennai,1,KUR-M,Kurta,WhatsApp
#2212,19/03/2024,449.00,Cancelled,Maharashtra,Nagpur,1,DUP-S,Dupatta,Instagram
#2213,18/03/2024,899.00,paid,Tamil Nadu,Coimbatore,1,KUR-S,Kurta,WhatsApp
#2214,19/03/2024,899.00,Cancelled,West Bengal,Kolkata,1,KUR-XL,Kurta,WhatsApp
#2215,13/02/2024,1899.00,Cancelled,Delhi,New Delhi,1,SAR-L,Saree,Instagram
#2216,09/01/2024,898.00,paid,Tamil Nadu,Coimbatore,2,DUP-M,Dupatta,WhatsApp
#2216,09/01/2024,1899.00,paid,Tamil Nadu,Coimbatore,1,SAR-XL,Saree,WhatsApp
#2217,26/02/2024,1899.00,paid,Tamil Nadu,Coimbatore,1,SAR-M,Saree,Instagram
#2218,07/03/2024,899.00,Cancelled,Maharashtra,Pune,1,KUR-S,Kurta,Instagram
#2219,04/01/2024,1797.00,paid,Tamil Nadu,Coimbatore,3,TOP-S,Top,WhatsApp
#2219,04/01/2024,899.00,paid,Tamil Nadu,Coimbatore,1,KUR-XL,Kurta,WhatsApp
#2219,04/01/2024,699.00,paid,Tamil Nadu,Coimbatore,1,PAL-M,Palazzo,WhatsApp
#2220,02/01/2024,1899.00,paid,Uttar Pradesh,Lucknow,1,SAR-M,Saree,Instagram
#2221,23/01/2024,449.00,pending,Maharashtra,Mumbai,1,DUP-S,Dupatta,web
#2221,23/01/2024,599.00,pending,Maharashtra,Mumbai,1,TOP-L,Top,web
#2222,11/02/2024,699.00,paid,Maharashtra,Nagpur,1,PAL-M,Palazzo,web
#2223,18/03/2024,3798.00,paid,Uttar Pradesh,Noida,2,SAR-S,Saree,web
#2224,21/03/2024,699.00,Cancelled,Gujarat,Surat,1,PAL-S,Palazzo,WhatsApp
#2225,17/02/2024,699.00,paid,Telangana,Hyderabad,1,PAL-M,Palazzo,web
#2226,22/02/2024,1899.00,paid,Telangana,Hyderabad,1,SAR-XL,Saree,Instagram
#2227,01/01/2024,699.00,paid,Uttar Pradesh,Noida,1,PAL-XL,Palazzo,web
#2227,01/01/2024,899.00,paid,Uttar Pradesh,Noida,1,KUR-L,Kurta,web
#2227,01/01/2024,1899.00,paid,Uttar Pradesh,Noida,1,SAR-XL,Saree,web
#2228,26/02/2024,899.00,paid,Delhi,New Delhi,1,KUR-M,Kurta,WhatsApp
#2228,26/02/2024,699.00,paid,Delhi,New Delhi,1,PAL-XL,Palazzo,WhatsApp
#2229,19/01/2024,5697.00,paid,Kerala,Kochi,3,SAR-XL,Saree,Instagram
#2230,01/01/2024,899.00,paid,Uttar Pradesh,Noida,1,KUR-M,Kurta,web
#2231,15/03/2024,899.00,pending,West Bengal,Kolkata,1,KUR-M,Kurta,web
#2232,14/03/2024,599.00,pending,Delhi,New Delhi,1,TOP-XL,Top,WhatsApp
#2233,02/01/2024,898.00,paid,Uttar Pradesh,Noida,2,DUP-S,Dupatta,web
#2234,06/01/2024,899.00,paid,Rajasthan,Jaipur,1,KUR-XL,Kurta,WhatsApp
#2235,21/03/2024,449.00,Cancelled,Maharashtra,Nagpur,1,DUP-S,Dupatta,WhatsApp
#2235,21/03/2024,599.00,Cancelled,Maharashtra,Nagpur,1,TOP-S,Top,WhatsApp
#2236,07/03/2024,699.00,Cancelled,Karnataka,Mysuru,1,PAL-L,Palazzo,web
#2237,13/02/2024,699.00,paid,Karnataka,Mysuru,1,PAL-L,Palazzo,Instagram
#2238,28/01/2024,1899.00,Cancelled,Gujarat,Ahmedabad,1,SAR-L,Saree,WhatsApp
#2239,01/01/2024,1198.00,refunded,Karnataka,Bengaluru,2,TOP-M,Top,web
#2240,05/02/2024,699.00,refunded,Karnataka,Mysuru,1,PAL-S,Palazzo,web
#2241,11/01/2024,1899.00,paid,Maharashtra,Pune,1,SAR-L,Saree,web
#2241,11/01/2024,449.00,paid,Maharashtra,Pune,1,DUP-M,Dupatta,web
#2241,11/01/2024,899.00,paid,Maharashtra,Pune,1,KUR-XL,Kurta,web
#2242,11/01/2024,599.00,paid,Karnataka,Bengaluru,1,TOP-M,Top,WhatsApp
#2242,11/01/2024,899.00,paid,Karnataka,Bengaluru,1,KUR-M,Kurta,WhatsApp
#2242,11/01/2024,449.00,paid,Karnataka,Bengaluru,1,DUP-L,Dupatta,WhatsApp
#2243,06/03/2024,699.00,pending,Kerala,Kochi,1,PAL-L,Palazzo,web
#2243,06/03/2024,1798.00,pending,Kerala,Kochi,2,KUR-M,Kurta,web
#2244,08/01/2024,699.00,paid,Maharashtra,Mumbai,1,PAL-M,Palazzo,Instagram
#2245,29/03/2024,899.00,paid,Gujarat,Surat,1,KUR-XL,Kurta,WhatsApp
#2245,29/03/2024,1899.00,paid,Gujarat,Surat,1,SAR-S,Saree,WhatsApp
#2246,06/03/2024,1899.00,paid,Maharashtra,Nagpur,1,SAR-S,Saree,WhatsApp
#2247,08/01/2024,1899.00,paid,West Bengal,Kolkata,1,SAR-L,Saree,Instagram
#2248,20/03/2024,899.00,paid,Telangana,Hyderabad,1,KUR-XL,Kurta,web
#2249,11/01/2024,699.00,paid,Tamil Nadu,Coimbatore,1,PAL-S,Palazzo,WhatsApp
#2250,17/02/2024,3798.00,paid,Kerala,Kochi,2,SAR-XL,Saree,Instagram
#2251,08/01/2024,2697.00,Cancelled,Maharashtra,Nagpur,3,KUR-S,Kurta,web
#2252,12/03/2024,1398.00,paid,Maharashtra,Mumbai,2,PAL-L,Palazzo,WhatsApp
#2253,27/03/2024,599.00,paid,Karnataka,Bengaluru,1,TOP-S,Top,WhatsApp
#2254,22/03/2024,449.00,paid,Maharashtra,Nagpur,1,DUP-XL,Dupatta,WhatsApp
#2255,22/03/2024,699.00,paid,Delhi,New Delhi,1,PAL-L,Palazzo,web
#2255,22/03/2024,449.00,paid,Delhi,New Delhi,1,DUP-XL,Dupatta,web
#2256,29/03/2024,1398.00,Cancelled,West Bengal,Kolkata,2,PAL-L,Palazzo,web
#2257,19/01/2024,599.00,paid,Maharashtra,Mumbai,1,TOP-XL,Top,WhatsApp
#2258,06/01/2024,898.00,paid,West Bengal,Kolkata,2,DUP-M,Dupatta,Instagram
#2259,11/01/2024,699.00,paid,Kerala,Kochi,1,PAL-L,Palazzo,Instagram
#2260,02/03/2024,699.00,paid,Rajasthan,Jaipur,1,PAL-M,Palazzo,web
#2261,02/01/2024,1347.00,Cancelled,Uttar Pradesh,Noida,3,DUP-L,Dupatta,WhatsApp
#2262,31/03/2024,1899.00,refunded,Rajasthan,Udaipur,1,SAR-XL,Saree,Instagram
#2262,31/03/2024,2697.00,refunded,Rajasthan,Udaipur,3,KUR-XL,Kurta,Instagram
#2262,31/03/2024,599.00,refunded,Rajasthan,Udaipur,1,TOP-M,Top,Instagram
#2263,04/01/2024,699.00,Cancelled,Tamil Nadu,Chennai,1,PAL-M,Palazzo,Instagram
#2264,18/03/2024,599.00,Cancelled,West Bengal,Kolkata,1,TOP-L,Top,web
#2265,05/01/2024,599.00,paid,Tamil Nadu,Chennai,1,TOP-L,Top,web
#2266,12/02/2024,1798.00,paid,Karnataka,Mysuru,2,KUR-XL,Kurta,web
#2266,12/02/2024,599.00,paid,Karnataka,Mysuru,1,TOP-XL,Top,web
#2267,08/03/2024,1899.00,Cancelled,Gujarat,Surat,1,SAR-XL,Saree,WhatsApp
#2267,08/03/2024,599.00,Cancelled,Gujarat,Surat,1,TOP-L,Top,WhatsApp
#2268,23/01/2024,1899.00,paid,Maharashtra,Mumbai,1,SAR-L,Saree,WhatsApp
#2269,02/01/2024,5697.00,Cancelled,Karnataka,Bengaluru,3,SAR-M,Saree,web
#2270,07/03/2024,899.00,refunded,Uttar Pradesh,Lucknow,1,KUR-XL,Kurta,web
#2271,12/03/2024,699.00,paid,Delhi,New Delhi,1,PAL-L,Palazzo,Instagram
#2271,12/03/2024,1899.00,paid,Delhi,New Delhi,1,SAR-M,Saree,Instagram
#2272,21/01/2024,599.00,paid,Uttar Pradesh,Noida,1,TOP-S,Top,Instagram
#2272,21/01/2024,899.00,paid,Uttar Pradesh,Noida,1,KUR-L,Kurta,Instagram
#2272,21/01/2024,699.00,paid,Uttar Pradesh,Noida,1,PAL-M,Palazzo,Instagram
#2273,05/01/2024,599.00,paid,West Bengal,Kolkata,1,TOP-L,Top,Instagram
#2273,05/01/2024,699.00,paid,West Bengal,Kolkata,1,PAL-M,Palazzo,Instagram
#2273,05/01/2024,449.00,paid,West Bengal,Kolkata,1,DUP-S,Dupatta,Instagram
#2274,16/03/2024,449.00,paid,Rajasthan,Jaipur,1,DUP-S,Dupatta,WhatsApp
#2274,16/03/2024,599.00,paid,Rajasthan,Jaipur,1,TOP-L,Top,WhatsApp
#2275,29/03/2024,699.00,paid,Maharashtra,Nagpur,1,PAL-L,Palazzo,Instagram
#2276,29/01/2024,1899.00,Cancelled,Maharashtra,Pune,1,SAR-L,Saree,web
#2277,16/03/2024,899.00,paid,Delhi,New Delhi,1,KUR-S,Kurta,Instagram
#2278,25/01/2024,1198.00,paid,Karnataka,Bengaluru,2,TOP-L,Top,web
#2278,25/01/2024,1899.00,paid,Karnataka,Bengaluru,1,SAR-M,Saree,web
#2278,25/01/2024,899.00,paid,Karnataka,Bengaluru,1,KUR-L,Kurta,web
#2279,18/02/2024,599.00,paid,West Bengal,Kolkata,1,TOP-M,Top,Instagram
#2279,18/02/2024,449.00,paid,West Bengal,Kolkata,1,DUP-S,Dupatta,Instagram
#2280,26/01/2024,599.00,paid,Delhi,New Delhi,1,TOP-L,Top,web
#2281,01/02/2024,449.00,refunded,Delhi,New Delhi,1,DUP-L,Dupatta,WhatsApp
#2281,01/02/2024,1198.00,refunded,Delhi,New Delhi,2,TOP-S,Top,WhatsApp
#2282,18/02/2024,449.00,paid,Karnataka,Bengaluru,1,DUP-L,Dupatta,web
#2282,18/02/2024,899.00,paid,Karnataka,Bengaluru,1,KUR-S,Kurta,web
#2283,11/02/2024,699.00,paid,Karnataka,Mysuru,1,PAL-M,Palazzo,WhatsApp
#2284,19/01/2024,599.00,paid,Rajasthan,Jaipur,1,TOP-XL,Top,web
#2284,19/01/2024,899.00,paid,Rajasthan,Jaipur,1,KUR-M,Kurta,web
#2285,07/03/2024,599.00,paid,Uttar Pradesh,Noida,1,TOP-M,Top,WhatsApp
#2286,18/01/2024,1899.00,paid,Delhi,New Delhi,1,SAR-M,Saree,Instagram
#2287,05/01/2024,699.00,Cancelled,Maharashtra,Nagpur,1,PAL-XL,Palazzo,web
#2288,23/01/2024,599.00,paid,Tamil Nadu,Chennai,1,TOP-S,Top,Instagram
#2289,26/03/2024,899.00,paid,Delhi,New Delhi,1,KUR-XL,Kurta,WhatsApp
#2290,20/02/2024,599.00,paid,Gujarat,Surat,1,TOP-XL,Top,web
#2290,20/02/2024,898.00,paid,Gujarat,Surat,2,DUP-L,Dupatta,web
#2291,08/03/2024,899.00,Cancelled,Tamil Nadu,Coimbatore,1,KUR-S,Kurta,Instagram
#2291,08/03/2024,599.00,Cancelled,Tamil Nadu,Coimbatore,1,TOP-M,Top,Instagram
#2292,13/03/2024,1899.00,paid,Gujarat,Surat,1,SAR-S,Saree,web
#2293,31/03/2024,699.00,refunded,Telangana,Hyderabad,1,PAL-M,Palazzo,Instagram
#2294,12/02/2024,899.00,paid,Delhi,New Delhi,1,KUR-S,Kurta,Instagram
#2294,12/02/2024,599.00,paid,Delhi,New Delhi,1,TOP-M,Top,Instagram
#2294,12/02/2024,699.00,paid,Delhi,New Delhi,1,PAL-L,Palazzo,Instagram
#2295,10/03/2024,599.00,paid,Kerala,Kochi,1,TOP-L,Top,WhatsApp
#2296,25/03/2024,449.00,paid,Karnataka,Bengaluru,1,DUP-S,Dupatta,Instagram
#2296,25/03/2024,899.00,paid,Karnataka,Bengaluru,1,KUR-XL,Kurta,Instagram
#2296,25/03/2024,1797.00,paid,Karnataka,Bengaluru,3,TOP-M,Top,Instagram
#2297,27/01/2024,599.00,paid,Uttar Pradesh,Noida,1,TOP-L,Top,Instagram
#2298,23/03/2024,449.00,paid,Uttar Pradesh,Noida,1,DUP-L,Dupatta,Instagram
#2298,23/03/2024,899.00,paid,Uttar Pradesh,Noida,1,KUR-L,Kurta,Instagram
#2299,24/02/2024,599.00,paid,Tamil Nadu,Coimbatore,1,TOP-L,Top,web
#2300,25/03/2024,599.00,paid,Delhi,New Delhi,1,TOP-XL,Top,WhatsApp
#2300,25/03/2024,1899.00,paid,Delhi,New Delhi,1,SAR-L,Saree,WhatsApp
#2301,21/03/2024,699.00,Cancelled,Maharashtra,Pune,1,PAL-M,Palazzo,Instagram
#2302,23/01/2024,899.00,paid,Telangana,Hyderabad,1,KUR-XL,Kurta,web
#2302,23/01/2024,599.00,paid,Telangana,Hyderabad,1,TOP-L,Top,web
#2303,24/03/2024,599.00,paid,West Bengal,Kolkata,1,TOP-XL,Top,WhatsApp
#2304,07/01/2024,1899.00,Cancelled,West Bengal,Kolkata,1,SAR-M,Saree,WhatsApp
#2305,27/01/2024,898.00,paid,Rajasthan,Jaipur,2,DUP-S,Dupatta,WhatsApp
#2306,13/02/2024,1198.00,paid,West Bengal,Kolkata,2,TOP-S,Top,WhatsApp
#2306,13/02/2024,449.00,paid,West Bengal,Kolkata,1,DUP-M,Dupatta,WhatsApp
#2307,11/03/2024,449.00,paid,Tamil Nadu,Chennai,1,DUP-S,Dupatta,web
#2308,30/03/2024,449.00,paid,Telangana,Hyderabad,1,DUP-M,Dupatta,Instagram
#2309,28/01/2024,899.00,paid,Karnataka,Bengaluru,1,KUR-S,Kurta,WhatsApp
#2310,05/02/2024,699.00,paid,Karnataka,Mysuru,1,PAL-S,Palazzo,WhatsApp
#2311,27/01/2024,449.00,paid,Gujarat,Surat,1,DUP-S,Dupatta,web
#2311,27/01/2024,699.00,paid,Gujarat,Surat,1,PAL-XL,Palazzo,web
#2311,27/01/2024,599.00,paid,Gujarat,Surat,1,TOP-S,Top,web
#2312,23/02/2024,699.00,refunded,Delhi,New Delhi,1,PAL-M,Palazzo,Instagram
#2313,01/01/2024,3798.00,paid,Karnataka,Mysuru,2,SAR-S,Saree,Instagram
#2313,01/01/2024,699.00,paid,Karnataka,Mysuru,1,PAL-M,Palazzo,Instagram
#2313,01/01/2024,899.00,paid,Karnataka,Mysuru,1,KUR-M,Kurta,Instagram
#2314,17/01/2024,899.00,paid,Rajasthan,Udaipur,1,KUR-XL,Kurta,web
#2314,17/01/2024,449.00,paid,Rajasthan,Udaipur,1,DUP-L,Dupatta,web
#2314,17/01/2024,599.00,paid,Rajasthan,Udaipur,1,TOP-XL,Top,web
#2315,29/02/2024,699.00,paid,Kerala,Kochi,1,PAL-S,Palazzo,web
#2316,16/01/2024,899.00,paid,Rajasthan,Jaipur,1,KUR-S,Kurta,Instagram
#2316,16/01/2024,699.00,paid,Rajasthan,Jaipur,1,PAL-XL,Palazzo,Instagram
#2317,18/02/2024,898.00,paid,Kerala,Kochi,2,DUP-XL,Dupatta,WhatsApp
#2318,13/02/2024,699.00,Cancelled,Gujarat,Surat,1,PAL-XL,Palazzo,Instagram
#2318,13/02/2024,1899.00,Cancelled,Gujarat,Surat,1,SAR-XL,Saree,Instagram
#2319,01/02/2024,449.00,paid,Uttar Pradesh,Lucknow,1,DUP-M,Dupatta,WhatsApp
#2320,27/01/2024,449.00,paid,Tamil Nadu,Chennai,1,DUP-L,Dupatta,WhatsApp
#2321,31/01/2024,699.00,paid,Delhi,New Delhi,1,PAL-M,Palazzo,Instagram
#2322,20/02/2024,599.00,paid,Kerala,Kochi,1,TOP-S,Top,web
#2322,20/02/2024,449.00,paid,Kerala,Kochi,1,DUP-S,Dupatta,web
#2322,20/02/2024,899.00,paid,Kerala,Kochi,1,KUR-XL,Kurta,web
#2323,02/03/2024,699.00,paid,Telangana,Hyderabad,1,PAL-M,Palazzo,WhatsApp
#2323,02/03/2024,899.00,paid,Telangana,Hyderabad,1,KUR-L,Kurta,WhatsApp
#2324,01/03/2024,449.00,paid,Uttar Pradesh,Noida,1,DUP-XL,Dupatta,Instagram
#2325,24/03/2024,699.00,paid,Telangana,Hyderabad,1,PAL-M,Palazzo,Instagram
#2325,24/03/2024,449.00,paid,Telangana,Hyderabad,1,DUP-XL,Dupatta,Instagram
#2326,18/02/2024,599.00,paid,West Bengal,Kolkata,1,TOP-L,Top,WhatsApp
#2326,18/02/2024,1899.00,paid,West Bengal,Kolkata,1,SAR-M,Saree,WhatsApp
#2327,14/01/2024,1347.00,paid,Delhi,New Delhi,3,DUP-S,Dupatta,web
#2328,15/03/2024,1899.00,paid,Maharashtra,Nagpur,1,SAR-S,Saree,web
#2328,15/03/2024,449.00,paid,Maharashtra,Nagpur,1,DUP-S,Dupatta,web
#2329,21/03/2024,898.00,paid,Kerala,Kochi,2,DUP-L,Dupatta,web
#2329,21/03/2024,699.00,paid,Kerala,Kochi,1,PAL-XL,Palazzo,web
#2330,31/01/2024,1198.00,paid,Maharashtra,Mumbai,2,TOP-M,Top,web
#2331,28/02/2024,699.00,refunded,Maharashtra,Nagpur,1,PAL-M,Palazzo,web
#2332,04/02/2024,599.00,paid,Gujarat,Surat,1,TOP-L,Top,Instagram
#2333,11/02/2024,699.00,paid,Kerala,Kochi,1,PAL-M,Palazzo,Instagram
#2334,11/01/2024,699.00,paid,Maharashtra,Nagpur,1,PAL-S,Palazzo,Instagram
#2335,31/03/2024,449.00,paid,West Bengal,Kolkata,1,DUP-M,Dupatta,Instagram
#2336,14/02/2024,599.00,paid,Maharashtra,Pune,1,TOP-S,Top,Instagram
#2337,30/03/2024,449.00,paid,Tamil Nadu,Chennai,1,DUP-L,Dupatta,web
#2338,20/01/2024,2097.00,paid,Uttar Pradesh,Lucknow,3,PAL-L,Palazzo,WhatsApp
#2339,01/02/2024,449.00,Cancelled,West Bengal,Kolkata,1,DUP-XL,Dupatta,WhatsApp
#2340,23/01/2024,899.00,paid,Tamil Nadu,Coimbatore,1,KUR-L,Kurta,web
#2340,23/01/2024,699.00,paid,Tamil Nadu,Coimbatore,1,PAL-XL,Palazzo,web
#2341,11/02/2024,599.00,Cancelled,Karnataka,Mysuru,1,TOP-M,Top,WhatsApp
#2342,12/02/2024,449.00,paid,Gujarat,Surat,1,DUP-XL,Dupatta,Instagram
#2343,19/02/2024,699.00,paid,Kerala,Kochi,1,PAL-M,Palazzo,Instagram
#2344,17/02/2024,449.00,paid,Karnataka,Bengaluru,1,DUP-L,Dupatta,web
#2345,09/02/2024,899.00,Cancelled,Rajasthan,Jaipur,1,KUR-XL,Kurta,web
#2346,16/02/2024,1398.00,paid,Maharashtra,Mumbai,2,PAL-L,Palazzo,Instagram
#2347,03/03/2024,1798.00,paid,Maharashtra,Nagpur,2,KUR-S,Kurta,Instagram
#2347,03/03/2024,1899.00,paid,Maharashtra,Nagpur,1,SAR-XL,Saree,Instagram
#2348,24/01/2024,449.00,Cancelled,Delhi,New Delhi,1,DUP-S,Dupatta,web
#2349,18/01/2024,1797.00,paid,Tamil Nadu,Coimbatore,3,TOP-S,Top,web
#2350,02/03/2024,699.00,paid,Maharashtra,Pune,1,PAL-M,Palazzo,Instagram
#2351,20/03/2024,699.00,paid,West Bengal,Kolkata,1,PAL-XL,Palazzo,web
#2352,19/02/2024,899.00,pending,Tamil Nadu,Chennai,1,KUR-L,Kurta,WhatsApp
#2353,05/03/2024,1899.00,paid,Karnataka,Bengaluru,1,SAR-S,Saree,Instagram
#2354,12/01/2024,449.00,paid,Maharashtra,Nagpur,1,DUP-S,Dupatta,web
#2355,13/02/2024,699.00,paid,Delhi,New Delhi,1,PAL-L,Palazzo,WhatsApp
#2355,13/02/2024,899.00,paid,Delhi,New Delhi,1,KUR-XL,Kurta,WhatsApp
#2356,27/03/2024,599.00,paid,Telangana,Hyderabad,1,TOP-L,Top,WhatsApp
#2357,03/03/2024,1198.00,refunded,Karnataka,Mysuru,2,TOP-M,Top,web
#2358,05/02/2024,699.00,paid,Rajasthan,Jaipur,1,PAL-XL,Palazzo,WhatsApp
#2359,08/02/2024,1899.00,paid,Maharashtra,Mumbai,1,SAR-L,Saree,web
#2360,23/01/2024,599.00,paid,Rajasthan,Jaipur,1,TOP-S,Top,Instagram
#2360,23/01/2024,699.00,paid,Rajasthan,Jaipur,1,PAL-S,Palazzo,Instagram
#2361,28/01/2024,599.00,paid,Telangana,Hyderabad,1,TOP-L,Top,Instagram
#2362,02/01/2024,599.00,paid,West Bengal,Kolkata,1,TOP-S,Top,Instagram
#2362,02/01/2024,449.00,paid,West Bengal,Kolkata,1,DUP-M,Dupatta,Instagram
#2363,11/01/2024,1398.00,paid,Maharashtra,Mumbai,2,PAL-L,Palazzo,Instagram
#2364,02/02/2024,449.00,paid,Maharashtra,Nagpur,1,DUP-XL,Dupatta,WhatsApp
#2365,26/03/2024,899.00,paid,Tamil Nadu,Chennai,1,KUR-M,Kurta,web
#2366,03/02/2024,898.00,pending,Maharashtra,Nagpur,2,DUP-S,Dupatta,WhatsApp
#2367,24/01/2024,3798.00,paid,Delhi,New Delhi,2,SAR-L,Saree,Instagram
#2368,20/01/2024,1798.00,paid,Karnataka,Bengaluru,2,KUR-M,Kurta,web
#2369,04/02/2024,449.00,Cancelled,West Bengal,Kolkata,1,DUP-M,Dupatta,WhatsApp
#2369,04/02/2024,1899.00,Cancelled,West Bengal,Kolkata,1,SAR-M,Saree,WhatsApp
#2370,31/03/2024,599.00,pending,Delhi,New Delhi,1,TOP-L,Top,web
#2371,19/03/2024,1797.00,Cancelled,Uttar Pradesh,Lucknow,3,TOP-XL,Top,Instagram
#2372,07/01/2024,699.00,paid,Karnataka,Bengaluru,1,PAL-XL,Palazzo,web
#2372,07/01/2024,599.00,paid,Karnataka,Bengaluru,1,TOP-XL,Top,web
#2372,07/01/2024,1899.00,paid,Karnataka,Bengaluru,1,SAR-XL,Saree,web
#2373,28/01/2024,899.00,paid,Delhi,New Delhi,1,KUR-XL,Kurta,Instagram
#2373,28/01/2024,599.00,paid,Delhi,New Delhi,1,TOP-XL,Top,Instagram
#2373,28/01/2024,1899.00,paid,Delhi,New Delhi,1,SAR-M,Saree,Instagram
#2374,06/03/2024,699.00,pending,Delhi,New Delhi,1,PAL-L,Palazzo,Instagram
#2374,06/03/2024,1798.00,pending,Delhi,New Delhi,2,KUR-S,Kurta,Instagram
#2375,07/03/2024,599.00,Cancelled,Gujarat,Surat,1,TOP-XL,Top,web
#2376,22/02/2024,1899.00,paid,Uttar Pradesh,Noida,1,SAR-L,Saree,web
#2377,11/01/2024,1198.00,Cancelled,Rajasthan,Jaipur,2,TOP-M,Top,Instagram
#2378,26/02/2024,599.00,paid,Karnataka,Bengaluru,1,TOP-S,Top,Instagram
#2379,29/01/2024,1899.00,Cancelled,Karnataka,Bengaluru,1,SAR-L,Saree,Instagram
#2379,29/01/2024,599.00,Cancelled,Karnataka,Bengaluru,1,TOP-M,Top,Instagram
#2380,05/01/2024,699.00,Cancelled,Rajasthan,Udaipur,1,PAL-XL,Palazzo,web
#2381,02/01/2024,699.00,paid,Maharashtra,Nagpur,1,PAL-S,Palazzo,Instagram
#2382,17/02/2024,1899.00,paid,Uttar Pradesh,Noida,1,SAR-M,Saree,WhatsApp
#2382,17/02/2024,599.00,paid,Uttar Pradesh,Noida,1,TOP-L,Top,WhatsApp
#2383,04/01/2024,599.00,paid,Maharashtra,Mumbai,1,TOP-M,Top,WhatsApp
#2384,15/03/2024,1899.00,Cancelled,Uttar Pradesh,Lucknow,1,SAR-XL,Saree,Instagram
#2385,03/01/2024,899.00,paid,Delhi,New Delhi,1,KUR-M,Kurta,web
#2386,27/03/2024,449.00,paid,Kerala,Kochi,1,DUP-L,Dupatta,Instagram
#2387,20/01/2024,899.00,paid,Uttar Pradesh,Noida,1,KUR-XL,Kurta,WhatsApp
#2388,26/03/2024,599.00,Cancelled,Gujarat,Surat,1,TOP-L,Top,Instagram
#2389,10/03/2024,3798.00,paid,Maharashtra,Mumbai,2,SAR-M,Saree,Instagram
#2390,18/02/2024,1899.00,refunded,Rajasthan,Jaipur,1,SAR-S,Saree,Instagram
#2390,18/02/2024,699.00,refunded,Rajasthan,Jaipur,1,PAL-XL,Palazzo,Instagram
#2391,27/02/2024,1899.00,paid,Karnataka,Mysuru,1,SAR-M,Saree,WhatsApp
#2392,07/03/2024,599.00,paid,Telangana,Hyderabad,1,TOP-XL,Top,web
#2392,07/03/2024,899.00,paid,Telangana,Hyderabad,1,KUR-L,Kurta,web
#2393,31/01/2024,449.00,refunded,Uttar Pradesh,Lucknow,1,DUP-M,Dupatta,Instagram
#2393,31/01/2024,599.00,refunded,Uttar Pradesh,Lucknow,1,TOP-L,Top,Instagram
#2393,31/01/2024,1899.00,refunded,Uttar Pradesh,Lucknow,1,SAR-L,Saree,Instagram
#2394,22/01/2024,449.00,pending,Karnataka,Bengaluru,1,DUP-L,Dupatta,web
#2395,05/02/2024,449.00,paid,Karnataka,Mysuru,1,DUP-S,Dupatta,Instagram
#2396,18/02/2024,599.00,paid,Delhi,New Delhi,1,TOP-M,Top,web
#2396,18/02/2024,899.00,paid,Delhi,New Delhi,1,KUR-M,Kurta,web
#2397,21/02/2024,2697.00,paid,Tamil Nadu,Coimbatore,3,KUR-M,Kurta,WhatsApp
#2398,15/02/2024,3798.00,paid,Delhi,New Delhi,2,SAR-M,Saree,Instagram
#2399,04/03/2024,899.00,paid,Delhi,New Delhi,1,KUR-XL,Kurta,web
#2400,02/03/2024,1899.00,refunded,Maharashtra,Nagpur,1,SAR-XL,Saree,web
#2400,02/03/2024,699.00,refunded,Maharashtra,Nagpur,1,PAL-S,Palazzo,web
#2401,28/01/2024,3798.00,paid,Rajasthan,Jaipur,2,SAR-M,Saree,web
#2401,28/01/2024,699.00,paid,Rajasthan,Jaipur,1,PAL-XL,Palazzo,web
#2402,13/03/2024,1899.00,refunded,Maharashtra,Mumbai,1,SAR-XL,Saree,WhatsApp
#2403,22/03/2024,899.00,paid,Delhi,New Delhi,1,KUR-S,Kurta,web
#2404,06/03/2024,899.00,paid,Maharashtra,Nagpur,1,KUR-S,Kurta,Instagram
#2405,08/03/2024,449.00,paid,Maharashtra,Pune,1,DUP-L,Dupatta,Instagram
#2406,25/03/2024,1899.00,paid,Rajasthan,Udaipur,1,SAR-S,Saree,web
#2406,25/03/2024,599.00,paid,Rajasthan,Udaipur,1,TOP-M,Top,web
#2407,16/03/2024,599.00,Cancelled,Kerala,Kochi,1,TOP-L,Top,web
#2408,16/02/2024,699.00,paid,West Bengal,Kolkata,1,PAL-XL,Palazzo,Instagram
#2409,17/01/2024,898.00,paid,West Bengal,Kolkata,2,DUP-S,Dupatta,web
#2410,29/02/2024,2097.00,paid,Tamil Nadu,Chennai,3,PAL-M,Palazzo,web
#2411,11/03/2024,1899.00,paid,Karnataka,Bengaluru,1,SAR-L,Saree,WhatsApp
#2412,14/02/2024,699.00,paid,Telangana,Hyderabad,1,PAL-XL,Palazzo,WhatsApp
#2413,30/01/2024,1899.00,pending,West Bengal,Kolkata,1,SAR-S,Saree,web
#2413,30/01/2024,449.00,pending,West Bengal,Kolkata,1,DUP-S,Dupatta,web
#2414,18/03/2024,599.00,paid,Gujarat,Surat,1,TOP-M,Top,web
#2414,18/03/2024,898.00,paid,Gujarat,Surat,2,DUP-S,Dupatta,web
#2415,09/01/2024,1798.00,paid,Karnataka,Bengaluru,2,KUR-M,Kurta,web
#2415,09/01/2024,699.00,paid,Karnataka,Bengaluru,1,PAL-L,Palazzo,web
#2415,09/01/2024,1899.00,paid,Karnataka,Bengaluru,1,SAR-S,Saree,web
#2416,25/03/2024,1398.00,paid,Delhi,New Delhi,2,PAL-S,Palazzo,Instagram
#2417,27/01/2024,599.00,paid,Maharashtra,Pune,1,TOP-M,Top,WhatsApp
#2418,14/02/2024,1398.00,Cancelled,Rajasthan,Udaipur,2,PAL-M,Palazzo,WhatsApp
#2419,08/03/2024,449.00,paid,Delhi,New Delhi,1,DUP-XL,Dupatta,web
#2419,08/03/2024,899.00,paid,Delhi,New Delhi,1,KUR-S,Kurta,web
#2420,25/02/2024,3798.00,paid,Rajasthan,Jaipur,2,SAR-L,Saree,Instagram
#2421,23/02/2024,449.00,paid,Maharashtra,Pune,1,DUP-XL,Dupatta,web
#2422,29/01/2024,599.00,paid,Uttar Pradesh,Noida,1,TOP-L,Top,Instagram
#2423,04/03/2024,449.00,paid,Tamil Nadu,Coimbatore,1,DUP-XL,Dupatta,WhatsApp
#2424,13/02/2024,699.00,paid,Karnataka,Mysuru,1,PAL-XL,Palazzo,web
#2425,14/01/2024,699.00,paid,Uttar Pradesh,Lucknow,1,PAL-XL,Palazzo,WhatsApp
#2426,18/03/2024,3798.00,paid,West Bengal,Kolkata,2,SAR-L,Saree,Instagram
#2427,05/01/2024,1798.00,paid,Delhi,New Delhi,2,KUR-XL,Kurta,Instagram
#2428,09/01/2024,599.00,paid,Maharashtra,Pune,1,TOP-L,Top,Instagram
#2429,24/02/2024,699.00,refunded,West Bengal,Kolkata,1,PAL-L,Palazzo,WhatsApp
#2429,24/02/2024,1198.00,refunded,West Bengal,Kolkata,2,TOP-L,Top,WhatsApp
#2430,08/02/2024,1899.00,paid,Uttar Pradesh,Lucknow,1,SAR-L,Saree,WhatsApp
#2431,14/01/2024,1798.00,paid,West Bengal,Kolkata,2,KUR-S,Kurta,WhatsApp
#2432,14/01/2024,599.00,Cancelled,Gujarat,Ahmedabad,1,TOP-S,Top,web
#2433,02/01/2024,699.00,paid,West Bengal,Kolkata,1,PAL-XL,Palazzo,Instagram
#2434,02/01/2024,449.00,paid,Rajasthan,Udaipur,1,DUP-M,Dupatta,Instagram
#2435,09/01/2024,1899.00,paid,Maharashtra,Nagpur,1,SAR-M,Saree,web
#2436,20/01/2024,449.00,Cancelled,Uttar Pradesh,Lucknow,1,DUP-M,Dupatta,Instagram
#2437,17/03/2024,1398.00,refunded,Kerala,Kochi,2,PAL-XL,Palazzo,web
#2438,01/02/2024,1899.00,paid,West Bengal,Kolkata,1,SAR-XL,Saree,Instagram
#2439,03/03/2024,1798.00,paid,Maharashtra,Pune,2,KUR-XL,Kurta,Instagram
#2440,29/01/2024,449.00,Cancelled,Maharashtra,Pune,1,DUP-L,Dupatta,web
#2441,03/01/2024,899.00,paid,Rajasthan,Udaipur,1,KUR-S,Kurta,Instagram
#2442,16/03/2024,899.00,paid,Karnataka,Mysuru,1,KUR-M,Kurta,Instagram
#2443,01/01/2024,699.00,paid,Maharashtra,Nagpur,1,PAL-S,Palazzo,Instagram
#2444,21/01/2024,1398.00,paid,Karnataka,Mysuru,2,PAL-XL,Palazzo,web
#2445,04/01/2024,449.00,refunded,Tamil Nadu,Coimbatore,1,DUP-S,Dupatta,web
#2445,04/01/2024,599.00,refunded,Tamil Nadu,Coimbatore,1,TOP-L,Top,web
#2446,20/02/2024,899.00,paid,Kerala,Kochi,1,KUR-XL,Kurta,web
#2447,22/01/2024,3798.00,paid,Rajasthan,Jaipur,2,SAR-XL,Saree,Instagram
#2448,20/03/2024,599.00,paid,Rajasthan,Udaipur,1,TOP-XL,Top,Instagram
#2449,28/02/2024,599.00,paid,Telangana,Hyderabad,1,TOP-L,Top,web
#2449,28/02/2024,899.00,paid,Telangana,Hyderabad,1,KUR-M,Kurta,web
#2449,28/02/2024,1899.00,paid,Telangana,Hyderabad,1,SAR-L,Saree,web
#2450,25/01/2024,599.00,Cancelled,West Bengal,Kolkata,1,TOP-L,Top,Instagram
#2451,25/01/2024,3798.00,paid,Telangana,Hyderabad,2,SAR-L,Saree,WhatsApp
#2452,15/03/2024,449.00,pending,Gujarat,Ahmedabad,1,DUP-XL,Dupatta,WhatsApp
#2453,20/01/2024,1899.00,paid,Maharashtra,Pune,1,SAR-XL,Saree,WhatsApp
#2453,20/01/2024,599.00,paid,Maharashtra,Pune,1,TOP-XL,Top,WhatsApp
#2454,30/01/2024,449.00,paid,Tamil Nadu,Chennai,1,DUP-L,Dupatta,WhatsApp
#2455,15/03/2024,599.00,Cancelled,Karnataka,Bengaluru,1,TOP-L,Top,WhatsApp
#2456,22/01/2024,699.00,paid,Maharashtra,Mumbai,1,PAL-M,Palazzo,Instagram
#2457,10/03/2024,449.00,paid,Delhi,New Delhi,1,DUP-S,Dupatta,web
#2458,22/03/2024,699.00,paid,West Bengal,Kolkata,1,PAL-L,Palazzo,WhatsApp
#2458,22/03/2024,449.00,paid,West Bengal,Kolkata,1,DUP-M,Dupatta,WhatsApp
#2459,16/02/2024,1798.00,refunded,Uttar Pradesh,Noida,2,KUR-S,Kurta,web
#2459,16/02/2024,5697.00,refunded,Uttar Pradesh,Noida,3,SAR-L,Saree,web
#2460,04/03/2024,1347.00,pending,Delhi,New Delhi,3,DUP-L,Dupatta,Instagram
#2461,19/02/2024,599.00,refunded,Telangana,Hyderabad,1,TOP-XL,Top,web
#2462,12/03/2024,1798.00,paid,Telangana,Hyderabad,2,KUR-S,Kurta,web
#2463,20/01/2024,449.00,paid,Tamil Nadu,Chennai,1,DUP-S,Dupatta,Instagram
#2463,20/01/2024,599.00,paid,Tamil Nadu,Chennai,1,TOP-L,Top,Instagram
#2463,20/01/2024,699.00,paid,Tamil Nadu,Chennai,1,PAL-M,Palazzo,Instagram
#2464,22/03/2024,599.00,paid,Gujarat,Surat,1,TOP-S,Top,WhatsApp
#2465,16/01/2024,898.00,paid,Tamil Nadu,Chennai,2,DUP-XL,Dupatta,Instagram
#2466,13/03/2024,1899.00,paid,Maharashtra,Mumbai,1,SAR-S,Saree,WhatsApp
#2466,13/03/2024,599.00,paid,Maharashtra,Mumbai,1,TOP-XL,Top,WhatsApp
#2467,23/02/2024,1899.00,refunded,Uttar Pradesh,Noida,1,SAR-XL,Saree,web
#2468,03/03/2024,1899.00,Cancelled,Maharashtra,Pune,1,SAR-XL,Saree,WhatsApp
#2469,31/03/2024,699.00,paid,Telangana,Hyderabad,1,PAL-L,Palazzo,WhatsApp
#2469,31/03/2024,449.00,paid,Telangana,Hyderabad,1,DUP-L,Dupatta,WhatsApp
#2469,31/03/2024,599.00,paid,Telangana,Hyderabad,1,TOP-M,Top,WhatsApp
#2470,15/02/2024,599.00,paid,Maharashtra,Mumbai,1,TOP-S,Top,Instagram
#2471,08/02/2024,599.00,paid,Rajasthan,Jaipur,1,TOP-XL,Top,Instagram
#2472,08/01/2024,899.00,paid,Gujarat,Ahmedabad,1,KUR-XL,Kurta,Instagram
#2473,18/01/2024,449.00,pending,Gujarat,Ahmedabad,1,DUP-M,Dupatta,Instagram
#2474,27/03/2024,899.00,paid,Telangana,Hyderabad,1,KUR-M,Kurta,WhatsApp
#2474,27/03/2024,1899.00,paid,Telangana,Hyderabad,1,SAR-XL,Saree,WhatsApp
#2475,23/02/2024,699.00,paid,Telangana,Hyderabad,1,PAL-XL,Palazzo,Instagram
#2476,18/03/2024,1899.00,paid,Delhi,New Delhi,1,SAR-XL,Saree,web
#2477,28/03/2024,449.00,paid,Maharashtra,Mumbai,1,DUP-S,Dupatta,Instagram
#2478,09/01/2024,1398.00,paid,Maharashtra,Pune,2,PAL-L,Palazzo,WhatsApp
#2478,09/01/2024,899.00,paid,Maharashtra,Pune,1,KUR-L,Kurta,WhatsApp
#2479,05/01/2024,3798.00,paid,Karnataka,Bengaluru,2,SAR-M,Saree,WhatsApp
#2480,28/02/2024,699.00,paid,Maharashtra,Pune,1,PAL-L,Palazzo,web
#2480,28/02/2024,899.00,paid,Maharashtra,Pune,1,KUR-M,Kurta,web
#2481,31/03/2024,699.00,Cancelled,Gujarat,Ahmedabad,1,PAL-M,Palazzo,web
#2482,06/03/2024,699.00,paid,Karnataka,Mysuru,1,PAL-L,Palazzo,web
#2483,07/03/2024,699.00,paid,Karnataka,Mysuru,1,PAL-M,Palazzo,Instagram
#2483,07/03/2024,449.00,paid,Karnataka,Mysuru,1,DUP-M,Dupatta,Instagram
#2483,07/03/2024,3798.00,paid,Karnataka,Mysuru,2,SAR-L,Saree,Instagram
#2484,12/02/2024,449.00,paid,Uttar Pradesh,Lucknow,1,DUP-XL,Dupatta,WhatsApp
#2485,04/03/2024,1347.00,paid,Tamil Nadu,Chennai,3,DUP-L,Dupatta,Instagram
#2485,04/03/2024,699.00,paid,Tamil Nadu,Chennai,1,PAL-L,Palazzo,Instagram
#2486,12/02/2024,449.00,paid,Maharashtra,Nagpur,1,DUP-S,Dupatta,WhatsApp
#2487,02/01/2024,449.00,Cancelled,Maharashtra,Nagpur,1,DUP-S,Dupatta,Instagram
#2488,26/02/2024,1198.00,paid,Kerala,Kochi,2,TOP-L,Top,web
#2488,26/02/2024,898.00,paid,Kerala,Kochi,2,DUP-M,Dupatta,web
#2488,26/02/2024,699.00,paid,Kerala,Kochi,1,PAL-M,Palazzo,web
#2489,26/03/2024,1198.00,paid,Gujarat,Ahmedabad,2,TOP-L,Top,WhatsApp
#2490,23/01/2024,1899.00,paid,Karnataka,Bengaluru,1,SAR-XL,Saree,web
#2490,23/01/2024,899.00,paid,Karnataka,Bengaluru,1,KUR-L,Kurta,web
#2491,05/01/2024,449.00,paid,Delhi,New Delhi,1,DUP-M,Dupatta,Instagram
#2492,11/02/2024,699.00,paid,Tamil Nadu,Coimbatore,1,PAL-XL,Palazzo,web
#2492,11/02/2024,599.00,paid,Tamil Nadu,Coimbatore,1,TOP-XL,Top,web
#2493,28/02/2024,1899.00,paid,Rajasthan,Udaipur,1,SAR-L,Saree,Instagram
#2494,13/02/2024,1899.00,paid,Delhi,New Delhi,1,SAR-XL,Saree,Instagram
#2495,01/02/2024,449.00,paid,Delhi,New Delhi,1,DUP-L,Dupatta,Instagram
#2496,26/02/2024,1899.00,paid,West Bengal,Kolkata,1,SAR-M,Saree,WhatsApp
#2497,02/03/2024,1899.00,paid,West Bengal,Kolkata,1,SAR-M,Saree,WhatsApp
#2498,29/03/2024,599.00,Cancelled,Maharashtra,Nagpur,1,TOP-L,Top,WhatsApp
#2499,04/01/2024,599.00,paid,West Bengal,Kolkata,1,TOP-S,Top,WhatsApp
#2499,04/01/2024,449.00,paid,West Bengal,Kolkata,1,DUP-M,Dupatta,WhatsApp
#2500,29/03/2024,899.00,paid,Maharashtra,Nagpur,1,KUR-M,Kurta,web
